Player ID,Name,Last_Name,Team,Position,Cost_Today,GW Points,Minutes,KO_time,Goals,Assists,Clean Sheets,Goals Conceded,Penalties Saved,Penalties Missed,YC,RC,Saves,Total Bonus Points,Total BPS,Influence,Creativity,Threat,ICT Index,xG,xA,xGi,xGc,Transfers In GW,Transfers Out GW,Gameweek,Opponent,Difficulty
1,Fábio,Fábio Vieira,Arsenal,MID,54,0,0,2024-11-30T17:30:00Z,0,0,0,0,0,0,0,0,0,0,0,0.0,0.0,0.0,0.0,0.00,0.00,0.00,0.00,0,7,13,WHU (A),2
2,Gabriel,G.Jesus,Arsenal,FWD,68,1,16,2024-11-30T17:30:00Z,0,0,0,0,0,0,0,0,0,0,2,0.0,0.7,6.0,0.7,0.05,0.00,0.05,0.74,1427,2426,13,WHU (A),2
3,Gabriel,Gabriel,Arsenal,DEF,62,9,45,2024-11-30T17:30:00Z,1,1,0,2,0,0,0,0,0,0,20,42.2,0.7,35.0,7.8,0.20,0.00,0.20,0.70,193071,75444,13,WHU (A),2
4,Kai,Havertz,Arsenal,FWD,79,6,90,2024-11-30T17:30:00Z,1,0,0,2,0,0,0,0,0,0,28,31.4,4.7,24.0,6.0,0.66,0.01,0.67,1.54,20558,124455,13,WHU (A),2
5,Karl,Hein,Arsenal,GK,40,0,0,2024-11-30T17:30:00Z,0,0,0,0,0,0,0,0,0,0,0,0.0,0.0,0.0,0.0,0.00,0.00,0.00,0.00,0,91,13,WHU (A),2
6,Jurriën,J.Timber,Arsenal,DEF,55,1,90,2024-11-30T17:30:00Z,0,0,0,2,0,0,0,0,0,0,5,10.6,1.8,44.0,5.6,0.10,0.01,0.11,1.54,97434,8193,13,WHU (A),2
7,Jorge Luiz,Jorginho,Arsenal,MID,47,2,90,2024-11-30T17:30:00Z,0,0,0,2,0,0,0,0,0,0,15,12.2,3.6,2.0,1.8,0.00,0.01,0.01,1.54,456,860,13,WHU (A),2
8,Jakub,Kiwior,Arsenal,DEF,48,1,45,2024-11-30T17:30:00Z,0,0,0,0,0,0,0,0,0,0,3,10.0,0.0,0.0,1.0,0.00,0.00,0.00,0.84,255,488,13,WHU (A),2
9,Gabriel,Martinelli,Arsenal,MID,69,0,0,2024-11-30T17:30:00Z,0,0,0,0,0,0,0,0,0,0,0,0.0,0.0,0.0,0.0,0.00,0.00,0.00,0.00,15443,58373,13,WHU (A),2
12,Ethan,Nwaneri,Arsenal,MID,45,1,5,2024-11-30T17:30:00Z,0,0,0,0,0,0,0,0,0,0,3,0.4,0.0,0.0,0.0,0.00,0.00,0.00,0.48,10796,2531,13,WHU (A),2
13,Martin,Ødegaard,Arsenal,MID,82,8,73,2024-11-30T17:30:00Z,1,0,0,2,0,0,0,0,0,1,38,45.8,23.8,24.0,9.4,0.82,0.33,1.15,0.80,82536,13037,13,WHU (A),2
15,David,Raya,Arsenal,GK,55,2,90,2024-11-30T17:30:00Z,0,0,0,2,0,0,0,0,3,0,6,23.8,0.0,0.0,2.4,0.00,0.00,0.00,1.54,86135,35915,13,WHU (A),2
16,Declan,Rice,Arsenal,MID,62,2,90,2024-11-30T17:30:00Z,0,0,0,2,0,0,0,0,0,0,14,16.8,39.9,2.0,5.9,0.00,0.12,0.12,1.54,4103,7989,13,WHU (A),2
17,Bukayo,Saka,Arsenal,MID,102,18,73,2024-11-30T17:30:00Z,1,3,0,2,0,0,1,0,0,3,57,70.4,64.0,40.0,17.4,0.87,1.11,1.98,0.80,722096,20305,13,WHU (A),2
18,William,Saliba,Arsenal,DEF,60,1,90,2024-11-30T17:30:00Z,0,0,0,2,0,0,0,0,0,0,6,18.6,1.0,0.0,2.0,0.00,0.01,0.01,1.54,112154,28339,13,WHU (A),2
20,Thomas,Thomas,Arsenal,MID,50,0,0,2024-11-30T17:30:00Z,0,0,0,0,0,0,0,0,0,0,0,0.0,0.0,0.0,0.0,0.00,0.00,0.00,0.00,8674,4794,13,WHU (A),2
21,Kieran,Tierney,Arsenal,DEF,43,0,0,2024-11-30T17:30:00Z,0,0,0,0,0,0,0,0,0,0,0,0.0,0.0,0.0,0.0,0.00,0.00,0.00,0.00,128,80,13,WHU (A),2
22,Tomiyasu,Tomiyasu,Arsenal,DEF,48,0,0,2024-11-30T17:30:00Z,0,0,0,0,0,0,0,0,0,0,0,0.0,0.0,0.0,0.0,0.00,0.00,0.00,0.00,31,79,13,WHU (A),2
23,Leandro,Trossard,Arsenal,MID,68,12,84,2024-11-30T17:30:00Z,1,1,0,2,0,0,0,0,0,2,40,55.8,29.3,39.0,12.4,0.69,0.23,0.92,1.06,3336,12481,13,WHU (A),2
24,Benjamin,White,Arsenal,DEF,62,0,0,2024-11-30T17:30:00Z,0,0,0,0,0,0,0,0,0,0,0,0.0,0.0,0.0,0.0,0.00,0.00,0.00,0.00,171,46169,13,WHU (A),2
25,Oleksandr,Zinchenko,Arsenal,DEF,48,1,34,2024-11-30T17:30:00Z,0,0,0,0,0,0,0,0,0,0,8,7.0,12.6,4.0,2.4,0.00,0.02,0.02,0.74,1086,1893,13,WHU (A),2
73,Norberto,Neto,Arsenal,GK,43,0,0,2024-11-30T17:30:00Z,0,0,0,0,0,0,0,0,0,0,0,0.0,0.0,0.0,0.0,0.00,0.00,0.00,0.00,332,3254,13,WHU (A),2
186,Raheem,Sterling,Arsenal,MID,67,1,16,2024-11-30T17:30:00Z,0,0,0,0,0,0,0,0,0,0,0,0.0,11.1,5.0,1.4,0.18,0.01,0.19,0.74,538,1211,13,WHU (A),2
578,Riccardo,Calafiori,Arsenal,DEF,58,0,55,2024-11-30T17:30:00Z,0,0,0,2,0,0,0,0,0,0,-6,8.4,1.8,9.0,1.9,0.05,0.01,0.06,0.80,16093,2637,13,WHU (A),2
597,Myles,Lewis-Skelly,Arsenal,MID,45,0,0,2024-11-30T17:30:00Z,0,0,0,0,0,0,0,0,0,0,0,0.0,0.0,0.0,0.0,0.00,0.00,0.00,0.00,176,367,13,WHU (A),2
633,Mikel,Merino,Arsenal,MID,60,0,0,2024-11-30T17:30:00Z,0,0,0,0,0,0,0,0,0,0,0,0.0,0.0,0.0,0.0,0.00,0.00,0.00,0.00,1365,1563,13,WHU (A),2
638,Salah-Eddine,Oulad M'hand,Arsenal,MID,45,0,0,2024-11-30T17:30:00Z,0,0,0,0,0,0,0,0,0,0,0,0.0,0.0,0.0,0.0,0.00,0.00,0.00,0.00,50,76,13,WHU (A),2
639,Tommy,Setford,Arsenal,GK,45,0,0,2024-11-30T17:30:00Z,0,0,0,0,0,0,0,0,0,0,0,0.0,0.0,0.0,0.0,0.00,0.00,0.00,0.00,99,149,13,WHU (A),2
657,Maldini,Kacurri,Arsenal,DEF,40,0,0,2024-11-30T17:30:00Z,0,0,0,0,0,0,0,0,0,0,0,0.0,0.0,0.0,0.0,0.00,0.00,0.00,0.00,276,368,13,WHU (A),2
658,Ayden,Heaven,Arsenal,DEF,40,0,0,2024-11-30T17:30:00Z,0,0,0,0,0,0,0,0,0,0,0,0.0,0.0,0.0,0.0,0.00,0.00,0.00,0.00,190,245,13,WHU (A),2
659,Ismeal,Kabia,Arsenal,MID,45,0,0,2024-11-30T17:30:00Z,0,0,0,0,0,0,0,0,0,0,0,0.0,0.0,0.0,0.0,0.00,0.00,0.00,0.00,74,108,13,WHU (A),2
662,Josh,Nichols,Arsenal,DEF,40,0,0,2024-11-30T17:30:00Z,0,0,0,0,0,0,0,0,0,0,0,0.0,0.0,0.0,0.0,0.00,0.00,0.00,0.00,159,184,13,WHU (A),2
28,Leon,Bailey,Aston Villa,MID,63,1,24,2024-12-01T13:30:00Z,0,0,0,1,0,0,0,0,0,0,2,0.2,0.3,4.0,0.5,0.00,0.00,0.00,0.67,1464,5944,13,CHE (A),4
29,Ross,Barkley,Aston Villa,MID,52,1,28,2024-12-01T13:30:00Z,0,0,0,1,0,0,0,0,0,0,4,1.0,1.0,5.0,0.7,0.05,0.00,0.05,0.67,2353,677,13,CHE (A),4
30,Enzo,Barrenechea,Aston Villa,MID,49,0,0,2024-12-01T13:30:00Z,0,0,0,0,0,0,0,0,0,0,0,0.0,0.0,0.0,0.0,0.00,0.00,0.00,0.00,0,23,13,CHE (A),4
31,Emiliano,Buendia,Aston Villa,MID,52,1,6,2024-12-01T13:30:00Z,0,0,0,0,0,0,0,0,0,0,6,2.4,0.3,0.0,0.3,0.00,0.00,0.00,0.64,71,321,13,CHE (A),4
32,Matty,Cash,Aston Villa,DEF,44,0,90,2024-12-01T13:30:00Z,0,0,0,3,0,0,1,0,0,0,-7,13.0,0.2,2.0,1.5,0.00,0.00,0.00,1.61,2604,4369,13,CHE (A),4
33,Leander,Dendoncker,Aston Villa,MID,45,0,0,2024-12-01T13:30:00Z,0,0,0,0,0,0,0,0,0,0,0,0.0,0.0,0.0,0.0,0.00,0.00,0.00,0.00,0,1037,13,CHE (A),4
34,Moussa,Diaby,Aston Villa,MID,65,0,0,2024-12-01T13:30:00Z,0,0,0,0,0,0,0,0,0,0,0,0.0,0.0,0.0,0.0,0.00,0.00,0.00,0.00,0,11,13,CHE (A),4
35,Diego Carlos,Diego Carlos,Aston Villa,DEF,45,0,0,2024-12-01T13:30:00Z,0,0,0,0,0,0,0,0,0,0,0,0.0,0.0,0.0,0.0,0.00,0.00,0.00,0.00,1254,3839,13,CHE (A),4
36,Lucas,Digne,Aston Villa,DEF,47,1,90,2024-12-01T13:30:00Z,0,0,0,3,0,0,0,0,0,0,-3,13.2,15.0,2.0,3.0,0.00,0.03,0.03,1.61,22328,72788,13,CHE (A),4
37,Lewis,Dobbin,Aston Villa,MID,50,0,0,2024-12-01T13:30:00Z,0,0,0,0,0,0,0,0,0,0,0,0.0,0.0,0.0,0.0,0.00,0.00,0.00,0.00,0,5,13,CHE (A),4
38,Jhon,Duran,Aston Villa,FWD,59,1,24,2024-12-01T13:30:00Z,0,0,0,1,0,0,0,0,0,0,7,3.0,1.4,19.0,2.3,0.42,0.00,0.42,0.67,2984,39020,13,CHE (A),4
39,Joe,Gauci,Aston Villa,GK,40,0,0,2024-12-01T13:30:00Z,0,0,0,0,0,0,0,0,0,0,0,0.0,0.0,0.0,0.0,0.00,0.00,0.00,0.00,742,1613,13,CHE (A),4
40,Kortney,Hause,Aston Villa,DEF,40,0,0,2024-12-01T13:30:00Z,0,0,0,0,0,0,0,0,0,0,0,0.0,0.0,0.0,0.0,0.00,0.00,0.00,0.00,398,1450,13,CHE (A),4
41,Samuel,Iling Jr,Aston Villa,MID,54,0,0,2024-12-01T13:30:00Z,0,0,0,0,0,0,0,0,0,0,0,0.0,0.0,0.0,0.0,0.00,0.00,0.00,0.00,0,20,13,CHE (A),4
42,Boubacar,Kamara,Aston Villa,MID,50,2,61,2024-12-01T13:30:00Z,0,0,0,2,0,0,0,0,0,0,7,9.8,2.4,0.0,1.2,0.00,0.01,0.01,0.94,99,145,13,CHE (A),4
43,Kaine,Kesler-Hayden,Aston Villa,DEF,40,0,0,2024-12-01T13:30:00Z,0,0,0,0,0,0,0,0,0,0,0,0.0,0.0,0.0,0.0,0.00,0.00,0.00,0.00,0,15,13,CHE (A),4
44,Ezri,Konsa,Aston Villa,DEF,44,1,90,2024-12-01T13:30:00Z,0,0,0,3,0,0,0,0,0,0,6,10.8,0.0,0.0,1.1,0.00,0.00,0.00,1.61,2476,81069,13,CHE (A),4
45,Ian,Maatsen,Aston Villa,DEF,46,0,0,2024-12-01T13:30:00Z,0,0,0,0,0,0,0,0,0,0,0,0.0,0.0,0.0,0.0,0.00,0.00,0.00,0.00,677,4744,13,CHE (A),4
46,Filip,Marschall,Aston Villa,GK,40,0,0,2024-12-01T13:30:00Z,0,0,0,0,0,0,0,0,0,0,0,0.0,0.0,0.0,0.0,0.00,0.00,0.00,0.00,0,4,13,CHE (A),4
47,Emiliano,Martinez,Aston Villa,GK,50,1,45,2024-12-01T13:30:00Z,0,0,0,2,0,0,0,0,3,0,3,27.4,0.0,0.0,2.7,0.00,0.00,0.00,0.82,12648,55981,13,CHE (A),4
48,John,McGinn,Aston Villa,MID,52,2,90,2024-12-01T13:30:00Z,0,0,0,3,0,0,0,0,0,0,10,0.0,11.3,15.0,2.6,0.24,0.00,0.24,1.61,2439,2559,13,CHE (A),4
49,Tyrone,Mings,Aston Villa,DEF,44,0,0,2024-12-01T13:30:00Z,0,0,0,0,0,0,0,0,0,0,0,0.0,0.0,0.0,0.0,0.00,0.00,0.00,0.00,651,710,13,CHE (A),4
50,Kosta,Nedeljkovic,Aston Villa,DEF,40,0,0,2024-12-01T13:30:00Z,0,0,0,0,0,0,0,0,0,0,0,0.0,0.0,0.0,0.0,0.00,0.00,0.00,0.00,425,4872,13,CHE (A),4
51,Robin,Olsen,Aston Villa,GK,45,1,45,2024-12-01T13:30:00Z,0,0,0,1,0,0,0,0,2,0,3,17.6,0.0,0.0,1.8,0.00,0.00,0.00,0.79,157,243,13,CHE (A),4
52,Pau,Pau,Aston Villa,DEF,44,1,90,2024-12-01T13:30:00Z,0,0,0,3,0,0,0,0,0,0,7,20.6,0.9,8.0,3.0,0.07,0.01,0.08,1.61,2410,8766,13,CHE (A),4
53,Jacob,Ramsey,Aston Villa,MID,54,0,0,2024-12-01T13:30:00Z,0,0,0,0,0,0,0,0,0,0,0,0.0,0.0,0.0,0.0,0.00,0.00,0.00,0.00,48,2445,13,CHE (A),4
54,Morgan,Rogers,Aston Villa,MID,54,2,65,2024-12-01T13:30:00Z,0,0,0,2,0,0,0,0,0,0,7,1.2,3.2,0.0,0.4,0.00,0.00,0.00,0.94,59723,185960,13,CHE (A),4
55,Viljami,Sinisalo,Aston Villa,GK,40,0,0,2024-12-01T13:30:00Z,0,0,0,0,0,0,0,0,0,0,0,0.0,0.0,0.0,0.0,0.00,0.00,0.00,0.00,0,1,13,CHE (A),4
56,Lino,Sousa,Aston Villa,DEF,40,0,0,2024-12-01T13:30:00Z,0,0,0,0,0,0,0,0,0,0,0,0.0,0.0,0.0,0.0,0.00,0.00,0.00,0.00,0,192,13,CHE (A),4
57,Youri,Tielemans,Aston Villa,MID,55,2,90,2024-12-01T13:30:00Z,0,0,0,3,0,0,0,0,0,0,17,11.0,58.6,2.0,7.2,0.00,0.27,0.27,1.61,4748,11068,13,CHE (A),4
58,Ollie,Watkins,Aston Villa,FWD,90,2,83,2024-12-01T13:30:00Z,0,0,0,3,0,0,0,0,0,0,7,7.6,10.8,38.0,5.6,0.38,0.04,0.42,0.97,55127,150327,13,CHE (A),4
233,Amadou,Onana,Aston Villa,MID,49,0,0,2024-12-01T13:30:00Z,0,0,0,0,0,0,0,0,0,0,0,0.0,0.0,0.0,0.0,0.00,0.00,0.00,0.00,468,64544,13,CHE (A),4
569,Jaden,Jaden,Aston Villa,MID,53,1,65,2024-12-01T13:30:00Z,0,0,0,2,0,0,1,0,0,0,3,8.4,10.6,10.0,2.9,0.02,0.04,0.06,0.94,129,149,13,CHE (A),4
598,Lamare,Bogarde,Aston Villa,DEF,40,0,0,2024-12-01T13:30:00Z,0,0,0,0,0,0,0,0,0,0,0,0.0,0.0,0.0,0.0,0.00,0.00,0.00,0.00,390,1200,13,CHE (A),4
640,Sil,Swinkels,Aston Villa,DEF,40,0,0,2024-12-01T13:30:00Z,0,0,0,0,0,0,0,0,0,0,0,0.0,0.0,0.0,0.0,0.00,0.00,0.00,0.00,121,259,13,CHE (A),4
641,Oliwier,Zych,Aston Villa,GK,40,0,0,2024-12-01T13:30:00Z,0,0,0,0,0,0,0,0,0,0,0,0.0,0.0,0.0,0.0,0.00,0.00,0.00,0.00,860,1765,13,CHE (A),4
656,Kadan,Young,Aston Villa,MID,45,0,0,2024-12-01T13:30:00Z,0,0,0,0,0,0,0,0,0,0,0,0.0,0.0,0.0,0.0,0.00,0.00,0.00,0.00,1111,1856,13,CHE (A),4
59,Max,Aarons,Bournemouth,DEF,43,0,0,2024-11-30T15:00:00Z,0,0,0,0,0,0,0,0,0,0,0,0.0,0.0,0.0,0.0,0.00,0.00,0.00,0.00,335,414,13,WOL (A),2
60,Tyler,Adams,Bournemouth,MID,49,2,90,2024-11-30T15:00:00Z,0,0,0,2,0,0,0,0,0,0,8,17.0,0.8,5.0,2.3,0.11,0.00,0.11,0.46,298,188,13,WOL (A),2
61,Jaidon,Anthony,Bournemouth,MID,45,0,0,2024-11-30T15:00:00Z,0,0,0,0,0,0,0,0,0,0,0,0.0,0.0,0.0,0.0,0.00,0.00,0.00,0.00,0,507,13,WOL (A),2
62,David,Brooks,Bournemouth,MID,49,2,63,2024-11-30T15:00:00Z,0,0,0,1,0,0,0,0,0,0,5,6.4,12.4,0.0,1.9,0.00,0.02,0.02,0.35,448,114,13,WOL (A),2
63,Ryan,Christie,Bournemouth,MID,49,2,90,2024-11-30T15:00:00Z,0,0,0,2,0,0,0,0,0,0,13,13.8,6.3,7.0,2.7,0.02,0.02,0.04,0.46,373,998,13,WOL (A),2
64,Lewis,Cook,Bournemouth,MID,50,0,0,2024-11-30T15:00:00Z,0,0,0,0,0,0,0,0,0,0,0,0.0,0.0,0.0,0.0,0.00,0.00,0.00,0.00,2598,4225,13,WOL (A),2
65,Enes,Enes Ünal,Bournemouth,FWD,54,1,13,2024-11-30T15:00:00Z,0,0,0,0,0,0,0,0,0,0,-1,0.0,0.6,6.0,0.5,0.10,0.00,0.10,0.02,648,467,13,WOL (A),2
66,Romain,Faivre,Bournemouth,MID,50,0,0,2024-11-30T15:00:00Z,0,0,0,0,0,0,0,0,0,0,0,0.0,0.0,0.0,0.0,0.00,0.00,0.00,0.00,0,4,13,WOL (A),2
67,Hamed,H.Traorè,Bournemouth,MID,45,0,0,2024-11-30T15:00:00Z,0,0,0,0,0,0,0,0,0,0,0,0.0,0.0,0.0,0.0,0.00,0.00,0.00,0.00,0,183,13,WOL (A),2
68,James,Hill,Bournemouth,DEF,40,0,0,2024-11-30T15:00:00Z,0,0,0,0,0,0,0,0,0,0,0,0.0,0.0,0.0,0.0,0.00,0.00,0.00,0.00,366,1075,13,WOL (A),2
69,Daniel,Jebbison,Bournemouth,FWD,45,0,0,2024-11-30T15:00:00Z,0,0,0,0,0,0,0,0,0,0,0,0.0,0.0,0.0,0.0,0.00,0.00,0.00,0.00,0,11058,13,WOL (A),2
70,Milos,Kerkez,Bournemouth,DEF,44,7,90,2024-11-30T15:00:00Z,1,0,0,2,0,0,0,0,0,0,16,37.4,2.0,19.0,5.8,0.05,0.01,0.06,0.46,21240,9936,13,WOL (A),2
71,Justin,Kluivert,Bournemouth,MID,53,20,76,2024-11-30T15:00:00Z,3,0,0,2,0,0,0,0,0,3,76,112.8,31.2,74.0,21.8,2.41,0.08,2.49,0.45,10984,10768,13,WOL (A),2
72,Chris,Mepham,Bournemouth,DEF,44,0,0,2024-11-30T15:00:00Z,0,0,0,0,0,0,0,0,0,0,0,0.0,0.0,0.0,0.0,0.00,0.00,0.00,0.00,0,48,13,WOL (A),2
74,Dango,O.Dango,Bournemouth,MID,50,1,26,2024-11-30T15:00:00Z,0,0,0,1,0,0,0,0,0,0,3,3.2,0.0,0.0,0.3,0.00,0.00,0.00,0.11,205,111,13,WOL (A),2
75,Alex,Paulsen,Bournemouth,GK,40,0,0,2024-11-30T15:00:00Z,0,0,0,0,0,0,0,0,0,0,0,0.0,0.0,0.0,0.0,0.00,0.00,0.00,0.00,0,64,13,WOL (A),2
76,Philip,Philip,Bournemouth,MID,48,1,13,2024-11-30T15:00:00Z,0,0,0,0,0,0,0,0,0,0,3,6.4,0.4,0.0,0.7,0.00,0.04,0.04,0.02,92,223,13,WOL (A),2
77,Alex,Scott,Bournemouth,MID,48,0,0,2024-11-30T15:00:00Z,0,0,0,0,0,0,0,0,0,0,0,0.0,0.0,0.0,0.0,0.00,0.00,0.00,0.00,34,137,13,WOL (A),2
78,Antoine,Semenyo,Bournemouth,MID,57,0,0,2024-11-30T15:00:00Z,0,0,0,0,0,0,0,0,0,0,0,0.0,0.0,0.0,0.0,0.00,0.00,0.00,0.00,4273,324315,13,WOL (A),2
79,Marcos,Senesi,Bournemouth,DEF,48,1,81,2024-11-30T15:00:00Z,0,0,0,2,0,0,0,0,0,0,7,18.2,10.5,2.0,3.1,0.00,0.01,0.01,0.46,2905,5756,13,WOL (A),2
80,Luis,Sinisterra,Bournemouth,MID,49,0,0,2024-11-30T15:00:00Z,0,0,0,0,0,0,0,0,0,0,0,0.0,0.0,0.0,0.0,0.00,0.00,0.00,0.00,33,1554,13,WOL (A),2
81,Adam,Smith,Bournemouth,DEF,45,1,90,2024-11-30T15:00:00Z,0,0,0,2,0,0,0,0,0,0,2,11.2,0.8,0.0,1.2,0.00,0.00,0.00,0.46,750,1232,13,WOL (A),2
83,Marcus,Tavernier,Bournemouth,MID,55,5,90,2024-11-30T15:00:00Z,0,1,0,2,0,0,0,0,0,0,19,35.0,23.4,6.0,6.4,0.08,0.05,0.13,0.46,3720,3655,13,WOL (A),2
84,Mark,Travers,Bournemouth,GK,44,0,0,2024-11-30T15:00:00Z,0,0,0,0,0,0,0,0,0,0,0,0.0,0.0,0.0,0.0,0.00,0.00,0.00,0.00,285,987,13,WOL (A),2
85,Illia,Zabarnyi,Bournemouth,DEF,44,0,90,2024-11-30T15:00:00Z,0,0,0,2,0,0,1,0,0,0,0,11.8,0.7,0.0,1.3,0.00,0.00,0.00,0.46,1386,2801,13,WOL (A),2
152,Kepa,Arrizabalaga,Bournemouth,GK,45,1,90,2024-11-30T15:00:00Z,0,0,0,2,0,0,0,0,1,0,4,8.4,0.0,0.0,0.8,0.00,0.00,0.00,0.46,3377,3184,13,WOL (A),2
580,Dean,Huijsen,Bournemouth,DEF,43,1,8,2024-11-30T15:00:00Z,0,0,0,0,0,0,0,0,0,0,3,2.6,10.3,2.0,1.5,0.00,0.29,0.29,0.00,155,203,13,WOL (A),2
592,Julián,J.Araujo,Bournemouth,DEF,44,0,0,2024-11-30T15:00:00Z,0,0,0,0,0,0,0,0,0,0,0,0.0,0.0,0.0,0.0,0.00,0.00,0.00,0.00,50,1265,13,WOL (A),2
599,Will,Dennis,Bournemouth,GK,40,0,0,2024-11-30T15:00:00Z,0,0,0,0,0,0,0,0,0,0,0,0.0,0.0,0.0,0.0,0.00,0.00,0.00,0.00,443,1008,13,WOL (A),2
617,Francisco Evanilson,Evanilson,Bournemouth,FWD,60,12,76,2024-11-30T15:00:00Z,0,3,0,2,0,0,0,0,0,1,43,11.8,11.6,42.0,6.5,0.51,0.01,0.52,0.45,16180,38680,13,WOL (A),2
86,Kristoffer,Ajer,Brentford,DEF,44,0,0,2024-11-30T15:00:00Z,0,0,0,0,0,0,0,0,0,0,0,0.0,0.0,0.0,0.0,0.00,0.00,0.00,0.00,34,1948,13,LEI (H),2
87,Ethan,Brierley,Brentford,MID,45,0,0,2024-11-30T15:00:00Z,0,0,0,0,0,0,0,0,0,0,0,0.0,0.0,0.0,0.0,0.00,0.00,0.00,0.00,170,403,13,LEI (H),2
88,Nathan,Collins,Brentford,DEF,45,5,90,2024-11-30T15:00:00Z,0,1,0,1,0,0,0,0,0,0,22,39.6,15.1,2.0,5.7,0.00,0.15,0.15,1.06,23710,6167,13,LEI (H),2
89,Mikkel,Damsgaard,Brentford,MID,50,5,69,2024-11-30T15:00:00Z,0,1,0,1,0,0,0,0,0,0,21,20.6,20.1,19.0,6.0,0.18,0.39,0.57,0.88,24070,11733,13,LEI (H),2
90,Josh,Dasilva,Brentford,MID,48,0,0,2024-11-30T15:00:00Z,0,0,0,0,0,0,0,0,0,0,0,0.0,0.0,0.0,0.0,0.00,0.00,0.00,0.00,17,17,13,LEI (H),2
91,Mark,Flekken,Brentford,GK,45,2,90,2024-11-30T15:00:00Z,0,0,0,1,0,0,0,0,2,0,11,14.4,0.0,0.0,1.4,0.00,0.00,0.00,1.06,41264,15338,13,LEI (H),2
92,Rico,Henry,Brentford,DEF,43,0,0,2024-11-30T15:00:00Z,0,0,0,0,0,0,0,0,0,0,0,0.0,0.0,0.0,0.0,0.00,0.00,0.00,0.00,13,125,13,LEI (H),2
93,Aaron,Hickey,Brentford,DEF,43,0,0,2024-11-30T15:00:00Z,0,0,0,0,0,0,0,0,0,0,0,0.0,0.0,0.0,0.0,0.00,0.00,0.00,0.00,20,28,13,LEI (H),2
94,Vitaly,Janelt,Brentford,MID,49,1,48,2024-11-30T15:00:00Z,0,0,0,0,0,0,0,0,0,0,8,13.8,4.1,0.0,1.8,0.00,0.02,0.02,0.28,12032,8328,13,LEI (H),2
95,Mathias,Jensen,Brentford,MID,53,1,41,2024-11-30T15:00:00Z,0,0,0,1,0,0,0,0,0,0,5,6.0,3.0,2.0,1.1,0.00,0.02,0.02,0.78,622,283,13,LEI (H),2
96,Kim,Ji-soo,Brentford,DEF,39,0,0,2024-11-30T15:00:00Z,0,0,0,0,0,0,0,0,0,0,0,0.0,0.0,0.0,0.0,0.00,0.00,0.00,0.00,2287,1738,13,LEI (H),2
97,Yunus Emre,Konak,Brentford,MID,45,0,0,2024-11-30T15:00:00Z,0,0,0,0,0,0,0,0,0,0,0,0.0,0.0,0.0,0.0,0.00,0.00,0.00,0.00,140,437,13,LEI (H),2
98,Keane,Lewis-Potter,Brentford,MID,50,1,90,2024-11-30T15:00:00Z,0,0,0,1,0,0,1,0,0,0,9,7.0,15.5,6.0,2.9,0.00,0.19,0.19,1.06,902,1267,13,LEI (H),2
99,Bryan,Mbeumo,Brentford,MID,79,2,90,2024-11-30T15:00:00Z,0,0,0,1,0,0,0,0,0,0,10,12.2,23.2,4.0,3.9,0.00,0.08,0.08,1.06,131748,158112,13,LEI (H),2
100,Ben,Mee,Brentford,DEF,42,0,0,2024-11-30T15:00:00Z,0,0,0,0,0,0,0,0,0,0,0,0.0,0.0,0.0,0.0,0.00,0.00,0.00,0.00,1048,1723,13,LEI (H),2
101,Christian,Nørgaard,Brentford,MID,48,2,69,2024-11-30T15:00:00Z,0,0,0,1,0,0,0,0,0,0,16,15.0,4.8,6.0,2.6,0.14,0.02,0.16,0.88,506,5209,13,LEI (H),2
102,Frank,Onyeka,Brentford,MID,49,0,0,2024-11-30T15:00:00Z,0,0,0,0,0,0,0,0,0,0,0,0.0,0.0,0.0,0.0,0.00,0.00,0.00,0.00,0,13,13,LEI (H),2
103,Myles,Peart-Harris,Brentford,MID,45,0,0,2024-11-30T15:00:00Z,0,0,0,0,0,0,0,0,0,0,0,0.0,0.0,0.0,0.0,0.00,0.00,0.00,0.00,0,61,13,LEI (H),2
104,Ethan,Pinnock,Brentford,DEF,45,2,90,2024-11-30T15:00:00Z,0,0,0,1,0,0,0,0,0,0,7,24.6,12.2,6.0,4.3,0.00,0.02,0.02,1.06,12698,3612,13,LEI (H),2
105,Mads,Roerslev,Brentford,DEF,44,1,7,2024-11-30T15:00:00Z,0,0,0,0,0,0,0,0,0,0,3,1.2,0.8,0.0,0.2,0.00,0.01,0.01,0.00,115,444,13,LEI (H),2
106,Kevin,Schade,Brentford,MID,51,23,69,2024-11-30T15:00:00Z,3,1,0,1,0,0,0,0,0,3,85,128.6,13.1,95.0,23.7,1.25,0.35,1.60,0.88,155,599,13,LEI (H),2
107,Igor Thiago,Thiago,Brentford,FWD,59,1,20,2024-11-30T15:00:00Z,0,0,0,0,0,0,0,0,0,0,6,5.4,14.3,0.0,2.0,0.00,0.00,0.00,0.18,417,149,13,LEI (H),2
108,Ivan,Toney,Brentford,FWD,73,0,0,2024-11-30T15:00:00Z,0,0,0,0,0,0,0,0,0,0,0,0.0,0.0,0.0,0.0,0.00,0.00,0.00,0.00,0,988,13,LEI (H),2
109,Hákon,Valdimarsson,Brentford,GK,40,0,0,2024-11-30T15:00:00Z,0,0,0,0,0,0,0,0,0,0,0,0.0,0.0,0.0,0.0,0.00,0.00,0.00,0.00,824,6580,13,LEI (H),2
110,Yoane,Wissa,Brentford,FWD,61,8,90,2024-11-30T15:00:00Z,1,0,0,1,0,0,0,0,0,2,36,42.6,15.5,21.0,7.9,0.78,0.05,0.83,1.06,106630,62442,13,LEI (H),2
111,Yehor,Yarmoliuk,Brentford,MID,44,1,20,2024-11-30T15:00:00Z,0,0,0,0,0,0,0,0,0,0,6,6.0,11.9,4.0,2.2,0.00,0.02,0.02,0.18,22953,23671,13,LEI (H),2
112,Mathias,Zanka,Brentford,DEF,45,0,0,2024-11-30T15:00:00Z,0,0,0,0,0,0,0,0,0,0,0,0.0,0.0,0.0,0.0,0.00,0.00,0.00,0.00,0,15,13,LEI (H),2
314,Fábio,Carvalho,Brentford,MID,48,1,20,2024-11-30T15:00:00Z,0,0,0,0,0,0,0,0,0,0,8,12.0,10.3,7.0,2.9,0.04,0.05,0.09,0.18,522,13232,13,LEI (H),2
338,Sepp,Van den Berg,Brentford,DEF,41,2,82,2024-11-30T15:00:00Z,0,0,0,1,0,0,0,0,0,0,8,8.4,13.7,2.0,2.4,0.00,0.03,0.03,1.06,29010,5835,13,LEI (H),2
602,Ryan,Trevitt,Brentford,MID,45,0,0,2024-11-30T15:00:00Z,0,0,0,0,0,0,0,0,0,0,0,0.0,0.0,0.0,0.0,0.00,0.00,0.00,0.00,45,205,13,LEI (H),2
634,Gustavo,G.Nunes,Brentford,MID,49,0,0,2024-11-30T15:00:00Z,0,0,0,0,0,0,0,0,0,0,0,0.0,0.0,0.0,0.0,0.00,0.00,0.00,0.00,3,5,13,LEI (H),2
649,Jayden,Meghoma,Brentford,DEF,40,0,0,2024-11-30T15:00:00Z,0,0,0,0,0,0,0,0,0,0,0,0.0,0.0,0.0,0.0,0.00,0.00,0.00,0.00,140,165,13,LEI (H),2
661,Tony,Yogane,Brentford,MID,45,0,0,2024-11-30T15:00:00Z,0,0,0,0,0,0,0,0,0,0,0,0.0,0.0,0.0,0.0,0.00,0.00,0.00,0.00,61,114,13,LEI (H),2
113,Simon,Adingra,Brighton,MID,53,1,18,2024-11-29T20:00:00Z,0,0,0,0,0,0,0,0,0,0,5,5.4,10.8,23.0,3.9,0.03,0.16,0.19,0.05,1404,1913,13,SOU (H),2
114,Benicio,Baker-Boaitey,Brighton,MID,45,0,0,2024-11-29T20:00:00Z,0,0,0,0,0,0,0,0,0,0,0,0.0,0.0,0.0,0.0,0.00,0.00,0.00,0.00,0,6,13,SOU (H),2
115,Carlos,Baleba,Brighton,MID,50,0,0,2024-11-29T20:00:00Z,0,0,0,0,0,0,0,0,0,0,0,0.0,0.0,0.0,0.0,0.00,0.00,0.00,0.00,224,6993,13,SOU (H),2
116,Valentín,Barco,Brighton,DEF,40,0,0,2024-11-29T20:00:00Z,0,0,0,0,0,0,0,0,0,0,0,0.0,0.0,0.0,0.0,0.00,0.00,0.00,0.00,0,19974,13,SOU (H),2
118,Amario,Cozier-Duberry,Brighton,MID,45,0,0,2024-11-29T20:00:00Z,0,0,0,0,0,0,0,0,0,0,0,0.0,0.0,0.0,0.0,0.00,0.00,0.00,0.00,0,171,13,SOU (H),2
119,Mahmoud,Dahoud,Brighton,MID,49,0,0,2024-11-29T20:00:00Z,0,0,0,0,0,0,0,0,0,0,0,0.0,0.0,0.0,0.0,0.00,0.00,0.00,0.00,0,11,13,SOU (H),2
120,Lewis,Dunk,Brighton,DEF,44,1,18,2024-11-29T20:00:00Z,0,0,0,0,0,0,0,0,0,0,10,5.2,1.7,4.0,1.1,0.10,0.02,0.12,0.05,7028,21386,13,SOU (H),2
121,Julio,Enciso,Brighton,MID,54,0,0,2024-11-29T20:00:00Z,0,0,0,0,0,0,0,0,0,0,0,0.0,0.0,0.0,0.0,0.00,0.00,0.00,0.00,477,449,13,SOU (H),2
122,Pervis,Estupiñan,Brighton,DEF,50,4,90,2024-11-29T20:00:00Z,0,0,0,1,0,0,0,0,0,2,20,36.0,84.6,4.0,12.5,0.02,0.36,0.38,1.01,64017,5773,13,SOU (H),2
123,Evan,Ferguson,Brighton,FWD,55,1,11,2024-11-29T20:00:00Z,0,0,0,0,0,0,0,0,0,0,2,0.0,0.1,0.0,0.0,0.00,0.00,0.00,0.05,1673,2884,13,SOU (H),2
124,Billy,Gilmour,Brighton,MID,50,0,0,2024-11-29T20:00:00Z,0,0,0,0,0,0,0,0,0,0,0,0.0,0.0,0.0,0.0,0.00,0.00,0.00,0.00,0,47,13,SOU (H),2
125,Pascal,Gross,Brighton,MID,65,0,0,2024-11-29T20:00:00Z,0,0,0,0,0,0,0,0,0,0,0,0.0,0.0,0.0,0.0,0.00,0.00,0.00,0.00,0,12,13,SOU (H),2
126,Jack,Hinshelwood,Brighton,MID,50,0,0,2024-11-29T20:00:00Z,0,0,0,0,0,0,0,0,0,0,0,0.0,0.0,0.0,0.0,0.00,0.00,0.00,0.00,41,1448,13,SOU (H),2
127,Ibrahim,I.Osman,Brighton,MID,50,0,0,2024-11-29T20:00:00Z,0,0,0,0,0,0,0,0,0,0,0,0.0,0.0,0.0,0.0,0.00,0.00,0.00,0.00,0,1,13,SOU (H),2
128,Igor Julio,Igor,Brighton,DEF,44,2,90,2024-11-29T20:00:00Z,0,0,0,1,0,0,0,0,0,0,14,26.4,19.3,0.0,4.6,0.00,0.15,0.15,1.01,3121,594,13,SOU (H),2
129,João Pedro,João Pedro,Brighton,FWD,57,2,71,2024-11-29T20:00:00Z,0,0,0,1,0,0,0,0,0,0,12,7.6,12.7,30.0,5.0,0.10,0.04,0.14,0.96,843750,9571,13,SOU (H),2
130,Kacper,Kozlowski,Brighton,MID,45,0,0,2024-11-29T20:00:00Z,0,0,0,0,0,0,0,0,0,0,0,0.0,0.0,0.0,0.0,0.00,0.00,0.00,0.00,0,0,13,SOU (H),2
131,Tariq,Lamptey,Brighton,DEF,44,5,71,2024-11-29T20:00:00Z,0,1,0,1,0,0,0,0,0,0,19,25.2,15.5,0.0,4.1,0.00,0.09,0.09,0.96,179,853,13,SOU (H),2
132,Solly,March,Brighton,MID,65,0,0,2024-11-29T20:00:00Z,0,0,0,0,0,0,0,0,0,0,0,0.0,0.0,0.0,0.0,0.00,0.00,0.00,0.00,42,40,13,SOU (H),2
133,Adrian,Mazilu,Brighton,MID,45,0,0,2024-11-29T20:00:00Z,0,0,0,0,0,0,0,0,0,0,0,0.0,0.0,0.0,0.0,0.00,0.00,0.00,0.00,0,33,13,SOU (H),2
134,James,Milner,Brighton,MID,50,0,0,2024-11-29T20:00:00Z,0,0,0,0,0,0,0,0,0,0,0,0.0,0.0,0.0,0.0,0.00,0.00,0.00,0.00,9,104,13,SOU (H),2
135,Yankuba,Minteh,Brighton,MID,52,1,2,2024-11-29T20:00:00Z,0,0,0,0,0,0,0,0,0,0,6,4.2,25.0,2.0,3.1,0.00,0.09,0.09,0.00,705,3711,13,SOU (H),2
136,Mitoma,Mitoma,Brighton,MID,64,10,90,2024-11-29T20:00:00Z,1,0,0,1,0,0,0,0,0,3,33,42.8,40.0,26.0,10.9,0.57,0.10,0.67,1.01,185370,17813,13,SOU (H),2
137,Jakub,Moder,Brighton,MID,44,0,0,2024-11-29T20:00:00Z,0,0,0,0,0,0,0,0,0,0,0,0.0,0.0,0.0,0.0,0.00,0.00,0.00,0.00,3910,7963,13,SOU (H),2
138,Mark,O’Mahony,Brighton,FWD,45,0,0,2024-11-29T20:00:00Z,0,0,0,0,0,0,0,0,0,0,0,0.0,0.0,0.0,0.0,0.00,0.00,0.00,0.00,0,1162,13,SOU (H),2
139,Odeluga,Offiah,Brighton,DEF,40,0,0,2024-11-29T20:00:00Z,0,0,0,0,0,0,0,0,0,0,0,0.0,0.0,0.0,0.0,0.00,0.00,0.00,0.00,0,149,13,SOU (H),2
140,Cameron,Peupion,Brighton,MID,45,0,0,2024-11-29T20:00:00Z,0,0,0,0,0,0,0,0,0,0,0,0.0,0.0,0.0,0.0,0.00,0.00,0.00,0.00,115,237,13,SOU (H),2
141,Jeremy,Sarmiento,Brighton,MID,49,0,0,2024-11-29T20:00:00Z,0,0,0,0,0,0,0,0,0,0,0,0.0,0.0,0.0,0.0,0.00,0.00,0.00,0.00,0,16,13,SOU (H),2
142,Jason,Steele,Brighton,GK,43,0,0,2024-11-29T20:00:00Z,0,0,0,0,0,0,0,0,0,0,0,0.0,0.0,0.0,0.0,0.00,0.00,0.00,0.00,626,3889,13,SOU (H),2
143,Deniz,Undav,Brighton,FWD,55,0,0,2024-11-29T20:00:00Z,0,0,0,0,0,0,0,0,0,0,0,0.0,0.0,0.0,0.0,0.00,0.00,0.00,0.00,0,3,13,SOU (H),2
144,Jan Paul,Van Hecke,Brighton,DEF,45,2,90,2024-11-29T20:00:00Z,0,0,0,1,0,0,0,0,0,0,14,25.2,17.2,17.0,5.9,0.06,0.08,0.14,1.01,39063,4272,13,SOU (H),2
145,Joël,Veltman,Brighton,DEF,46,0,0,2024-11-29T20:00:00Z,0,0,0,0,0,0,0,0,0,0,0,0.0,0.0,0.0,0.0,0.00,0.00,0.00,0.00,76325,12360,13,SOU (H),2
146,Bart,Verbruggen,Brighton,GK,45,2,90,2024-11-29T20:00:00Z,0,0,0,1,0,0,0,0,1,0,7,11.6,0.0,0.0,1.2,0.00,0.00,0.00,1.01,53672,7481,13,SOU (H),2
147,Adam,Webster,Brighton,DEF,43,0,0,2024-11-29T20:00:00Z,0,0,0,0,0,0,0,0,0,0,0,0.0,0.0,0.0,0.0,0.00,0.00,0.00,0.00,15,175,13,SOU (H),2
148,Danny,Welbeck,Brighton,FWD,60,2,78,2024-11-29T20:00:00Z,0,0,0,1,0,0,0,0,0,0,-1,1.0,1.3,15.0,1.7,0.19,0.06,0.25,0.96,102843,190270,13,SOU (H),2
149,Mats,Wieffer,Brighton,MID,48,0,18,2024-11-29T20:00:00Z,0,0,0,0,0,0,1,0,0,0,-4,0.0,1.7,7.0,0.5,0.08,0.01,0.09,0.05,128,235,13,SOU (H),2
595,Brajan,Gruda,Brighton,MID,54,0,0,2024-11-29T20:00:00Z,0,0,0,0,0,0,0,0,0,0,0,0.0,0.0,0.0,0.0,0.00,0.00,0.00,0.00,76,93,13,SOU (H),2
600,Yasin,Ayari,Brighton,MID,50,2,90,2024-11-29T20:00:00Z,0,0,0,1,0,0,0,0,0,0,10,9.0,17.3,10.0,3.6,0.08,0.05,0.13,1.01,587,158,13,SOU (H),2
601,Andrew,Moran,Brighton,MID,50,0,0,2024-11-29T20:00:00Z,0,0,0,0,0,0,0,0,0,0,0,0.0,0.0,0.0,0.0,0.00,0.00,0.00,0.00,0,4,13,SOU (H),2
615,Carl,Rushworth,Brighton,GK,40,0,0,2024-11-29T20:00:00Z,0,0,0,0,0,0,0,0,0,0,0,0.0,0.0,0.0,0.0,0.00,0.00,0.00,0.00,0,101,13,SOU (H),2
618,Georginio,Georginio,Brighton,MID,56,2,87,2024-11-29T20:00:00Z,0,0,0,1,0,0,0,0,0,0,5,0.4,0.9,29.0,3.0,0.43,0.01,0.44,1.01,54648,14806,13,SOU (H),2
628,Ferdi,F.Kadıoğlu,Brighton,DEF,45,0,0,2024-11-29T20:00:00Z,0,0,0,0,0,0,0,0,0,0,0,0.0,0.0,0.0,0.0,0.00,0.00,0.00,0.00,411,8346,13,SOU (H),2
629,Matt,O'Riley,Brighton,MID,55,1,71,2024-11-29T20:00:00Z,0,0,0,1,0,0,1,0,0,0,6,2.2,5.6,19.0,2.7,0.04,0.41,0.45,0.96,2266,1481,13,SOU (H),2
663,Imari,Samuels,Brighton,DEF,40,0,0,2024-11-29T20:00:00Z,0,0,0,0,0,0,0,0,0,0,0,0.0,0.0,0.0,0.0,0.00,0.00,0.00,0.00,203,269,13,SOU (H),2
150,Andrey,Andrey Santos,Chelsea,MID,45,0,0,2024-12-01T13:30:00Z,0,0,0,0,0,0,0,0,0,0,0,0.0,0.0,0.0,0.0,0.00,0.00,0.00,0.00,0,7,13,AVL (H),3
151,Ângelo Gabriel,Ângelo,Chelsea,MID,45,0,0,2024-12-01T13:30:00Z,0,0,0,0,0,0,0,0,0,0,0,0.0,0.0,0.0,0.0,0.00,0.00,0.00,0.00,0,429,13,AVL (H),3
153,Benoît,B.Badiashile,Chelsea,DEF,43,1,30,2024-12-01T13:30:00Z,0,0,0,0,0,0,0,0,0,0,3,6.6,0.3,0.0,0.7,0.00,0.00,0.00,0.53,754,326,13,AVL (H),3
154,Lucas,Bergström,Chelsea,GK,40,0,0,2024-12-01T13:30:00Z,0,0,0,0,0,0,0,0,0,0,0,0.0,0.0,0.0,0.0,0.00,0.00,0.00,0.00,150,528,13,AVL (H),3
155,Marcus,Bettinelli,Chelsea,GK,40,0,0,2024-12-01T13:30:00Z,0,0,0,0,0,0,0,0,0,0,0,0.0,0.0,0.0,0.0,0.00,0.00,0.00,0.00,109,574,13,AVL (H),3
157,Moisés,Caicedo,Chelsea,MID,49,3,90,2024-12-01T13:30:00Z,0,0,1,0,0,0,0,0,0,0,15,18.8,34.8,0.0,5.4,0.00,0.05,0.05,1.15,10606,15200,13,AVL (H),3
158,Cesare,Casadei,Chelsea,MID,44,0,0,2024-12-01T13:30:00Z,0,0,0,0,0,0,0,0,0,0,0,0.0,0.0,0.0,0.0,0.00,0.00,0.00,0.00,1078,972,13,AVL (H),3
160,Ben,Chilwell,Chelsea,DEF,47,0,0,2024-12-01T13:30:00Z,0,0,0,0,0,0,0,0,0,0,0,0.0,0.0,0.0,0.0,0.00,0.00,0.00,0.00,1093,1872,13,AVL (H),3
161,Carney,Chukwuemeka,Chelsea,MID,48,0,0,2024-12-01T13:30:00Z,0,0,0,0,0,0,0,0,0,0,0,0.0,0.0,0.0,0.0,0.00,0.00,0.00,0.00,79,141,13,AVL (H),3
162,Levi,Colwill,Chelsea,DEF,45,6,90,2024-12-01T13:30:00Z,0,0,1,0,0,0,0,0,0,0,26,25.8,1.7,2.0,3.0,0.00,0.01,0.01,1.15,22306,12323,13,AVL (H),3
163,Marc,Cucurella,Chelsea,DEF,50,11,90,2024-12-01T13:30:00Z,0,1,1,0,0,0,0,0,0,2,38,20.2,6.0,2.0,2.8,0.00,0.03,0.03,1.15,23333,17375,13,AVL (H),3
164,David Datro,D.D.Fofana,Chelsea,FWD,54,0,0,2024-12-01T13:30:00Z,0,0,0,0,0,0,0,0,0,0,0,0.0,0.0,0.0,0.0,0.00,0.00,0.00,0.00,0,70,13,AVL (H),3
165,Deivid Washington,Deivid,Chelsea,FWD,50,0,0,2024-12-01T13:30:00Z,0,0,0,0,0,0,0,0,0,0,0,0.0,0.0,0.0,0.0,0.00,0.00,0.00,0.00,235,449,13,AVL (H),3
166,Kiernan,Dewsbury-Hall,Chelsea,MID,56,0,0,2024-12-01T13:30:00Z,0,0,0,0,0,0,0,0,0,0,0,0.0,0.0,0.0,0.0,0.00,0.00,0.00,0.00,225,309,13,AVL (H),3
167,Axel,Disasi,Chelsea,DEF,43,0,0,2024-12-01T13:30:00Z,0,0,0,0,0,0,0,0,0,0,0,0.0,0.0,0.0,0.0,0.00,0.00,0.00,0.00,576,1534,13,AVL (H),3
168,Enzo,Enzo,Chelsea,MID,48,9,90,2024-12-01T13:30:00Z,1,0,1,0,0,0,0,0,0,1,30,43.4,32.3,21.0,9.7,0.07,0.18,0.25,1.15,37913,3986,13,AVL (H),3
169,Conor,Gallagher,Chelsea,MID,59,0,0,2024-12-01T13:30:00Z,0,0,0,0,0,0,0,0,0,0,0,0.0,0.0,0.0,0.0,0.00,0.00,0.00,0.00,0,118,13,AVL (H),3
170,Alfie,Gilchrist,Chelsea,DEF,40,0,0,2024-12-01T13:30:00Z,0,0,0,0,0,0,0,0,0,0,0,0.0,0.0,0.0,0.0,0.00,0.00,0.00,0.00,0,104,13,AVL (H),3
171,Malo,Gusto,Chelsea,DEF,49,1,4,2024-12-01T13:30:00Z,0,0,0,0,0,0,0,0,0,0,3,0.4,4.3,0.0,0.5,0.00,0.01,0.01,0.42,7635,9147,13,AVL (H),3
172,Reece,James,Chelsea,DEF,49,0,0,2024-12-01T13:30:00Z,0,0,0,0,0,0,0,0,0,0,0,0.0,0.0,0.0,0.0,0.00,0.00,0.00,0.00,61,17461,13,AVL (H),3
173,Omari,Kellyman,Chelsea,MID,44,0,0,2024-12-01T13:30:00Z,0,0,0,0,0,0,0,0,0,0,0,0.0,0.0,0.0,0.0,0.00,0.00,0.00,0.00,47,139,13,AVL (H),3
174,Roméo,Lavia,Chelsea,MID,45,3,85,2024-12-01T13:30:00Z,0,0,1,0,0,0,0,0,0,0,8,2.8,9.6,5.0,1.7,0.18,0.02,0.20,0.73,5072,8237,13,AVL (H),3
175,Romelu,Lukaku,Chelsea,FWD,63,0,0,2024-12-01T13:30:00Z,0,0,0,0,0,0,0,0,0,0,0,0.0,0.0,0.0,0.0,0.00,0.00,0.00,0.00,0,135,13,AVL (H),3
176,Malang,M.Sarr,Chelsea,DEF,45,0,0,2024-12-01T13:30:00Z,0,0,0,0,0,0,0,0,0,0,0,0.0,0.0,0.0,0.0,0.00,0.00,0.00,0.00,0,1,13,AVL (H),3
177,Noni,Madueke,Chelsea,MID,64,3,19,2024-12-01T13:30:00Z,0,1,0,0,0,0,1,0,0,0,10,18.2,11.0,19.0,4.8,0.07,0.01,0.08,0.47,27951,70730,13,AVL (H),3
178,Marc,Marc Guiu,Chelsea,FWD,48,0,0,2024-12-01T13:30:00Z,0,0,0,0,0,0,0,0,0,0,0,0.0,0.0,0.0,0.0,0.00,0.00,0.00,0.00,1114,3098,13,AVL (H),3
179,Mykhailo,Mudryk,Chelsea,MID,62,0,0,2024-12-01T13:30:00Z,0,0,0,0,0,0,0,0,0,0,0,0.0,0.0,0.0,0.0,0.00,0.00,0.00,0.00,494,951,13,AVL (H),3
180,Nicolas,N.Jackson,Chelsea,FWD,80,6,70,2024-12-01T13:30:00Z,1,0,1,0,0,0,0,0,0,0,26,39.0,13.9,50.0,10.3,0.36,0.01,0.37,0.68,326634,52703,13,AVL (H),3
181,Christopher,Nkunku,Chelsea,MID,59,1,19,2024-12-01T13:30:00Z,0,0,0,0,0,0,0,0,0,0,2,1.4,11.1,1.0,1.4,0.03,0.01,0.04,0.47,2142,8949,13,AVL (H),3
182,Cole,Palmer,Chelsea,MID,109,14,85,2024-12-01T13:30:00Z,1,1,1,0,0,0,0,0,0,3,50,58.4,33.8,47.0,13.9,0.33,0.08,0.41,0.73,186020,154508,13,AVL (H),3
183,Đorđe,Petrović,Chelsea,GK,44,0,0,2024-12-01T13:30:00Z,0,0,0,0,0,0,0,0,0,0,0,0.0,0.0,0.0,0.0,0.00,0.00,0.00,0.00,0,512,13,AVL (H),3
184,Renato,Renato Veiga,Chelsea,MID,45,0,0,2024-12-01T13:30:00Z,0,0,0,0,0,0,0,0,0,0,0,0.0,0.0,0.0,0.0,0.00,0.00,0.00,0.00,224,1583,13,AVL (H),3
185,Robert,Sánchez,Chelsea,GK,47,7,90,2024-12-01T13:30:00Z,0,0,1,0,0,0,0,0,3,0,28,27.0,0.0,0.0,2.7,0.00,0.00,0.00,1.15,25485,46055,13,AVL (H),3
187,Tosin,Tosin,Chelsea,DEF,42,0,0,2024-12-01T13:30:00Z,0,0,0,0,0,0,0,0,0,0,0,0.0,0.0,0.0,0.0,0.00,0.00,0.00,0.00,261,846,13,AVL (H),3
189,Wesley,W.Fofana,Chelsea,DEF,45,1,59,2024-12-01T13:30:00Z,0,0,0,0,0,0,0,0,0,0,13,2.0,0.9,0.0,0.3,0.00,0.01,0.01,0.62,4457,1797,13,AVL (H),3
386,Jadon,Sancho,Chelsea,MID,62,3,70,2024-12-01T13:30:00Z,0,0,1,0,0,0,0,0,0,0,7,0.0,6.2,11.0,1.5,0.04,0.08,0.12,0.68,1337,8362,13,AVL (H),3
560,Pedro,Neto,Chelsea,MID,62,3,90,2024-12-01T13:30:00Z,0,0,1,0,0,0,0,0,0,0,8,3.6,7.1,5.0,1.6,0.03,0.05,0.08,1.15,10524,40779,13,AVL (H),3
575,Caleb,Wiley,Chelsea,DEF,40,0,0,2024-12-01T13:30:00Z,0,0,0,0,0,0,0,0,0,0,0,0.0,0.0,0.0,0.0,0.00,0.00,0.00,0.00,0,46,13,AVL (H),3
581,Filip,Jørgensen,Chelsea,GK,42,0,0,2024-12-01T13:30:00Z,0,0,0,0,0,0,0,0,0,0,0,0.0,0.0,0.0,0.0,0.00,0.00,0.00,0.00,263,471,13,AVL (H),3
621,João,João Félix,Chelsea,MID,61,0,4,2024-12-01T13:30:00Z,0,0,0,0,0,0,1,0,0,0,-3,0.0,0.8,14.0,1.4,0.58,0.00,0.58,0.42,2373,1858,13,AVL (H),3
11,Eddie,Nketiah,Crystal Palace,FWD,59,1,13,2024-11-30T15:00:00Z,0,0,0,0,0,0,0,0,0,0,4,2.2,0.3,0.0,0.3,0.00,0.00,0.00,0.00,124,4409,13,NEW (H),3
159,Trevoh,Chalobah,Crystal Palace,DEF,44,2,83,2024-11-30T15:00:00Z,0,0,0,1,0,0,0,0,0,0,15,12.8,14.8,1.0,2.9,0.01,0.25,0.26,0.04,5820,5046,13,NEW (H),3
190,Naouirou,Ahamada,Crystal Palace,MID,45,0,0,2024-11-30T15:00:00Z,0,0,0,0,0,0,0,0,0,0,0,0.0,0.0,0.0,0.0,0.00,0.00,0.00,0.00,0,422,13,NEW (H),3
193,Cheick,C.Doucouré,Crystal Palace,MID,49,0,0,2024-11-30T15:00:00Z,0,0,0,0,0,0,0,0,0,0,0,0.0,0.0,0.0,0.0,0.00,0.00,0.00,0.00,221,232,13,NEW (H),3
194,Chris,C.Richards,Crystal Palace,DEF,44,0,0,2024-11-30T15:00:00Z,0,0,0,0,0,0,0,0,0,0,0,0.0,0.0,0.0,0.0,0.00,0.00,0.00,0.00,99,154,13,NEW (H),3
195,Chadi,Chadi Riad,Crystal Palace,DEF,43,0,0,2024-11-30T15:00:00Z,0,0,0,0,0,0,0,0,0,0,0,0.0,0.0,0.0,0.0,0.00,0.00,0.00,0.00,154,144,13,NEW (H),3
196,Nathaniel,Clyne,Crystal Palace,DEF,44,0,0,2024-11-30T15:00:00Z,0,0,0,0,0,0,0,0,0,0,0,0.0,0.0,0.0,0.0,0.00,0.00,0.00,0.00,95,281,13,NEW (H),3
197,Malcolm,Ebiowei,Crystal Palace,MID,45,0,0,2024-11-30T15:00:00Z,0,0,0,0,0,0,0,0,0,0,0,0.0,0.0,0.0,0.0,0.00,0.00,0.00,0.00,0,4,13,NEW (H),3
199,Eberechi,Eze,Crystal Palace,MID,66,2,64,2024-11-30T15:00:00Z,0,0,0,1,0,0,0,0,0,0,13,13.8,44.3,6.0,6.4,0.00,0.09,0.09,0.04,3286,39205,13,NEW (H),3
200,Marc,Guéhi,Crystal Palace,DEF,45,3,90,2024-11-30T15:00:00Z,0,1,0,1,0,0,1,0,0,1,18,25.6,38.8,9.0,7.3,0.10,0.11,0.21,0.04,24464,25881,13,NEW (H),3
201,Dean,Henderson,Crystal Palace,GK,44,2,90,2024-11-30T15:00:00Z,0,0,0,1,0,0,0,0,0,0,5,4.4,0.0,0.0,0.4,0.00,0.00,0.00,0.04,30323,23817,13,NEW (H),3
202,Rob,Holding,Crystal Palace,DEF,43,0,0,2024-11-30T15:00:00Z,0,0,0,0,0,0,0,0,0,0,0,0.0,0.0,0.0,0.0,0.00,0.00,0.00,0.00,96,179,13,NEW (H),3
203,Will,Hughes,Crystal Palace,MID,49,2,76,2024-11-30T15:00:00Z,0,0,0,1,0,0,0,0,0,0,15,14.6,20.8,4.0,3.9,0.06,0.10,0.16,0.04,256,216,13,NEW (H),3
205,Daichi,Kamada,Crystal Palace,MID,51,0,0,2024-11-30T15:00:00Z,0,0,0,0,0,0,0,0,0,0,0,0.0,0.0,0.0,0.0,0.00,0.00,0.00,0.00,51,939,13,NEW (H),3
206,Jefferson,Lerma,Crystal Palace,MID,48,1,90,2024-11-30T15:00:00Z,0,0,0,1,0,0,1,0,0,0,11,24.2,12.3,4.0,4.1,0.04,0.07,0.11,0.04,103,157,13,NEW (H),3
207,Jean-Philippe,Mateta,Crystal Palace,FWD,72,2,90,2024-11-30T15:00:00Z,0,0,0,1,0,0,0,0,0,0,4,9.4,3.4,15.0,2.8,0.34,0.01,0.35,0.04,7187,17046,13,NEW (H),3
208,Matheus,M.França,Crystal Palace,MID,44,0,0,2024-11-30T15:00:00Z,0,0,0,0,0,0,0,0,0,0,0,0.0,0.0,0.0,0.0,0.00,0.00,0.00,0.00,154,3502,13,NEW (H),3
209,Remi,Matthews,Crystal Palace,GK,40,0,0,2024-11-30T15:00:00Z,0,0,0,0,0,0,0,0,0,0,0,0.0,0.0,0.0,0.0,0.00,0.00,0.00,0.00,191,1251,13,NEW (H),3
210,Tyrick,Mitchell,Crystal Palace,DEF,49,1,90,2024-11-30T15:00:00Z,0,0,0,1,0,0,1,0,0,0,-2,3.6,2.5,0.0,0.6,0.00,0.01,0.01,0.04,3306,9642,13,NEW (H),3
211,Daniel,Muñoz,Crystal Palace,DEF,48,11,90,2024-11-30T15:00:00Z,1,0,0,1,0,0,0,0,0,3,20,62.6,12.7,47.0,12.2,0.88,0.02,0.90,0.04,3284,7558,13,NEW (H),3
212,David,Ozoh,Crystal Palace,MID,45,0,0,2024-11-30T15:00:00Z,0,0,0,0,0,0,0,0,0,0,0,0.0,0.0,0.0,0.0,0.00,0.00,0.00,0.00,0,2,13,NEW (H),3
213,Jesurun,Rak-Sakyi,Crystal Palace,MID,45,0,0,2024-11-30T15:00:00Z,0,0,0,0,0,0,0,0,0,0,0,0.0,0.0,0.0,0.0,0.00,0.00,0.00,0.00,0,155,13,NEW (H),3
214,Jeffrey,Schlupp,Crystal Palace,MID,47,1,6,2024-11-30T15:00:00Z,0,0,0,0,0,0,0,0,0,0,3,0.0,1.3,0.0,0.1,0.00,0.00,0.00,0.00,315,551,13,NEW (H),3
215,Joel,Ward,Crystal Palace,DEF,43,0,0,2024-11-30T15:00:00Z,0,0,0,0,0,0,0,0,0,0,0,0.0,0.0,0.0,0.0,0.00,0.00,0.00,0.00,126,194,13,NEW (H),3
216,Adam,Wharton,Crystal Palace,MID,47,0,0,2024-11-30T15:00:00Z,0,0,0,0,0,0,0,0,0,0,0,0.0,0.0,0.0,0.0,0.00,0.00,0.00,0.00,100,1285,13,NEW (H),3
445,Matt,Turner,Crystal Palace,GK,40,0,0,2024-11-30T15:00:00Z,0,0,0,0,0,0,0,0,0,0,0,0.0,0.0,0.0,0.0,0.00,0.00,0.00,0.00,2628,26053,13,NEW (H),3
585,Ismaïla,I.Sarr,Crystal Palace,MID,57,2,90,2024-11-30T15:00:00Z,0,0,0,1,0,0,0,0,0,0,13,11.4,28.6,40.0,8.0,0.17,0.83,1.00,0.04,18810,2349,13,NEW (H),3
644,Franco,Umeh-Chibueze,Crystal Palace,MID,45,0,0,2024-11-30T15:00:00Z,0,0,0,0,0,0,0,0,0,0,0,0.0,0.0,0.0,0.0,0.00,0.00,0.00,0.00,20,221,13,NEW (H),3
645,Justin,Devenny,Crystal Palace,MID,45,1,25,2024-11-30T15:00:00Z,0,0,0,0,0,0,0,0,0,0,8,7.8,15.8,2.0,2.6,0.00,0.07,0.07,0.00,9427,652,13,NEW (H),3
646,Asher,Agbinone,Crystal Palace,MID,45,0,0,2024-11-30T15:00:00Z,0,0,0,0,0,0,0,0,0,0,0,0.0,0.0,0.0,0.0,0.00,0.00,0.00,0.00,217,322,13,NEW (H),3
647,Kaden,Rodney,Crystal Palace,MID,45,0,0,2024-11-30T15:00:00Z,0,0,0,0,0,0,0,0,0,0,0,0.0,0.0,0.0,0.0,0.00,0.00,0.00,0.00,85,126,13,NEW (H),3
650,Maxence,Lacroix,Crystal Palace,DEF,45,2,90,2024-11-30T15:00:00Z,0,0,0,1,0,0,0,0,0,0,11,14.0,1.4,12.0,2.7,0.20,0.01,0.21,0.04,605,982,13,NEW (H),3
156,Armando,Broja,Everton,FWD,54,0,0,2024-12-01T13:30:00Z,0,0,0,0,0,0,0,0,0,0,0,0.0,0.0,0.0,0.0,0.00,0.00,0.00,0.00,36,119,13,MUN (A),3
217,Abdoulaye,A.Doucoure,Everton,MID,51,2,90,2024-12-01T13:30:00Z,0,0,0,4,0,0,0,0,0,0,13,7.2,24.1,2.0,3.3,0.00,0.19,0.19,0.73,569,916,13,MUN (A),3
218,Norberto Bercique,Beto,Everton,FWD,50,2,66,2024-12-01T13:30:00Z,0,0,0,4,0,0,0,0,0,0,2,0.0,1.3,14.0,1.1,0.15,0.00,0.15,0.73,2094,5431,13,MUN (A),3
219,Jarrad,Branthwaite,Everton,DEF,48,0,90,2024-12-01T13:30:00Z,0,0,0,4,0,0,0,0,0,0,-5,6.4,0.8,0.0,0.7,0.00,0.01,0.01,0.73,6498,1795,13,MUN (A),3
220,Dominic,Calvert-Lewin,Everton,FWD,56,1,23,2024-12-01T13:30:00Z,0,0,0,0,0,0,0,0,0,0,1,5.0,0.8,17.0,2.3,0.21,0.00,0.21,0.16,1322,67605,13,MUN (A),3
221,Séamus,Coleman,Everton,DEF,43,0,0,2024-12-01T13:30:00Z,0,0,0,0,0,0,0,0,0,0,0,0.0,0.0,0.0,0.0,0.00,0.00,0.00,0.00,121,184,13,MUN (A),3
222,Idrissa,Gana,Everton,MID,49,1,66,2024-12-01T13:30:00Z,0,0,0,4,0,0,1,0,0,0,8,6.8,12.3,0.0,1.9,0.00,0.01,0.01,0.73,159,319,13,MUN (A),3
223,James,Garner,Everton,MID,49,0,0,2024-12-01T13:30:00Z,0,0,0,0,0,0,0,0,0,0,0,0.0,0.0,0.0,0.0,0.00,0.00,0.00,0.00,22,45,13,MUN (A),3
224,Jack,Harrison,Everton,MID,53,1,23,2024-12-01T13:30:00Z,0,0,0,0,0,0,0,0,0,0,1,0.0,5.0,0.0,0.5,0.00,0.01,0.01,0.16,139,1211,13,MUN (A),3
225,Mason,Holgate,Everton,DEF,40,0,0,2024-12-01T13:30:00Z,0,0,0,0,0,0,0,0,0,0,0,0.0,0.0,0.0,0.0,0.00,0.00,0.00,0.00,0,668,13,MUN (A),3
226,Tim,Iroegbunam,Everton,MID,45,0,0,2024-12-01T13:30:00Z,0,0,0,0,0,0,0,0,0,0,0,0.0,0.0,0.0,0.0,0.00,0.00,0.00,0.00,39,5535,13,MUN (A),3
227,João,J.Virginia,Everton,GK,40,0,0,2024-12-01T13:30:00Z,0,0,0,0,0,0,0,0,0,0,0,0.0,0.0,0.0,0.0,0.00,0.00,0.00,0.00,192,966,13,MUN (A),3
228,Michael,Keane,Everton,DEF,43,0,0,2024-12-01T13:30:00Z,0,0,0,0,0,0,0,0,0,0,0,0.0,0.0,0.0,0.0,0.00,0.00,0.00,0.00,8735,118108,13,MUN (A),3
229,Neal,Maupay,Everton,FWD,49,0,0,2024-12-01T13:30:00Z,0,0,0,0,0,0,0,0,0,0,0,0.0,0.0,0.0,0.0,0.00,0.00,0.00,0.00,0,929,13,MUN (A),3
230,Dwight,McNeil,Everton,MID,56,2,90,2024-12-01T13:30:00Z,0,0,0,4,0,0,0,0,0,0,21,6.8,18.9,2.0,2.8,0.00,0.27,0.27,0.73,14902,141372,13,MUN (A),3
231,Vitalii,Mykolenko,Everton,DEF,43,-1,90,2024-12-01T13:30:00Z,0,0,0,4,0,0,1,0,0,0,-13,5.2,1.4,0.0,0.7,0.00,0.00,0.00,0.73,22148,18617,13,MUN (A),3
232,Iliman,Ndiaye,Everton,FWD,54,2,90,2024-12-01T13:30:00Z,0,0,0,4,0,0,0,0,0,0,10,8.6,9.4,4.0,2.2,0.00,0.03,0.03,0.73,2028,20611,13,MUN (A),3
234,Nathan,Patterson,Everton,DEF,44,1,17,2024-12-01T13:30:00Z,0,0,0,0,0,0,0,0,0,0,8,6.4,14.7,2.0,2.3,0.00,0.11,0.11,0.16,59,61,13,MUN (A),3
235,Jordan,Pickford,Everton,GK,49,0,90,2024-12-01T13:30:00Z,0,0,0,4,0,0,0,0,1,0,-4,13.2,0.0,0.0,1.3,0.00,0.01,0.01,0.73,30649,29185,13,MUN (A),3
236,James,Tarkowski,Everton,DEF,48,0,81,2024-12-01T13:30:00Z,0,0,0,4,0,0,0,0,0,0,0,24.2,0.6,2.0,2.7,0.00,0.08,0.08,0.73,14655,7215,13,MUN (A),3
237,Youssef,Y. Chermiti,Everton,FWD,49,0,0,2024-12-01T13:30:00Z,0,0,0,0,0,0,0,0,0,0,0,0.0,0.0,0.0,0.0,0.00,0.00,0.00,0.00,95,88,13,MUN (A),3
238,Ashley,Young,Everton,DEF,45,-1,72,2024-12-01T13:30:00Z,0,0,0,4,0,0,1,0,0,0,-8,5.6,1.2,0.0,0.7,0.00,0.00,0.00,0.73,52901,7590,13,MUN (A),3
577,Jesper,Lindstrøm,Everton,MID,51,2,66,2024-12-01T13:30:00Z,0,0,0,4,0,0,0,0,0,0,9,7.2,1.8,17.0,2.6,0.29,0.00,0.29,0.73,203,249,13,MUN (A),3
582,Jake,O'Brien,Everton,DEF,46,1,8,2024-12-01T13:30:00Z,0,0,0,0,0,0,0,0,0,0,3,1.0,0.1,0.0,0.1,0.00,0.00,0.00,0.10,136,464,13,MUN (A),3
603,Harrison,Armstrong,Everton,MID,45,0,0,2024-12-01T13:30:00Z,0,0,0,0,0,0,0,0,0,0,0,0.0,0.0,0.0,0.0,0.00,0.00,0.00,0.00,633,1119,13,MUN (A),3
614,Jenson,Metcalfe,Everton,MID,45,0,0,2024-12-01T13:30:00Z,0,0,0,0,0,0,0,0,0,0,0,0.0,0.0,0.0,0.0,0.00,0.00,0.00,0.00,0,9,13,MUN (A),3
624,Asmir,Begovic,Everton,GK,40,0,0,2024-12-01T13:30:00Z,0,0,0,0,0,0,0,0,0,0,0,0.0,0.0,0.0,0.0,0.00,0.00,0.00,0.00,498,529,13,MUN (A),3
627,Roman,Dixon,Everton,DEF,40,0,0,2024-12-01T13:30:00Z,0,0,0,0,0,0,0,0,0,0,0,0.0,0.0,0.0,0.0,0.00,0.00,0.00,0.00,250,268,13,MUN (A),3
651,Orel,Mangala,Everton,MID,50,1,23,2024-12-01T13:30:00Z,0,0,0,0,0,0,0,0,0,0,3,2.4,5.3,0.0,0.8,0.00,0.00,0.00,0.16,78,104,13,MUN (A),3
10,Reiss,Nelson,Fulham,MID,50,3,61,2024-12-01T13:30:00Z,0,0,0,1,0,0,0,0,0,1,23,16.2,45.5,11.0,7.3,0.14,0.22,0.36,0.63,406,987,13,TOT (A),4
19,Emile,Smith Rowe,Fulham,MID,58,2,85,2024-12-01T13:30:00Z,0,0,0,1,0,0,0,0,0,0,17,9.2,18.0,2.0,2.9,0.00,0.09,0.09,0.63,62892,282497,13,TOT (A),4
191,Joachim,Andersen,Fulham,DEF,43,0,0,2024-12-01T13:30:00Z,0,0,0,0,0,0,0,0,0,0,0,0.0,0.0,0.0,0.0,0.00,0.00,0.00,0.00,1608,65804,13,TOT (A),4
239,Adama,Adama,Fulham,MID,50,0,0,2024-12-01T13:30:00Z,0,0,0,0,0,0,0,0,0,0,0,0.0,0.0,0.0,0.0,0.00,0.00,0.00,0.00,4934,50486,13,TOT (A),4
240,Andreas,Andreas,Fulham,MID,52,0,0,2024-12-01T13:30:00Z,0,0,0,0,0,0,0,0,0,0,0,0.0,0.0,0.0,0.0,0.00,0.00,0.00,0.00,1445,13930,13,TOT (A),4
241,Calvin,Bassey,Fulham,DEF,45,2,90,2024-12-01T13:30:00Z,0,0,0,1,0,0,0,0,0,0,9,7.8,0.5,5.0,1.3,0.03,0.00,0.03,0.65,866,3270,13,TOT (A),4
242,Steven,Benda,Fulham,GK,40,0,0,2024-12-01T13:30:00Z,0,0,0,0,0,0,0,0,0,0,0,0.0,0.0,0.0,0.0,0.00,0.00,0.00,0.00,255,801,13,TOT (A),4
243,Tom,Cairney,Fulham,MID,48,3,21,2024-12-01T13:30:00Z,1,0,0,0,0,0,0,1,0,0,13,32.8,4.9,17.0,5.5,0.03,0.02,0.05,0.11,51,146,13,TOT (A),4
244,Timothy,Castagne,Fulham,DEF,42,1,4,2024-12-01T13:30:00Z,0,0,0,0,0,0,0,0,0,0,3,0.2,0.1,0.0,0.0,0.00,0.00,0.00,0.02,783,2403,13,TOT (A),4
245,Issa,Diop,Fulham,DEF,44,2,90,2024-12-01T13:30:00Z,0,0,0,1,0,0,0,0,0,0,11,28.4,0.5,35.0,6.4,0.25,0.00,0.25,0.65,168,801,13,TOT (A),4
246,Luke,Harris,Fulham,MID,45,0,0,2024-12-01T13:30:00Z,0,0,0,0,0,0,0,0,0,0,0,0.0,0.0,0.0,0.0,0.00,0.00,0.00,0.00,0,10,13,TOT (A),4
247,Alex,Iwobi,Fulham,MID,56,5,85,2024-12-01T13:30:00Z,0,1,0,1,0,0,0,0,0,0,20,26.6,30.9,42.0,10.0,0.27,0.33,0.60,0.63,42386,19484,13,TOT (A),4
248,Bernd,Leno,Fulham,GK,50,2,90,2024-12-01T13:30:00Z,0,0,0,1,0,0,0,0,2,0,10,20.4,0.0,0.0,2.0,0.00,0.00,0.00,0.65,2276,16517,13,TOT (A),4
249,Saša,Lukić,Fulham,MID,48,1,61,2024-12-01T13:30:00Z,0,0,0,1,0,0,1,0,0,0,10,7.6,34.4,0.0,4.2,0.00,0.06,0.06,0.63,56,71,13,TOT (A),4
250,Kevin,Mbabu,Fulham,DEF,40,0,0,2024-12-01T13:30:00Z,0,0,0,0,0,0,0,0,0,0,0,0.0,0.0,0.0,0.0,0.00,0.00,0.00,0.00,0,525,13,TOT (A),4
251,Rodrigo,Muniz,Fulham,FWD,55,1,12,2024-12-01T13:30:00Z,0,0,0,0,0,0,0,0,0,0,0,2.0,0.6,0.0,0.3,0.00,0.00,0.00,0.02,625,10869,13,TOT (A),4
252,Raúl,Raúl,Fulham,FWD,57,2,77,2024-12-01T13:30:00Z,0,0,0,1,0,0,0,0,0,0,4,3.4,3.4,57.0,6.4,0.58,0.01,0.59,0.63,6820,326300,13,TOT (A),4
253,Tim,Ream,Fulham,DEF,45,0,0,2024-12-01T13:30:00Z,0,0,0,0,0,0,0,0,0,0,0,0.0,0.0,0.0,0.0,0.00,0.00,0.00,0.00,0,5,13,TOT (A),4
254,Harrison,Reed,Fulham,MID,48,0,0,2024-12-01T13:30:00Z,0,0,0,0,0,0,0,0,0,0,0,0.0,0.0,0.0,0.0,0.00,0.00,0.00,0.00,12,302,13,TOT (A),4
255,Antonee,Robinson,Fulham,DEF,47,2,90,2024-12-01T13:30:00Z,0,0,0,1,0,0,0,0,0,0,12,13.0,3.2,5.0,2.1,0.05,0.03,0.08,0.65,27839,105549,13,TOT (A),4
256,Jay,Stansfield,Fulham,FWD,50,0,0,2024-12-01T13:30:00Z,0,0,0,0,0,0,0,0,0,0,0,0.0,0.0,0.0,0.0,0.00,0.00,0.00,0.00,0,66,13,TOT (A),4
257,Kenny,Tete,Fulham,DEF,45,2,90,2024-12-01T13:30:00Z,0,0,0,1,0,0,0,0,0,0,20,17.6,20.3,8.0,4.6,0.05,0.09,0.14,0.65,1359,2207,13,TOT (A),4
258,Carlos Vinícius,Vinicius,Fulham,FWD,50,0,0,2024-12-01T13:30:00Z,0,0,0,0,0,0,0,0,0,0,0,0.0,0.0,0.0,0.0,0.00,0.00,0.00,0.00,815,1430,13,TOT (A),4
259,Harry,Wilson,Fulham,MID,52,1,28,2024-12-01T13:30:00Z,0,0,0,0,0,0,0,0,0,0,3,6.4,3.1,8.0,1.8,0.00,0.01,0.01,0.02,6908,9502,13,TOT (A),4
579,Ryan,Sessegnon,Fulham,DEF,42,1,4,2024-12-01T13:30:00Z,0,0,0,0,0,0,0,0,0,0,2,2.0,0.0,0.0,0.2,0.00,0.00,0.00,0.02,198,408,13,TOT (A),4
586,Jorge,J.Cuenca,Fulham,DEF,44,0,0,2024-12-01T13:30:00Z,0,0,0,0,0,0,0,0,0,0,0,0.0,0.0,0.0,0.0,0.00,0.00,0.00,0.00,42,106,13,TOT (A),4
604,Josh,King,Fulham,MID,45,0,0,2024-12-01T13:30:00Z,0,0,0,0,0,0,0,0,0,0,0,0.0,0.0,0.0,0.0,0.00,0.00,0.00,0.00,175,445,13,TOT (A),4
605,Martial,Godo,Fulham,MID,45,0,0,2024-12-01T13:30:00Z,0,0,0,0,0,0,0,0,0,0,0,0.0,0.0,0.0,0.0,0.00,0.00,0.00,0.00,88,157,13,TOT (A),4
622,Sander,Berge,Fulham,MID,50,2,90,2024-12-01T13:30:00Z,0,0,0,1,0,0,0,0,0,0,13,12.6,4.6,9.0,2.6,0.08,0.01,0.09,0.65,82,188,13,TOT (A),4
260,Ali,Al-Hamadi,Ipswich,FWD,48,0,0,2024-11-30T15:00:00Z,0,0,0,0,0,0,0,0,0,0,0,0.0,0.0,0.0,0.0,0.00,0.00,0.00,0.00,1909,1881,13,NFO (A),2
261,Elkan,Baggott,Ipswich,DEF,40,0,0,2024-11-30T15:00:00Z,0,0,0,0,0,0,0,0,0,0,0,0.0,0.0,0.0,0.0,0.00,0.00,0.00,0.00,0,42,13,NFO (A),2
262,Nathan,Broadhead,Ipswich,MID,49,1,11,2024-11-30T15:00:00Z,0,0,0,0,0,0,0,0,0,0,5,2.0,1.8,0.0,0.4,0.00,0.00,0.00,0.04,26,51,13,NFO (A),2
263,Cameron,Burgess,Ipswich,DEF,39,2,90,2024-11-30T15:00:00Z,0,0,0,1,0,0,0,0,0,0,7,10.8,0.9,19.0,3.1,0.33,0.02,0.35,1.68,37931,8011,13,NFO (A),2
264,Wes,Burns,Ipswich,MID,48,1,16,2024-11-30T15:00:00Z,0,0,0,0,0,0,0,0,0,0,4,3.0,0.9,0.0,0.4,0.00,0.00,0.00,0.04,380,153,13,NFO (A),2
265,Conor,Chaplin,Ipswich,MID,51,2,73,2024-11-30T15:00:00Z,0,0,0,1,0,0,0,0,0,0,4,4.2,2.4,0.0,0.7,0.00,0.01,0.01,1.64,240,428,13,NFO (A),2
266,Harry,H.Clarke,Ipswich,DEF,40,1,11,2024-11-30T15:00:00Z,0,0,0,0,0,0,0,0,0,0,2,0.0,1.4,2.0,0.1,0.00,0.01,0.01,0.04,612,258,13,NFO (A),2
267,Leif,Davis,Ipswich,DEF,45,2,90,2024-11-30T15:00:00Z,0,0,0,1,0,0,0,0,0,0,10,16.0,39.9,8.0,6.4,0.00,0.37,0.37,1.68,26406,6679,13,NFO (A),2
268,Liam,Delap,Ipswich,FWD,56,2,90,2024-11-30T15:00:00Z,0,0,0,1,0,0,0,0,0,0,-1,3.4,10.8,8.0,2.2,0.04,0.01,0.05,1.68,54821,49593,13,NFO (A),2
269,George,Edmundson,Ipswich,DEF,40,0,0,2024-11-30T15:00:00Z,0,0,0,0,0,0,0,0,0,0,0,0.0,0.0,0.0,0.0,0.00,0.00,0.00,0.00,0,209,13,NFO (A),2
270,Jacob,Greaves,Ipswich,DEF,40,0,0,2024-11-30T15:00:00Z,0,0,0,0,0,0,0,0,0,0,0,0.0,0.0,0.0,0.0,0.00,0.00,0.00,0.00,3396,11632,13,NFO (A),2
271,Marcus,Harness,Ipswich,MID,49,0,0,2024-11-30T15:00:00Z,0,0,0,0,0,0,0,0,0,0,0,0.0,0.0,0.0,0.0,0.00,0.00,0.00,0.00,0,14,13,NFO (A),2
272,George,Hirst,Ipswich,FWD,54,0,0,2024-11-30T15:00:00Z,0,0,0,0,0,0,0,0,0,0,0,0.0,0.0,0.0,0.0,0.00,0.00,0.00,0.00,49,986,13,NFO (A),2
273,Cameron,Humphreys,Ipswich,MID,45,0,0,2024-11-30T15:00:00Z,0,0,0,0,0,0,0,0,0,0,0,0.0,0.0,0.0,0.0,0.00,0.00,0.00,0.00,0,66,13,NFO (A),2
274,Omari,Hutchinson,Ipswich,MID,52,2,78,2024-11-30T15:00:00Z,0,0,0,1,0,0,0,0,0,0,5,7.6,3.0,23.0,3.4,0.06,0.01,0.07,1.64,10948,1253,13,NFO (A),2
275,Ben,Johnson,Ipswich,DEF,40,0,0,2024-11-30T15:00:00Z,0,0,0,0,0,0,0,0,0,0,0,0.0,0.0,0.0,0.0,0.00,0.00,0.00,0.00,891,10158,13,NFO (A),2
276,Freddie,Ladapo,Ipswich,FWD,45,0,0,2024-11-30T15:00:00Z,0,0,0,0,0,0,0,0,0,0,0,0.0,0.0,0.0,0.0,0.00,0.00,0.00,0.00,0,4510,13,NFO (A),2
277,Massimo,Luongo,Ipswich,MID,45,0,0,2024-11-30T15:00:00Z,0,0,0,0,0,0,0,0,0,0,0,0.0,0.0,0.0,0.0,0.00,0.00,0.00,0.00,256,1709,13,NFO (A),2
278,Sam,Morsy,Ipswich,MID,49,2,90,2024-11-30T15:00:00Z,0,0,0,1,0,0,0,0,0,0,15,7.0,3.3,0.0,1.0,0.00,0.04,0.04,1.68,1733,1509,13,NFO (A),2
279,Corrie,Ndaba,Ipswich,DEF,40,0,0,2024-11-30T15:00:00Z,0,0,0,0,0,0,0,0,0,0,0,0.0,0.0,0.0,0.0,0.00,0.00,0.00,0.00,0,6,13,NFO (A),2
280,Cieran,Slicker,Ipswich,GK,40,0,0,2024-11-30T15:00:00Z,0,0,0,0,0,0,0,0,0,0,0,0.0,0.0,0.0,0.0,0.00,0.00,0.00,0.00,330,1463,13,NFO (A),2
281,Jack,Taylor,Ipswich,MID,48,1,16,2024-11-30T15:00:00Z,0,0,0,0,0,0,0,0,0,0,3,7.4,26.3,1.0,3.5,0.02,0.14,0.16,0.04,42,55,13,NFO (A),2
282,Axel,Tuanzebe,Ipswich,DEF,40,1,78,2024-11-30T15:00:00Z,0,0,0,1,0,0,1,0,0,0,-2,7.4,0.8,0.0,0.8,0.00,0.00,0.00,1.64,10733,5066,13,NFO (A),2
283,Christian,Walton,Ipswich,GK,44,0,0,2024-11-30T15:00:00Z,0,0,0,0,0,0,0,0,0,0,0,0.0,0.0,0.0,0.0,0.00,0.00,0.00,0.00,201,287,13,NFO (A),2
284,Luke,Woolfenden,Ipswich,DEF,40,0,0,2024-11-30T15:00:00Z,0,0,0,0,0,0,0,0,0,0,0,0.0,0.0,0.0,0.0,0.00,0.00,0.00,0.00,335,3784,13,NFO (A),2
359,Kalvin,Phillips,Ipswich,MID,49,0,0,2024-11-30T15:00:00Z,0,0,0,0,0,0,0,0,0,0,0,0.0,0.0,0.0,0.0,0.00,0.00,0.00,0.00,38,314,13,NFO (A),2
568,Arijanet,Muric,Ipswich,GK,44,3,90,2024-11-30T15:00:00Z,0,0,0,1,0,0,0,0,4,0,15,33.4,0.0,0.0,3.3,0.00,0.00,0.00,1.68,5176,3281,13,NFO (A),2
583,Conor,Townsend,Ipswich,DEF,40,0,0,2024-11-30T15:00:00Z,0,0,0,0,0,0,0,0,0,0,0,0.0,0.0,0.0,0.0,0.00,0.00,0.00,0.00,444,1055,13,NFO (A),2
611,Sam,Szmodics,Ipswich,MID,58,2,63,2024-11-30T15:00:00Z,0,0,0,1,0,0,0,0,0,0,1,0.0,0.5,2.0,0.0,0.00,0.00,0.00,1.64,12098,3584,13,NFO (A),2
619,Jens,Cajuste,Ipswich,MID,45,1,73,2024-11-30T15:00:00Z,0,0,0,1,0,0,1,0,0,0,2,4.8,1.9,0.0,0.7,0.00,0.01,0.01,1.64,1104,493,13,NFO (A),2
630,Dara,O'Shea,Ipswich,DEF,40,1,90,2024-11-30T15:00:00Z,0,0,0,1,0,0,1,0,0,0,6,17.2,1.7,2.0,2.1,0.00,0.01,0.01,1.68,19952,4645,13,NFO (A),2
631,Jack,J.Clarke,Ipswich,MID,55,1,26,2024-11-30T15:00:00Z,0,0,0,0,0,0,0,0,0,0,6,6.6,11.1,17.0,3.5,0.14,0.01,0.15,0.04,328,298,13,NFO (A),2
632,Chiedozie,Ogbene,Ipswich,MID,49,0,0,2024-11-30T15:00:00Z,0,0,0,0,0,0,0,0,0,0,0,0.0,0.0,0.0,0.0,0.00,0.00,0.00,0.00,86,93,13,NFO (A),2
117,Facundo,Buonanotte,Leicester,MID,50,8,63,2024-11-30T15:00:00Z,1,0,0,4,0,0,0,0,0,1,32,41.4,10.5,36.0,8.8,0.78,0.02,0.80,2.29,6585,28747,13,BRE (A),3
192,Jordan,J.Ayew,Leicester,MID,52,2,79,2024-11-30T15:00:00Z,0,0,0,4,0,0,0,0,0,0,3,0.4,5.6,3.0,0.9,0.06,0.13,0.19,2.34,5681,1046,13,BRE (A),3
198,Odsonne,Edouard,Leicester,FWD,52,0,0,2024-11-30T15:00:00Z,0,0,0,0,0,0,0,0,0,0,0,0.0,0.0,0.0,0.0,0.00,0.00,0.00,0.00,576,1547,13,BRE (A),3
285,Boubakary,B.Soumaré,Leicester,MID,44,2,63,2024-11-30T15:00:00Z,0,0,0,4,0,0,0,0,0,0,11,2.6,4.4,0.0,0.7,0.00,0.02,0.02,2.29,7955,3375,13,BRE (A),3
286,Tom,Cannon,Leicester,FWD,45,0,0,2024-11-30T15:00:00Z,0,0,0,0,0,0,0,0,0,0,0,0.0,0.0,0.0,0.0,0.00,0.00,0.00,0.00,0,2899,13,BRE (A),3
287,Hamza,Choudhury,Leicester,MID,44,0,0,2024-11-30T15:00:00Z,0,0,0,0,0,0,0,0,0,0,0,0.0,0.0,0.0,0.0,0.00,0.00,0.00,0.00,1170,2283,13,BRE (A),3
288,Conor,Coady,Leicester,DEF,40,0,90,2024-11-30T15:00:00Z,0,0,0,4,0,0,0,0,0,0,-1,25.4,0.8,0.0,2.6,0.00,0.01,0.01,2.40,648,1081,13,BRE (A),3
289,Patson,Daka,Leicester,FWD,48,1,26,2024-11-30T15:00:00Z,0,0,0,0,0,0,0,0,0,0,3,2.2,1.2,6.0,0.9,0.02,0.00,0.02,0.10,3945,1295,13,BRE (A),3
290,Bobby,De Cordova-Reid,Leicester,MID,52,1,10,2024-11-30T15:00:00Z,0,0,0,0,0,0,0,0,0,0,3,2.4,1.6,0.0,0.4,0.00,0.00,0.00,0.06,121,119,13,BRE (A),3
291,Wout,Faes,Leicester,DEF,41,0,90,2024-11-30T15:00:00Z,0,0,0,4,0,0,0,0,0,0,-2,12.2,11.4,0.0,2.4,0.00,0.01,0.01,2.40,17085,50264,13,BRE (A),3
292,Michael,Golding,Leicester,MID,44,0,0,2024-11-30T15:00:00Z,0,0,0,0,0,0,0,0,0,0,0,0.0,0.0,0.0,0.0,0.00,0.00,0.00,0.00,965,2395,13,BRE (A),3
293,Mads,Hermansen,Leicester,GK,45,0,90,2024-11-30T15:00:00Z,0,0,0,4,0,0,0,0,2,0,-2,15.4,0.0,0.0,1.5,0.00,0.00,0.00,2.40,2401,4226,13,BRE (A),3
294,Daniel,Iversen,Leicester,GK,40,0,0,2024-11-30T15:00:00Z,0,0,0,0,0,0,0,0,0,0,0,0.0,0.0,0.0,0.0,0.00,0.00,0.00,0.00,271,1235,13,BRE (A),3
295,James,Justin,Leicester,DEF,46,-1,90,2024-11-30T15:00:00Z,0,0,0,4,0,0,1,0,0,0,-5,9.4,5.6,8.0,2.3,0.13,0.02,0.15,2.40,4217,29041,13,BRE (A),3
296,Victor,Kristiansen,Leicester,DEF,45,0,0,2024-11-30T15:00:00Z,0,0,0,0,0,0,0,0,0,0,0,0.0,0.0,0.0,0.0,0.00,0.00,0.00,0.00,464,455,13,BRE (A),3
297,Wanya,Marcal,Leicester,MID,45,0,0,2024-11-30T15:00:00Z,0,0,0,0,0,0,0,0,0,0,0,0.0,0.0,0.0,0.0,0.00,0.00,0.00,0.00,0,42,13,BRE (A),3
298,Stephy,Mavididi,Leicester,MID,53,1,26,2024-11-30T15:00:00Z,0,0,0,0,0,0,0,0,0,0,9,11.6,15.7,9.0,3.6,0.05,0.12,0.17,0.10,1058,9552,13,BRE (A),3
299,Kasey,McAteer,Leicester,MID,47,0,0,2024-11-30T15:00:00Z,0,0,0,0,0,0,0,0,0,0,0,0.0,0.0,0.0,0.0,0.00,0.00,0.00,0.00,405,156,13,BRE (A),3
300,Wilfred,Ndidi,Leicester,MID,50,2,90,2024-11-30T15:00:00Z,0,0,0,4,0,0,0,0,0,0,7,12.4,4.2,0.0,1.7,0.00,0.01,0.01,2.40,1345,5500,13,BRE (A),3
301,Caleb,Okoli,Leicester,DEF,40,0,34,2024-11-30T15:00:00Z,0,0,0,2,0,0,0,0,0,0,-4,4.8,0.0,0.0,0.5,0.00,0.00,0.00,1.22,3283,6092,13,BRE (A),3
302,Ricardo,Ricardo,Leicester,DEF,42,0,0,2024-11-30T15:00:00Z,0,0,0,0,0,0,0,0,0,0,0,0.0,0.0,0.0,0.0,0.00,0.00,0.00,0.00,173,723,13,BRE (A),3
303,Harry,Souttar,Leicester,DEF,40,0,0,2024-11-30T15:00:00Z,0,0,0,0,0,0,0,0,0,0,0,0.0,0.0,0.0,0.0,0.00,0.00,0.00,0.00,0,22,13,BRE (A),3
304,Jakub,Stolarczyk,Leicester,GK,40,0,0,2024-11-30T15:00:00Z,0,0,0,0,0,0,0,0,0,0,0,0.0,0.0,0.0,0.0,0.00,0.00,0.00,0.00,124,130,13,BRE (A),3
305,Luke,Thomas,Leicester,DEF,39,0,90,2024-11-30T15:00:00Z,0,0,0,4,0,0,0,0,0,0,-1,7.8,13.3,10.0,3.1,0.02,0.03,0.05,2.40,13296,5857,13,BRE (A),3
306,Jamie,Vardy,Leicester,FWD,56,5,63,2024-11-30T15:00:00Z,0,1,0,4,0,0,0,0,0,0,16,18.2,11.5,6.0,3.6,0.00,0.52,0.52,2.29,8441,103243,13,BRE (A),3
307,Jannik,Vestergaard,Leicester,DEF,40,0,55,2024-11-30T15:00:00Z,0,0,0,2,0,0,0,0,0,0,1,13.8,0.9,0.0,1.5,0.00,0.01,0.01,1.17,1364,5366,13,BRE (A),3
308,Danny,Ward,Leicester,GK,40,0,0,2024-11-30T15:00:00Z,0,0,0,0,0,0,0,0,0,0,0,0.0,0.0,0.0,0.0,0.00,0.00,0.00,0.00,848,4170,13,BRE (A),3
309,Harry,Winks,Leicester,MID,45,0,0,2024-11-30T15:00:00Z,0,0,0,0,0,0,0,0,0,0,0,0.0,0.0,0.0,0.0,0.00,0.00,0.00,0.00,9261,150175,13,BRE (A),3
501,Oliver,Skipp,Leicester,MID,48,1,26,2024-11-30T15:00:00Z,0,0,0,0,0,0,0,0,0,0,4,5.4,1.8,0.0,0.7,0.00,0.01,0.01,0.10,115,178,13,BRE (A),3
570,Abdul,A.Fatawu,Leicester,MID,53,0,0,2024-11-30T15:00:00Z,0,0,0,0,0,0,0,0,0,0,0,0.0,0.0,0.0,0.0,0.00,0.00,0.00,0.00,126,3915,13,BRE (A),3
606,Will,Alves,Leicester,MID,45,0,0,2024-11-30T15:00:00Z,0,0,0,0,0,0,0,0,0,0,0,0.0,0.0,0.0,0.0,0.00,0.00,0.00,0.00,204,396,13,BRE (A),3
616,Ben,Nelson,Leicester,DEF,40,0,0,2024-11-30T15:00:00Z,0,0,0,0,0,0,0,0,0,0,0,0.0,0.0,0.0,0.0,0.00,0.00,0.00,0.00,0,41,13,BRE (A),3
635,Bilal,El Khannouss,Leicester,MID,49,0,0,2024-11-30T15:00:00Z,0,0,0,0,0,0,0,0,0,0,0,0.0,0.0,0.0,0.0,0.00,0.00,0.00,0.00,171,152,13,BRE (A),3
310,Alisson,A.Becker,Liverpool,GK,54,0,0,2024-12-01T16:00:00Z,0,0,0,0,0,0,0,0,0,0,0,0.0,0.0,0.0,0.0,0.00,0.00,0.00,0.00,1767,14918,13,MCI (H),5
311,Trent,Alexander-Arnold,Liverpool,DEF,69,8,72,2024-12-01T16:00:00Z,0,0,1,0,0,0,0,0,0,2,32,12.0,24.8,6.0,4.3,0.07,0.08,0.15,0.23,22927,201259,13,MCI (H),5
312,Stefan,Bajcetic,Liverpool,MID,45,0,0,2024-12-01T16:00:00Z,0,0,0,0,0,0,0,0,0,0,0,0.0,0.0,0.0,0.0,0.00,0.00,0.00,0.00,0,124,13,MCI (H),5
313,Conor,Bradley,Liverpool,DEF,47,0,0,2024-12-01T16:00:00Z,0,0,0,0,0,0,0,0,0,0,0,0.0,0.0,0.0,0.0,0.00,0.00,0.00,0.00,4823,10629,13,MCI (H),5
315,Bobby,Clark,Liverpool,MID,45,0,0,2024-12-01T16:00:00Z,0,0,0,0,0,0,0,0,0,0,0,0.0,0.0,0.0,0.0,0.00,0.00,0.00,0.00,0,28,13,MCI (H),5
316,Darwin,Darwin,Liverpool,FWD,71,1,17,2024-12-01T16:00:00Z,0,0,0,0,0,0,0,0,0,0,7,8.0,10.0,2.0,2.0,0.00,0.00,0.00,0.59,8072,23425,13,MCI (H),5
317,Diogo,Diogo J.,Liverpool,MID,72,0,0,2024-12-01T16:00:00Z,0,0,0,0,0,0,0,0,0,0,0,0.0,0.0,0.0,0.0,0.00,0.00,0.00,0.00,298,12143,13,MCI (H),5
318,Ben,Doak,Liverpool,MID,45,0,0,2024-12-01T16:00:00Z,0,0,0,0,0,0,0,0,0,0,0,0.0,0.0,0.0,0.0,0.00,0.00,0.00,0.00,0,47,13,MCI (H),5
319,Harvey,Elliott,Liverpool,MID,52,1,1,2024-12-01T16:00:00Z,0,0,0,0,0,0,0,0,0,0,5,2.0,0.3,0.0,0.2,0.00,0.00,0.00,0.05,232,311,13,MCI (H),5
320,Endo,Endo,Liverpool,MID,47,0,0,2024-12-01T16:00:00Z,0,0,0,0,0,0,0,0,0,0,0,0.0,0.0,0.0,0.0,0.00,0.00,0.00,0.00,426,676,13,MCI (H),5
321,Cody,Gakpo,Liverpool,FWD,71,9,72,2024-12-01T16:00:00Z,1,0,1,0,0,0,0,0,0,3,33,36.8,11.8,61.0,11.0,1.36,0.02,1.37,0.23,6179,16331,13,MCI (H),5
322,Joe,Gomez,Liverpool,DEF,48,6,90,2024-12-01T16:00:00Z,0,0,1,0,0,0,0,0,0,0,26,13.2,0.4,0.0,1.4,0.00,0.00,0.00,0.82,3349,1611,13,MCI (H),5
323,Ryan,Gravenberch,Liverpool,MID,50,2,90,2024-12-01T16:00:00Z,0,0,1,0,0,0,1,0,0,0,8,16.8,12.5,4.0,3.3,0.00,0.04,0.04,0.82,8893,6897,13,MCI (H),5
324,Curtis,Jones,Liverpool,MID,53,1,6,2024-12-01T16:00:00Z,0,0,0,0,0,0,0,0,0,0,6,2.8,1.3,17.0,2.1,0.06,0.01,0.07,0.05,6340,11145,13,MCI (H),5
325,Caoimhin,Kelleher,Liverpool,GK,45,7,90,2024-12-01T16:00:00Z,0,0,1,0,0,0,0,0,3,0,26,23.4,0.0,0.0,2.3,0.00,0.00,0.00,0.82,31263,17451,13,MCI (H),5
326,Ibrahima,Konaté,Liverpool,DEF,54,0,0,2024-12-01T16:00:00Z,0,0,0,0,0,0,0,0,0,0,0,0.0,0.0,0.0,0.0,0.00,0.00,0.00,0.00,38195,271669,13,MCI (H),5
327,Luis,Luis Díaz,Liverpool,MID,76,6,90,2024-12-01T16:00:00Z,0,1,1,0,0,0,0,0,0,0,13,2.0,13.1,4.0,1.9,0.00,0.11,0.11,0.77,28010,333141,13,MCI (H),5
328,Mohamed,M.Salah,Liverpool,MID,131,13,83,2024-12-01T16:00:00Z,1,1,1,0,0,0,0,0,0,2,32,49.6,18.3,33.0,10.1,1.26,0.52,1.78,0.77,429738,19613,13,MCI (H),5
329,Alexis,Mac Allister,Liverpool,MID,62,3,90,2024-12-01T16:00:00Z,0,0,1,0,0,0,0,0,0,0,23,12.4,30.1,2.0,4.5,0.00,0.06,0.06,0.82,4343,4884,13,MCI (H),5
330,James,McConnell,Liverpool,MID,44,0,0,2024-12-01T16:00:00Z,0,0,0,0,0,0,0,0,0,0,0,0.0,0.0,0.0,0.0,0.00,0.00,0.00,0.00,571,500,13,MCI (H),5
331,Tyler,Morton,Liverpool,MID,44,0,0,2024-12-01T16:00:00Z,0,0,0,0,0,0,0,0,0,0,0,0.0,0.0,0.0,0.0,0.00,0.00,0.00,0.00,1386,1790,13,MCI (H),5
332,Nathaniel,N.Phillips,Liverpool,DEF,40,0,0,2024-12-01T16:00:00Z,0,0,0,0,0,0,0,0,0,0,0,0.0,0.0,0.0,0.0,0.00,0.00,0.00,0.00,0,145,13,MCI (H),5
333,Jarell,Quansah,Liverpool,DEF,39,1,17,2024-12-01T16:00:00Z,0,0,0,0,0,0,0,0,0,0,1,1.4,0.6,0.0,0.2,0.00,0.01,0.01,0.59,10681,5226,13,MCI (H),5
334,Rhys,R.Williams,Liverpool,DEF,40,0,0,2024-12-01T16:00:00Z,0,0,0,0,0,0,0,0,0,0,0,0.0,0.0,0.0,0.0,0.00,0.00,0.00,0.00,0,114,13,MCI (H),5
335,Andrew,Robertson,Liverpool,DEF,59,6,90,2024-12-01T16:00:00Z,0,0,1,0,0,0,0,0,0,0,22,10.6,14.8,4.0,2.9,0.05,0.19,0.24,0.82,17699,28624,13,MCI (H),5
336,Dominik,Szoboszlai,Liverpool,MID,63,3,90,2024-12-01T16:00:00Z,0,0,1,0,0,0,0,0,0,0,22,19.8,50.8,28.0,9.9,0.22,0.10,0.32,0.82,7331,5059,13,MCI (H),5
337,Konstantinos,Tsimikas,Liverpool,DEF,46,0,0,2024-12-01T16:00:00Z,0,0,0,0,0,0,0,0,0,0,0,0.0,0.0,0.0,0.0,0.00,0.00,0.00,0.00,367,3993,13,MCI (H),5
339,Virgil,Virgil,Liverpool,DEF,63,6,90,2024-12-01T16:00:00Z,0,0,1,0,0,0,0,0,0,0,25,26.0,0.5,44.0,7.1,0.35,0.02,0.37,0.82,126577,59442,13,MCI (H),5
636,Federico,Chiesa,Liverpool,MID,68,0,0,2024-12-01T16:00:00Z,0,0,0,0,0,0,0,0,0,0,0,0.0,0.0,0.0,0.0,0.00,0.00,0.00,0.00,55,401,13,MCI (H),5
660,Vítezslav,Jaros,Liverpool,GK,40,0,0,2024-12-01T16:00:00Z,0,0,0,0,0,0,0,0,0,0,0,0.0,0.0,0.0,0.0,0.00,0.00,0.00,0.00,1396,1191,13,MCI (H),5
340,Manuel,Akanji,Man City,DEF,54,0,90,2024-12-01T16:00:00Z,0,0,0,2,0,0,1,0,0,0,6,14.2,8.6,0.0,2.3,0.00,0.02,0.02,3.35,2480,28649,13,LIV (A),5
341,Nathan,Aké,Man City,DEF,53,1,90,2024-12-01T16:00:00Z,0,0,0,2,0,0,0,0,0,0,7,21.0,4.3,2.0,2.7,0.00,0.03,0.03,3.35,1083,2796,13,LIV (A),5
342,Bernardo,Bernardo,Man City,MID,64,2,90,2024-12-01T16:00:00Z,0,0,0,2,0,0,0,0,0,0,14,14.0,16.2,14.0,4.4,0.10,0.04,0.14,3.35,2943,53607,13,LIV (A),5
343,Oscar,Bobb,Man City,MID,47,0,0,2024-12-01T16:00:00Z,0,0,0,0,0,0,0,0,0,0,0,0.0,0.0,0.0,0.0,0.00,0.00,0.00,0.00,59,165,13,LIV (A),5
344,Scott,Carson,Man City,GK,40,0,0,2024-12-01T16:00:00Z,0,0,0,0,0,0,0,0,0,0,0,0.0,0.0,0.0,0.0,0.00,0.00,0.00,0.00,296,354,13,LIV (A),5
345,Kevin,De Bruyne,Man City,MID,94,1,11,2024-12-01T16:00:00Z,0,0,0,0,0,0,0,0,0,0,3,5.2,0.9,17.0,2.3,0.40,0.00,0.40,0.11,5596,17440,13,LIV (A),5
346,Jérémy,Doku,Man City,MID,63,1,33,2024-12-01T16:00:00Z,0,0,0,1,0,0,0,0,0,0,9,10.6,13.2,15.0,3.9,0.04,0.03,0.07,1.07,186,8258,13,LIV (A),5
347,Ederson,Ederson M.,Man City,GK,55,0,0,2024-12-01T16:00:00Z,0,0,0,0,0,0,0,0,0,0,0,0.0,0.0,0.0,0.0,0.00,0.00,0.00,0.00,2348,63664,13,LIV (A),5
348,Phil,Foden,Man City,MID,91,1,78,2024-12-01T16:00:00Z,0,0,0,2,0,0,1,0,0,0,3,0.2,15.0,12.0,2.7,0.00,0.02,0.02,3.24,2586,65809,13,LIV (A),5
349,Jack,Grealish,Man City,MID,64,1,11,2024-12-01T16:00:00Z,0,0,0,0,0,0,0,0,0,0,4,0.8,1.2,2.0,0.4,0.00,0.01,0.01,0.11,496,490,13,LIV (A),5
350,Joško,Gvardiol,Man City,DEF,63,0,0,2024-12-01T16:00:00Z,0,0,0,0,0,0,0,0,0,0,0,0.0,0.0,0.0,0.0,0.00,0.00,0.00,0.00,34447,333416,13,LIV (A),5
351,Erling,Haaland,Man City,FWD,151,2,90,2024-12-01T16:00:00Z,0,0,0,2,0,0,0,0,0,0,8,6.0,11.8,28.0,4.6,0.19,0.01,0.20,3.35,6097,1012093,13,LIV (A),5
352,Julián,J.Alvarez,Man City,FWD,70,0,0,2024-12-01T16:00:00Z,0,0,0,0,0,0,0,0,0,0,0,0.0,0.0,0.0,0.0,0.00,0.00,0.00,0.00,0,66,13,LIV (A),5
353,João,João Cancelo,Man City,DEF,53,0,0,2024-12-01T16:00:00Z,0,0,0,0,0,0,0,0,0,0,0,0.0,0.0,0.0,0.0,0.00,0.00,0.00,0.00,0,177,13,LIV (A),5
354,Mateo,Kovačić,Man City,MID,55,0,0,2024-12-01T16:00:00Z,0,0,0,0,0,0,0,0,0,0,0,0.0,0.0,0.0,0.0,0.00,0.00,0.00,0.00,142,105200,13,LIV (A),5
355,Rico,Lewis,Man City,DEF,48,1,78,2024-12-01T16:00:00Z,0,0,0,2,0,0,0,0,0,0,5,8.4,2.9,4.0,1.5,0.07,0.04,0.11,3.24,7867,188176,13,LIV (A),5
356,Matheus Luiz,Matheus N.,Man City,MID,49,0,56,2024-12-01T16:00:00Z,0,0,0,1,0,0,1,0,0,0,-4,3.6,3.3,6.0,1.3,0.00,0.02,0.02,2.29,683,8559,13,LIV (A),5
357,James,McAtee,Man City,MID,47,0,0,2024-12-01T16:00:00Z,0,0,0,0,0,0,0,0,0,0,0,0.0,0.0,0.0,0.0,0.00,0.00,0.00,0.00,92,206,13,LIV (A),5
358,Stefan,Ortega Moreno,Man City,GK,52,2,90,2024-12-01T16:00:00Z,0,0,0,2,0,0,0,0,5,0,11,35.2,0.0,0.0,3.5,0.00,0.00,0.00,3.35,186,747,13,LIV (A),5
360,Rodrigo 'Rodri',Rodrigo,Man City,MID,63,0,0,2024-12-01T16:00:00Z,0,0,0,0,0,0,0,0,0,0,0,0.0,0.0,0.0,0.0,0.00,0.00,0.00,0.00,99,1003,13,LIV (A),5
361,Rúben,Rúben,Man City,DEF,54,1,90,2024-12-01T16:00:00Z,0,0,0,2,0,0,0,0,0,0,7,23.6,11.4,1.0,3.6,0.02,0.01,0.03,3.35,953,15191,13,LIV (A),5
362,John,Stones,Man City,DEF,53,0,0,2024-12-01T16:00:00Z,0,0,0,0,0,0,0,0,0,0,0,0.0,0.0,0.0,0.0,0.00,0.00,0.00,0.00,2472,8943,13,LIV (A),5
363,Kyle,Walker,Man City,DEF,52,1,90,2024-12-01T16:00:00Z,0,0,0,2,0,0,0,0,0,0,7,14.0,13.3,2.0,2.9,0.00,0.08,0.08,3.35,3253,10956,13,LIV (A),5
571,Sávio 'Savinho',Sávio,Man City,MID,65,1,32,2024-12-01T16:00:00Z,0,0,0,1,0,0,0,0,0,0,2,2.6,2.2,4.0,0.9,0.00,0.01,0.01,1.07,3263,20268,13,LIV (A),5
607,Nico,O’Reilly,Man City,MID,49,0,0,2024-12-01T16:00:00Z,0,0,0,0,0,0,0,0,0,0,0,0.0,0.0,0.0,0.0,0.00,0.00,0.00,0.00,23,54,13,LIV (A),5
625,Ilkay,Gündogan,Man City,MID,65,1,57,2024-12-01T16:00:00Z,0,0,0,1,0,0,0,0,0,0,9,2.0,3.5,0.0,0.6,0.00,0.03,0.03,2.29,2003,8105,13,LIV (A),5
626,Issa,Kaboré,Man City,DEF,45,0,0,2024-12-01T16:00:00Z,0,0,0,0,0,0,0,0,0,0,0,0.0,0.0,0.0,0.0,0.00,0.00,0.00,0.00,0,5,13,LIV (A),5
364,Amad,Amad,Man Utd,MID,49,11,90,2024-12-01T13:30:00Z,0,2,1,0,0,0,0,0,0,2,51,50.0,33.3,17.0,10.0,0.14,0.09,0.23,0.65,72981,11756,13,EVE (H),2
365,Antony Matheus,Antony,Man Utd,MID,57,0,0,2024-12-01T13:30:00Z,0,0,0,0,0,0,0,0,0,0,0,0.0,0.0,0.0,0.0,0.00,0.00,0.00,0.00,597,607,13,EVE (H),2
366,Bruno,B.Fernandes,Man Utd,MID,85,9,65,2024-12-01T13:30:00Z,0,2,1,0,0,0,0,0,0,0,31,39.2,28.1,11.0,7.8,0.03,0.18,0.21,0.45,108554,100093,13,EVE (H),2
367,Altay,Bayindir,Man Utd,GK,43,0,0,2024-12-01T13:30:00Z,0,0,0,0,0,0,0,0,0,0,0,0.0,0.0,0.0,0.0,0.00,0.00,0.00,0.00,93,156,13,EVE (H),2
368,Carlos Henrique,Casemiro,Man Utd,MID,48,3,65,2024-12-01T13:30:00Z,0,0,1,0,0,0,0,0,0,0,15,17.2,3.1,0.0,2.0,0.00,0.01,0.01,0.45,3359,9567,13,EVE (H),2
369,Diogo,Dalot,Man Utd,DEF,52,6,90,2024-12-01T13:30:00Z,0,0,1,0,0,0,0,0,0,0,23,12.0,3.6,4.0,2.0,0.00,0.03,0.03,0.65,48653,48649,13,EVE (H),2
370,Christian,Eriksen,Man Utd,MID,54,0,0,2024-12-01T13:30:00Z,0,0,0,0,0,0,0,0,0,0,0,0.0,0.0,0.0,0.0,0.00,0.00,0.00,0.00,968,1073,13,EVE (H),2
371,Jonny,Evans,Man Utd,DEF,44,0,0,2024-12-01T13:30:00Z,0,0,0,0,0,0,0,0,0,0,0,0.0,0.0,0.0,0.0,0.00,0.00,0.00,0.00,525,468,13,EVE (H),2
372,Alejandro,Garnacho,Man Utd,MID,64,1,24,2024-12-01T13:30:00Z,0,0,0,0,0,0,0,0,0,0,2,0.6,2.8,5.0,0.8,0.06,0.04,0.10,0.21,42350,88803,13,EVE (H),2
373,Hannibal,Hannibal,Man Utd,MID,45,0,0,2024-12-01T13:30:00Z,0,0,0,0,0,0,0,0,0,0,0,0.0,0.0,0.0,0.0,0.00,0.00,0.00,0.00,0,96,13,EVE (H),2
374,Tom,Heaton,Man Utd,GK,40,0,0,2024-12-01T13:30:00Z,0,0,0,0,0,0,0,0,0,0,0,0.0,0.0,0.0,0.0,0.00,0.00,0.00,0.00,184,444,13,EVE (H),2
375,Rasmus,Højlund,Man Utd,FWD,69,0,0,2024-12-01T13:30:00Z,0,0,0,0,0,0,0,0,0,0,0,0.0,0.0,0.0,0.0,0.00,0.00,0.00,0.00,26361,34083,13,EVE (H),2
376,Victor,Lindelof,Man Utd,DEF,43,0,0,2024-12-01T13:30:00Z,0,0,0,0,0,0,0,0,0,0,0,0.0,0.0,0.0,0.0,0.00,0.00,0.00,0.00,26,360,13,EVE (H),2
377,Harry,Maguire,Man Utd,DEF,49,1,34,2024-12-01T13:30:00Z,0,0,0,0,0,0,0,0,0,0,3,2.6,0.0,0.0,0.3,0.00,0.00,0.00,0.27,62,897,13,EVE (H),2
378,Kobbie,Mainoo,Man Utd,MID,52,2,79,2024-12-01T13:30:00Z,0,0,1,0,0,0,1,0,0,0,11,7.0,8.1,7.0,2.2,0.03,0.18,0.21,0.45,1448,3958,13,EVE (H),2
379,Tyrell,Malacia,Man Utd,DEF,44,0,0,2024-12-01T13:30:00Z,0,0,0,0,0,0,0,0,0,0,0,0.0,0.0,0.0,0.0,0.00,0.00,0.00,0.00,171,47,13,EVE (H),2
380,Lisandro,Martinez,Man Utd,DEF,44,5,90,2024-12-01T13:30:00Z,0,0,1,0,0,0,1,0,0,0,26,17.8,1.0,0.0,1.9,0.00,0.02,0.02,0.65,3150,26117,13,EVE (H),2
381,Scott,McTominay,Man Utd,MID,49,0,0,2024-12-01T13:30:00Z,0,0,0,0,0,0,0,0,0,0,0,0.0,0.0,0.0,0.0,0.00,0.00,0.00,0.00,0,198,13,EVE (H),2
382,Mason,Mount,Man Utd,MID,63,1,10,2024-12-01T13:30:00Z,0,0,0,0,0,0,0,0,0,0,5,2.6,1.2,0.0,0.4,0.00,0.00,0.00,0.21,1180,388,13,EVE (H),2
383,André,Onana,Man Utd,GK,51,6,90,2024-12-01T13:30:00Z,0,0,1,0,0,0,0,0,2,0,31,18.2,0.0,0.0,1.8,0.00,0.00,0.00,0.65,77274,20169,13,EVE (H),2
384,Facundo,Pellistri,Man Utd,MID,50,0,0,2024-12-01T13:30:00Z,0,0,0,0,0,0,0,0,0,0,0,0.0,0.0,0.0,0.0,0.00,0.00,0.00,0.00,0,6,13,EVE (H),2
385,Marcus,Rashford,Man Utd,MID,69,14,90,2024-12-01T13:30:00Z,2,0,1,0,0,0,0,0,0,1,45,67.8,13.8,44.0,12.6,0.44,0.02,0.46,0.65,33897,16896,13,EVE (H),2
387,Luke,Shaw,Man Utd,DEF,49,1,34,2024-12-01T13:30:00Z,0,0,0,0,0,0,0,0,0,0,9,8.2,0.4,0.0,0.9,0.00,0.00,0.00,0.27,1925,306,13,EVE (H),2
389,Joshua,Zirkzee,Man Utd,FWD,66,13,90,2024-12-01T13:30:00Z,2,0,1,0,0,0,0,0,0,3,57,67.4,25.6,36.0,12.9,0.11,0.08,0.19,0.65,654,6683,13,EVE (H),2
572,Leny,Yoro,Man Utd,DEF,43,0,0,2024-12-01T13:30:00Z,0,0,0,0,0,0,0,0,0,0,0,0.0,0.0,0.0,0.0,0.00,0.00,0.00,0.00,1011,655,13,EVE (H),2
593,Matthijs,De Ligt,Man Utd,DEF,50,1,55,2024-12-01T13:30:00Z,0,0,0,0,0,0,0,0,0,0,11,10.6,0.1,0.0,1.1,0.00,0.00,0.00,0.38,26533,18817,13,EVE (H),2
594,Noussair,Mazraoui,Man Utd,DEF,46,1,55,2024-12-01T13:30:00Z,0,0,0,0,0,0,0,0,0,0,8,7.4,1.9,0.0,0.9,0.00,0.01,0.01,0.38,149311,27751,13,EVE (H),2
613,Toby,Collyer,Man Utd,MID,45,0,0,2024-12-01T13:30:00Z,0,0,0,0,0,0,0,0,0,0,0,0.0,0.0,0.0,0.0,0.00,0.00,0.00,0.00,73,266,13,EVE (H),2
648,Ethan,Wheatley,Man Utd,FWD,45,0,0,2024-12-01T13:30:00Z,0,0,0,0,0,0,0,0,0,0,0,0.0,0.0,0.0,0.0,0.00,0.00,0.00,0.00,8615,21513,13,EVE (H),2
652,Manuel,Ugarte,Man Utd,MID,49,1,24,2024-12-01T13:30:00Z,0,0,0,0,0,0,0,0,0,0,3,3.0,2.7,0.0,0.6,0.00,0.01,0.01,0.21,842,1075,13,EVE (H),2
390,Alex,A.Murphy,Newcastle,DEF,40,0,0,2024-11-30T15:00:00Z,0,0,0,0,0,0,0,0,0,0,0,0.0,0.0,0.0,0.0,0.00,0.00,0.00,0.00,1187,2551,13,CRY (A),3
391,Miguel,Almirón,Newcastle,MID,55,0,0,2024-11-30T15:00:00Z,0,0,0,0,0,0,0,0,0,0,0,0.0,0.0,0.0,0.0,0.00,0.00,0.00,0.00,1336,1490,13,CRY (A),3
392,Harvey,Barnes,Newcastle,MID,63,2,68,2024-11-30T15:00:00Z,0,0,0,1,0,0,0,0,0,0,2,2.0,2.4,4.0,0.8,0.00,0.02,0.02,1.76,11524,30342,13,CRY (A),3
393,Sven,Botman,Newcastle,DEF,44,0,0,2024-11-30T15:00:00Z,0,0,0,0,0,0,0,0,0,0,0,0.0,0.0,0.0,0.0,0.00,0.00,0.00,0.00,46,40,13,CRY (A),3
394,Bruno,Bruno G.,Newcastle,MID,62,2,90,2024-11-30T15:00:00Z,0,0,0,1,0,0,0,0,0,0,12,1.8,3.6,2.0,0.7,0.00,0.02,0.02,1.76,1414,10739,13,CRY (A),3
395,Dan,Burn,Newcastle,DEF,44,4,90,2024-11-30T15:00:00Z,0,0,0,1,0,0,0,0,0,2,19,24.2,0.3,0.0,2.5,0.00,0.00,0.00,1.76,8664,23000,13,CRY (A),3
396,Martin,Dúbravka,Newcastle,GK,42,0,0,2024-11-30T15:00:00Z,0,0,0,0,0,0,0,0,0,0,0,0.0,0.0,0.0,0.0,0.00,0.00,0.00,0.00,283,1095,13,CRY (A),3
398,Anthony,Gordon,Newcastle,MID,72,5,74,2024-11-30T15:00:00Z,0,1,1,0,0,0,1,0,0,0,14,6.2,17.0,4.0,2.7,0.00,0.02,0.02,1.60,26191,54461,13,CRY (A),3
399,Lewis,Hall,Newcastle,DEF,44,2,90,2024-11-30T15:00:00Z,0,0,0,1,0,0,0,0,0,0,2,2.2,6.9,2.0,1.1,0.00,0.04,0.04,1.76,62356,19513,13,CRY (A),3
400,Isaac,Hayden,Newcastle,MID,45,0,0,2024-11-30T15:00:00Z,0,0,0,0,0,0,0,0,0,0,0,0.0,0.0,0.0,0.0,0.00,0.00,0.00,0.00,104,308,13,CRY (A),3
401,Alexander,Isak,Newcastle,FWD,85,1,21,2024-11-30T15:00:00Z,0,0,0,0,0,0,0,0,0,0,3,0.0,0.3,0.0,0.0,0.00,0.00,0.00,0.00,131173,110444,13,CRY (A),3
402,Jacob,J.Murphy,Newcastle,MID,50,0,0,2024-11-30T15:00:00Z,0,0,0,0,0,0,0,0,0,0,0,0.0,0.0,0.0,0.0,0.00,0.00,0.00,0.00,383,1664,13,CRY (A),3
403,Joelinton Cássio,Joelinton,Newcastle,MID,60,2,90,2024-11-30T15:00:00Z,0,0,0,1,0,0,0,0,0,0,2,9.4,3.7,12.0,2.5,0.04,0.01,0.05,1.76,10506,8579,13,CRY (A),3
404,Lloyd,Kelly,Newcastle,DEF,43,0,0,2024-11-30T15:00:00Z,0,0,0,0,0,0,0,0,0,0,0,0.0,0.0,0.0,0.0,0.00,0.00,0.00,0.00,211,354,13,CRY (A),3
405,Emil,Krafth,Newcastle,DEF,44,0,0,2024-11-30T15:00:00Z,0,0,0,0,0,0,0,0,0,0,0,0.0,0.0,0.0,0.0,0.00,0.00,0.00,0.00,32,888,13,CRY (A),3
406,Garang,Kuol,Newcastle,MID,45,0,0,2024-11-30T15:00:00Z,0,0,0,0,0,0,0,0,0,0,0,0.0,0.0,0.0,0.0,0.00,0.00,0.00,0.00,87,197,13,CRY (A),3
407,Jamaal,Lascelles,Newcastle,DEF,45,0,0,2024-11-30T15:00:00Z,0,0,0,0,0,0,0,0,0,0,0,0.0,0.0,0.0,0.0,0.00,0.00,0.00,0.00,45,27,13,CRY (A),3
408,Jamal,Lewis,Newcastle,DEF,40,0,0,2024-11-30T15:00:00Z,0,0,0,0,0,0,0,0,0,0,0,0.0,0.0,0.0,0.0,0.00,0.00,0.00,0.00,0,491,13,CRY (A),3
409,Tino,Livramento,Newcastle,DEF,45,2,90,2024-11-30T15:00:00Z,0,0,0,1,0,0,0,0,0,0,13,17.8,2.1,4.0,2.4,0.00,0.02,0.02,1.76,8993,6739,13,CRY (A),3
410,Sean,Longstaff,Newcastle,MID,47,1,15,2024-11-30T15:00:00Z,0,0,0,1,0,0,0,0,0,0,3,0.6,0.7,0.0,0.1,0.00,0.00,0.00,0.15,4371,4426,13,CRY (A),3
411,Lewis,Miley,Newcastle,MID,50,0,0,2024-11-30T15:00:00Z,0,0,0,0,0,0,0,0,0,0,0,0.0,0.0,0.0,0.0,0.00,0.00,0.00,0.00,70,46,13,CRY (A),3
412,Odysseas,Odysseas,Newcastle,GK,43,0,0,2024-11-30T15:00:00Z,0,0,0,0,0,0,0,0,0,0,0,0.0,0.0,0.0,0.0,0.00,0.00,0.00,0.00,32,140,13,CRY (A),3
413,Nick,Pope,Newcastle,GK,50,2,90,2024-11-30T15:00:00Z,0,0,0,1,0,0,0,0,2,0,8,19.4,0.0,0.0,1.9,0.00,0.00,0.00,1.76,17990,18042,13,CRY (A),3
414,John,Ruddy,Newcastle,GK,40,0,0,2024-11-30T15:00:00Z,0,0,0,0,0,0,0,0,0,0,0,0.0,0.0,0.0,0.0,0.00,0.00,0.00,0.00,270,542,13,CRY (A),3
415,Fabian,Schär,Newcastle,DEF,54,2,90,2024-11-30T15:00:00Z,0,0,0,1,0,0,0,0,0,0,12,30.6,0.6,0.0,3.1,0.00,0.01,0.01,1.76,12142,7575,13,CRY (A),3
416,Matt,Targett,Newcastle,DEF,40,0,0,2024-11-30T15:00:00Z,0,0,0,0,0,0,0,0,0,0,0,0.0,0.0,0.0,0.0,0.00,0.00,0.00,0.00,468,676,13,CRY (A),3
417,Sandro,Tonali,Newcastle,MID,55,2,90,2024-11-30T15:00:00Z,0,0,0,1,0,0,0,0,0,0,14,18.6,7.9,2.0,2.9,0.00,0.09,0.09,1.76,2106,2377,13,CRY (A),3
418,Kieran,Trippier,Newcastle,DEF,56,0,0,2024-11-30T15:00:00Z,0,0,0,0,0,0,0,0,0,0,0,0.0,0.0,0.0,0.0,0.00,0.00,0.00,0.00,6496,5312,13,CRY (A),3
419,Joe,White,Newcastle,MID,45,0,0,2024-11-30T15:00:00Z,0,0,0,0,0,0,0,0,0,0,0,0.0,0.0,0.0,0.0,0.00,0.00,0.00,0.00,0,375,13,CRY (A),3
420,Joe,Willock,Newcastle,MID,48,2,74,2024-11-30T15:00:00Z,0,0,1,0,0,0,1,0,0,0,3,0.4,3.8,0.0,0.4,0.00,0.01,0.01,1.60,430,2312,13,CRY (A),3
421,Callum,Wilson,Newcastle,FWD,69,0,15,2024-11-30T15:00:00Z,0,0,0,1,0,0,1,0,0,0,-3,0.0,0.3,0.0,0.0,0.00,0.00,0.00,0.15,653,162,13,CRY (A),3
574,Miodrag,Pivas,Newcastle,DEF,40,0,0,2024-11-30T15:00:00Z,0,0,0,0,0,0,0,0,0,0,0,0.0,0.0,0.0,0.0,0.00,0.00,0.00,0.00,0,129,13,CRY (A),3
590,William,Osula,Newcastle,FWD,50,0,0,2024-11-30T15:00:00Z,0,0,0,0,0,0,0,0,0,0,0,0.0,0.0,0.0,0.0,0.00,0.00,0.00,0.00,315,689,13,CRY (A),3
26,Álex,Alex Moreno,Nottingham Forest,DEF,44,1,13,2024-11-30T15:00:00Z,0,0,0,0,0,0,0,0,0,0,3,2.2,0.3,0.0,0.3,0.00,0.00,0.00,0.15,9161,2745,13,IPS (H),2
422,Ola,Aina,Nottingham Forest,DEF,48,8,90,2024-11-30T15:00:00Z,0,0,1,0,0,0,0,0,0,2,34,22.8,1.8,0.0,2.5,0.00,0.01,0.01,0.59,184947,39554,13,IPS (H),2
423,Elliot,Anderson,Nottingham Forest,MID,50,3,70,2024-11-30T15:00:00Z,0,0,1,0,0,0,0,0,0,0,22,17.2,54.0,6.0,7.7,0.00,0.19,0.19,0.44,140,3484,13,IPS (H),2
424,Taiwo,Awoniyi,Nottingham Forest,FWD,56,0,0,2024-11-30T15:00:00Z,0,0,0,0,0,0,0,0,0,0,0,0.0,0.0,0.0,0.0,0.00,0.00,0.00,0.00,1189,1262,13,IPS (H),2
425,Willy,Boly,Nottingham Forest,DEF,43,0,0,2024-11-30T15:00:00Z,0,0,0,0,0,0,0,0,0,0,0,0.0,0.0,0.0,0.0,0.00,0.00,0.00,0.00,223,332,13,IPS (H),2
426,Josh,Bowler,Nottingham Forest,MID,45,0,0,2024-11-30T15:00:00Z,0,0,0,0,0,0,0,0,0,0,0,0.0,0.0,0.0,0.0,0.00,0.00,0.00,0.00,0,72,13,IPS (H),2
427,Carlos Miguel,C.Miguel,Nottingham Forest,GK,42,0,0,2024-11-30T15:00:00Z,0,0,0,0,0,0,0,0,0,0,0,0.0,0.0,0.0,0.0,0.00,0.00,0.00,0.00,271,511,13,IPS (H),2
428,Eric,Da Silva Moreira,Nottingham Forest,MID,45,0,0,2024-11-30T15:00:00Z,0,0,0,0,0,0,0,0,0,0,0,0.0,0.0,0.0,0.0,0.00,0.00,0.00,0.00,163,344,13,IPS (H),2
429,Danilo,Danilo,Nottingham Forest,MID,47,0,0,2024-11-30T15:00:00Z,0,0,0,0,0,0,0,0,0,0,0,0.0,0.0,0.0,0.0,0.00,0.00,0.00,0.00,18,33,13,IPS (H),2
430,Emmanuel,Dennis,Nottingham Forest,FWD,49,0,0,2024-11-30T15:00:00Z,0,0,0,0,0,0,0,0,0,0,0,0.0,0.0,0.0,0.0,0.00,0.00,0.00,0.00,929,1831,13,IPS (H),2
431,Nicolás,Dominguez,Nottingham Forest,MID,48,1,19,2024-11-30T15:00:00Z,0,0,0,0,0,0,0,0,0,0,2,5.6,0.7,0.0,0.6,0.00,0.00,0.00,0.15,413,215,13,IPS (H),2
432,Anthony,Elanga,Nottingham Forest,MID,52,1,12,2024-11-30T15:00:00Z,0,0,0,0,0,0,0,0,0,0,2,0.0,0.8,0.0,0.1,0.00,0.00,0.00,0.15,1194,8864,13,IPS (H),2
433,Morgan,Gibbs-White,Nottingham Forest,MID,63,2,77,2024-11-30T15:00:00Z,0,0,1,0,0,0,1,0,0,0,10,9.6,23.4,32.0,6.5,0.12,0.19,0.31,0.44,1281,7992,13,IPS (H),2
434,Callum,Hudson-Odoi,Nottingham Forest,MID,54,3,87,2024-11-30T15:00:00Z,0,0,1,0,0,0,0,0,0,0,7,7.6,25.3,21.0,5.4,0.23,0.03,0.26,0.59,33161,16683,13,IPS (H),2
435,Alex,Mighten,Nottingham Forest,MID,45,0,0,2024-11-30T15:00:00Z,0,0,0,0,0,0,0,0,0,0,0,0.0,0.0,0.0,0.0,0.00,0.00,0.00,0.00,0,45,13,IPS (H),2
436,Murillo,Murillo,Nottingham Forest,DEF,46,7,90,2024-11-30T15:00:00Z,0,0,1,0,0,0,0,0,0,1,26,29.6,6.4,35.0,7.1,0.22,0.00,0.22,0.59,66723,9694,13,IPS (H),2
437,Neco,N.Williams,Nottingham Forest,DEF,43,6,76,2024-11-30T15:00:00Z,0,0,1,0,0,0,0,0,0,0,19,10.6,20.2,1.0,3.2,0.03,0.11,0.14,0.44,913,1385,13,IPS (H),2
438,Omar,O.Richards,Nottingham Forest,DEF,45,0,0,2024-11-30T15:00:00Z,0,0,0,0,0,0,0,0,0,0,0,0.0,0.0,0.0,0.0,0.00,0.00,0.00,0.00,0,32,13,IPS (H),2
439,Lewis,O'Brien,Nottingham Forest,MID,50,0,0,2024-11-30T15:00:00Z,0,0,0,0,0,0,0,0,0,0,0,0.0,0.0,0.0,0.0,0.00,0.00,0.00,0.00,0,1,13,IPS (H),2
440,Andrew,Omobamidele,Nottingham Forest,DEF,43,0,0,2024-11-30T15:00:00Z,0,0,0,0,0,0,0,0,0,0,0,0.0,0.0,0.0,0.0,0.00,0.00,0.00,0.00,53,147,13,IPS (H),2
441,Jonathan,Panzo,Nottingham Forest,DEF,40,0,0,2024-11-30T15:00:00Z,0,0,0,0,0,0,0,0,0,0,0,0.0,0.0,0.0,0.0,0.00,0.00,0.00,0.00,0,1,13,IPS (H),2
442,Ibrahim,Sangaré,Nottingham Forest,MID,44,0,0,2024-11-30T15:00:00Z,0,0,0,0,0,0,0,0,0,0,0,0.0,0.0,0.0,0.0,0.00,0.00,0.00,0.00,579,6238,13,IPS (H),2
443,Matz,Sels,Nottingham Forest,GK,47,6,90,2024-11-30T15:00:00Z,0,0,1,0,0,0,0,0,2,0,24,16.6,0.0,0.0,1.7,0.00,0.00,0.00,0.59,45052,20406,13,IPS (H),2
444,Harry,Toffolo,Nottingham Forest,DEF,43,0,0,2024-11-30T15:00:00Z,0,0,0,0,0,0,0,0,0,0,0,0.0,0.0,0.0,0.0,0.00,0.00,0.00,0.00,75,157,13,IPS (H),2
446,Hwang,Ui-jo,Nottingham Forest,FWD,45,0,0,2024-11-30T15:00:00Z,0,0,0,0,0,0,0,0,0,0,0,0.0,0.0,0.0,0.0,0.00,0.00,0.00,0.00,0,9957,13,IPS (H),2
447,Chris,Wood,Nottingham Forest,FWD,66,9,90,2024-11-30T15:00:00Z,1,0,1,0,0,0,0,0,0,3,35,35.2,1.3,25.0,6.2,0.79,0.00,0.79,0.59,125950,183464,13,IPS (H),2
448,Joe,Worrall,Nottingham Forest,DEF,45,0,0,2024-11-30T15:00:00Z,0,0,0,0,0,0,0,0,0,0,0,0.0,0.0,0.0,0.0,0.00,0.00,0.00,0.00,0,24,13,IPS (H),2
449,Ryan,Yates,Nottingham Forest,MID,49,3,90,2024-11-30T15:00:00Z,0,0,1,0,0,0,0,0,0,0,16,6.4,1.8,8.0,1.6,0.17,0.01,0.18,0.59,1906,3350,13,IPS (H),2
531,James,Ward-Prowse,Nottingham Forest,MID,62,0,0,2024-11-30T15:00:00Z,0,0,0,0,0,0,0,0,0,0,0,0.0,0.0,0.0,0.0,0.00,0.00,0.00,0.00,2095,1291,13,IPS (H),2
573,Nikola,Milenković,Nottingham Forest,DEF,45,6,90,2024-11-30T15:00:00Z,0,0,1,0,0,0,0,0,0,0,25,12.8,0.2,4.0,1.7,0.04,0.01,0.05,0.59,9935,3957,13,IPS (H),2
596,João Pedro,Jota Silva,Nottingham Forest,MID,59,6,77,2024-11-30T15:00:00Z,0,1,1,0,0,0,0,0,0,0,22,4.8,11.7,16.0,3.3,0.08,0.54,0.62,0.44,567,501,13,IPS (H),2
620,Ramón,Sosa,Nottingham Forest,MID,55,1,2,2024-11-30T15:00:00Z,0,0,0,0,0,0,0,0,0,0,4,2.0,11.3,2.0,1.5,0.00,0.02,0.02,0.00,307,209,13,IPS (H),2
653,Felipe,Morato,Nottingham Forest,DEF,45,1,12,2024-11-30T15:00:00Z,0,0,0,0,0,0,0,0,0,0,3,5.0,0.0,0.0,0.5,0.00,0.00,0.00,0.15,217,193,13,IPS (H),2
14,Aaron,Ramsdale,Southampton,GK,44,0,0,2024-11-29T20:00:00Z,0,0,0,0,0,0,0,0,0,0,0,0.0,0.0,0.0,0.0,0.00,0.00,0.00,0.00,152,23292,13,BHA (A),3
27,Cameron,Archer,Southampton,FWD,50,2,87,2024-11-29T20:00:00Z,0,0,0,1,0,0,0,0,0,0,3,0.2,2.2,13.0,1.5,0.53,0.00,0.53,1.60,9223,32353,13,BHA (A),3
188,Lesley,Ugochukwu,Southampton,MID,45,0,0,2024-11-29T20:00:00Z,0,0,0,0,0,0,0,0,0,0,0,0.0,0.0,0.0,0.0,0.00,0.00,0.00,0.00,460,1843,13,BHA (A),3
397,Ryan,Fraser,Southampton,MID,48,1,24,2024-11-29T20:00:00Z,0,0,0,0,0,0,0,0,0,0,5,4.4,0.5,2.0,0.7,0.00,0.00,0.00,0.61,47,66,13,BHA (A),3
450,Carlos,Alcaraz,Southampton,MID,49,0,0,2024-11-29T20:00:00Z,0,0,0,0,0,0,0,0,0,0,0,0.0,0.0,0.0,0.0,0.00,0.00,0.00,0.00,0,49,13,BHA (A),3
451,Samuel,Amo-Ameyaw,Southampton,MID,44,0,0,2024-11-29T20:00:00Z,0,0,0,0,0,0,0,0,0,0,0,0.0,0.0,0.0,0.0,0.00,0.00,0.00,0.00,1850,751,13,BHA (A),3
452,Joe,Aribo,Southampton,MID,49,1,24,2024-11-29T20:00:00Z,0,0,0,0,0,0,0,0,0,0,6,5.8,10.8,2.0,1.9,0.00,0.01,0.01,0.61,189,613,13,BHA (A),3
453,Adam,Armstrong,Southampton,FWD,51,5,90,2024-11-29T20:00:00Z,0,1,0,1,0,0,0,0,0,0,16,5.6,13.0,18.0,3.7,0.24,0.01,0.25,1.60,14129,4072,13,BHA (A),3
454,Gavin,Bazunu,Southampton,GK,43,0,0,2024-11-29T20:00:00Z,0,0,0,0,0,0,0,0,0,0,0,0.0,0.0,0.0,0.0,0.00,0.00,0.00,0.00,52,287,13,BHA (A),3
455,Jan,Bednarek,Southampton,DEF,40,0,0,2024-11-29T20:00:00Z,0,0,0,0,0,0,0,0,0,0,0,0.0,0.0,0.0,0.0,0.00,0.00,0.00,0.00,1148,36379,13,BHA (A),3
456,Armel,Bella-Kotchap,Southampton,DEF,39,0,0,2024-11-29T20:00:00Z,0,0,0,0,0,0,0,0,0,0,0,0.0,0.0,0.0,0.0,0.00,0.00,0.00,0.00,1604,1716,13,BHA (A),3
457,James,Bree,Southampton,DEF,39,0,0,2024-11-29T20:00:00Z,0,0,0,0,0,0,0,0,0,0,0,0.0,0.0,0.0,0.0,0.00,0.00,0.00,0.00,1600,1122,13,BHA (A),3
458,Shea,Charles,Southampton,MID,45,0,0,2024-11-29T20:00:00Z,0,0,0,0,0,0,0,0,0,0,0,0.0,0.0,0.0,0.0,0.00,0.00,0.00,0.00,0,104,13,BHA (A),3
459,Samuel,Edozie,Southampton,MID,49,0,0,2024-11-29T20:00:00Z,0,0,0,0,0,0,0,0,0,0,0,0.0,0.0,0.0,0.0,0.00,0.00,0.00,0.00,0,14,13,BHA (A),3
460,Ronnie,Edwards,Southampton,DEF,39,0,0,2024-11-29T20:00:00Z,0,0,0,0,0,0,0,0,0,0,0,0.0,0.0,0.0,0.0,0.00,0.00,0.00,0.00,1921,1454,13,BHA (A),3
461,Taylor,Harwood-Bellis,Southampton,DEF,41,1,90,2024-11-29T20:00:00Z,0,0,0,1,0,0,1,0,0,0,10,18.8,1.0,0.0,2.0,0.00,0.02,0.02,1.68,14957,28094,13,BHA (A),3
462,Kamaldeen,Kamaldeen,Southampton,MID,50,1,2,2024-11-29T20:00:00Z,0,0,0,0,0,0,0,0,0,0,5,1.0,0.0,0.0,0.1,0.00,0.00,0.00,0.08,50,46,13,BHA (A),3
463,Adam,Lallana,Southampton,MID,50,0,0,2024-11-29T20:00:00Z,0,0,0,0,0,0,0,0,0,0,0,0.0,0.0,0.0,0.0,0.00,0.00,0.00,0.00,88,277,13,BHA (A),3
464,Juan,Larios,Southampton,DEF,40,0,0,2024-11-29T20:00:00Z,0,0,0,0,0,0,0,0,0,0,0,0.0,0.0,0.0,0.0,0.00,0.00,0.00,0.00,76,233,13,BHA (A),3
465,Mateusz,Lis,Southampton,GK,40,0,0,2024-11-29T20:00:00Z,0,0,0,0,0,0,0,0,0,0,0,0.0,0.0,0.0,0.0,0.00,0.00,0.00,0.00,0,312,13,BHA (A),3
466,Joe,Lumley,Southampton,GK,40,3,90,2024-11-29T20:00:00Z,0,0,0,1,0,0,0,0,4,0,14,25.4,0.0,0.0,2.5,0.00,0.00,0.00,1.68,195,499,13,BHA (A),3
467,Ryan,Manning,Southampton,DEF,43,2,90,2024-11-29T20:00:00Z,0,0,0,1,0,0,0,0,0,0,11,23.2,10.9,8.0,4.2,0.02,0.09,0.11,1.68,77,152,13,BHA (A),3
468,Sékou,Mara,Southampton,FWD,50,0,0,2024-11-29T20:00:00Z,0,0,0,0,0,0,0,0,0,0,0,0.0,0.0,0.0,0.0,0.00,0.00,0.00,0.00,0,52,13,BHA (A),3
469,Alex,McCarthy,Southampton,GK,43,0,0,2024-11-29T20:00:00Z,0,0,0,0,0,0,0,0,0,0,0,0.0,0.0,0.0,0.0,0.00,0.00,0.00,0.00,702,414,13,BHA (A),3
470,Paul,Onuachu,Southampton,FWD,49,0,0,2024-11-29T20:00:00Z,0,0,0,0,0,0,0,0,0,0,0,0.0,0.0,0.0,0.0,0.00,0.00,0.00,0.00,1328,2404,13,BHA (A),3
471,Will,Smallbone,Southampton,MID,50,0,0,2024-11-29T20:00:00Z,0,0,0,0,0,0,0,0,0,0,0,0.0,0.0,0.0,0.0,0.00,0.00,0.00,0.00,56,113,13,BHA (A),3
472,Jack,Stephens,Southampton,DEF,40,4,90,2024-11-29T20:00:00Z,0,0,0,1,0,0,0,0,0,2,20,30.6,1.4,0.0,3.2,0.00,0.00,0.00,1.68,3669,2486,13,BHA (A),3
473,Ross,Stewart,Southampton,FWD,45,0,0,2024-11-29T20:00:00Z,0,0,0,0,0,0,0,0,0,0,0,0.0,0.0,0.0,0.0,0.00,0.00,0.00,0.00,2215,29391,13,BHA (A),3
474,Sugawara,Sugawara,Southampton,DEF,45,2,65,2024-11-29T20:00:00Z,0,0,0,1,0,0,0,0,0,0,10,16.4,29.6,0.0,4.6,0.00,0.14,0.14,1.07,387,1160,13,BHA (A),3
475,Charlie,Taylor,Southampton,DEF,39,0,0,2024-11-29T20:00:00Z,0,0,0,0,0,0,0,0,0,0,0,0.0,0.0,0.0,0.0,0.00,0.00,0.00,0.00,18093,15521,13,BHA (A),3
476,Kyle,Walker-Peters,Southampton,DEF,44,1,90,2024-11-29T20:00:00Z,0,0,0,1,0,0,1,0,0,0,7,15.8,0.7,0.0,1.7,0.00,0.00,0.00,1.68,1142,1375,13,BHA (A),3
477,Nathan,Wood,Southampton,DEF,40,0,0,2024-11-29T20:00:00Z,0,0,0,0,0,0,0,0,0,0,0,0.0,0.0,0.0,0.0,0.00,0.00,0.00,0.00,740,3162,13,BHA (A),3
515,Maxwel,Cornet,Southampton,MID,47,0,0,2024-11-29T20:00:00Z,0,0,0,0,0,0,0,0,0,0,0,0.0,0.0,0.0,0.0,0.00,0.00,0.00,0.00,47,88,13,BHA (A),3
518,Flynn,Downes,Southampton,MID,48,6,65,2024-11-29T20:00:00Z,1,0,0,1,0,0,1,0,0,0,19,33.2,2.6,17.0,5.3,0.08,0.00,0.08,1.07,132,305,13,BHA (A),3
584,Ben,Brereton Díaz,Southampton,MID,50,1,1,2024-11-29T20:00:00Z,0,0,0,0,0,0,0,0,0,0,3,0.2,0.1,0.0,0.0,0.00,0.00,0.00,0.08,115,738,13,BHA (A),3
608,Tyler,Dibling,Southampton,MID,45,1,90,2024-11-29T20:00:00Z,0,0,0,1,0,0,1,0,0,0,7,13.8,25.9,25.0,6.5,0.05,0.05,0.10,1.68,22555,29459,13,BHA (A),3
623,Mateus Gonçalo,M.Fernandes,Southampton,MID,50,2,90,2024-11-29T20:00:00Z,0,0,0,1,0,0,0,0,0,0,13,7.8,17.3,7.0,3.2,0.08,0.28,0.36,1.68,1338,338,13,BHA (A),3
82,Dominic,Solanke,Spurs,FWD,76,0,0,2024-12-01T13:30:00Z,0,0,0,0,0,0,0,0,0,0,0,0.0,0.0,0.0,0.0,0.00,0.00,0.00,0.00,74565,108312,13,FUL (H),2
478,Ashley,A.Phillips,Spurs,DEF,40,0,0,2024-12-01T13:30:00Z,0,0,0,0,0,0,0,0,0,0,0,0.0,0.0,0.0,0.0,0.00,0.00,0.00,0.00,0,544,13,FUL (H),2
479,Brandon,Austin,Spurs,GK,40,0,0,2024-12-01T13:30:00Z,0,0,0,0,0,0,0,0,0,0,0,0.0,0.0,0.0,0.0,0.00,0.00,0.00,0.00,745,1166,13,FUL (H),2
480,Rodrigo,Bentancur,Spurs,MID,50,0,0,2024-12-01T13:30:00Z,0,0,0,0,0,0,0,0,0,0,0,0.0,0.0,0.0,0.0,0.00,0.00,0.00,0.00,37,2240,13,FUL (H),2
481,Lucas,Bergvall,Spurs,MID,44,1,5,2024-12-01T13:30:00Z,0,0,0,0,0,0,0,0,0,0,5,3.8,2.4,0.0,0.6,0.00,0.00,0.00,0.00,8111,6582,13,FUL (H),2
482,Yves,Bissouma,Spurs,MID,49,2,90,2024-12-01T13:30:00Z,0,0,0,1,0,0,0,0,0,0,12,17.2,3.7,0.0,2.1,0.00,0.04,0.04,1.38,1410,3547,13,FUL (H),2
483,Bryan,Bryan,Spurs,MID,50,0,0,2024-12-01T13:30:00Z,0,0,0,0,0,0,0,0,0,0,0,0.0,0.0,0.0,0.0,0.00,0.00,0.00,0.00,0,0,13,FUL (H),2
484,Ben,Davies,Spurs,DEF,43,2,90,2024-12-01T13:30:00Z,0,0,0,1,0,0,0,0,0,0,16,36.2,1.3,0.0,3.8,0.00,0.01,0.01,1.38,2412,374,13,FUL (H),2
485,Alfie,Devine,Spurs,MID,45,0,0,2024-12-01T13:30:00Z,0,0,0,0,0,0,0,0,0,0,0,0.0,0.0,0.0,0.0,0.00,0.00,0.00,0.00,0,155,13,FUL (H),2
486,Radu,Dragusin,Spurs,DEF,43,2,90,2024-12-01T13:30:00Z,0,0,0,1,0,0,0,0,0,0,14,24.2,1.3,21.0,4.7,0.03,0.01,0.04,1.38,7683,767,13,FUL (H),2
487,Emerson,E.Royal,Spurs,DEF,45,0,0,2024-12-01T13:30:00Z,0,0,0,0,0,0,0,0,0,0,0,0.0,0.0,0.0,0.0,0.00,0.00,0.00,0.00,0,8,13,FUL (H),2
488,Fraser,Forster,Spurs,GK,43,3,90,2024-12-01T13:30:00Z,0,0,0,1,0,0,0,0,5,0,13,43.6,0.0,0.0,4.4,0.00,0.00,0.00,1.38,11214,836,13,FUL (H),2
489,Archie,Gray,Spurs,MID,47,1,10,2024-12-01T13:30:00Z,0,0,0,0,0,0,0,0,0,0,4,0.0,0.6,0.0,0.0,0.00,0.00,0.00,0.00,261,759,13,FUL (H),2
490,Pierre-Emile,Højbjerg,Spurs,MID,50,0,0,2024-12-01T13:30:00Z,0,0,0,0,0,0,0,0,0,0,0,0.0,0.0,0.0,0.0,0.00,0.00,0.00,0.00,0,3,13,FUL (H),2
491,Brennan,Johnson,Spurs,MID,67,10,90,2024-12-01T13:30:00Z,1,0,0,1,0,0,0,0,0,3,27,37.8,4.0,37.0,7.9,0.31,0.01,0.32,1.38,80840,82291,13,FUL (H),2
492,Dejan,Kulusevski,Spurs,MID,63,1,22,2024-12-01T13:30:00Z,0,0,0,0,0,0,0,0,0,0,3,1.6,0.8,0.0,0.2,0.00,0.01,0.01,0.00,89391,17388,13,FUL (H),2
493,Giovani,Lo Celso,Spurs,MID,49,0,0,2024-12-01T13:30:00Z,0,0,0,0,0,0,0,0,0,0,0,0.0,0.0,0.0,0.0,0.00,0.00,0.00,0.00,0,35,13,FUL (H),2
494,James,Maddison,Spurs,MID,76,2,84,2024-12-01T13:30:00Z,0,0,0,1,0,0,0,0,0,0,11,9.8,21.6,6.0,3.7,0.07,0.06,0.13,1.38,300424,15886,13,FUL (H),2
495,Pedro,Pedro Porro,Spurs,DEF,55,2,90,2024-12-01T13:30:00Z,0,0,0,1,0,0,0,0,0,0,11,8.6,19.4,4.0,3.2,0.07,0.07,0.14,1.38,435969,20161,13,FUL (H),2
496,Sergio,Reguilón,Spurs,DEF,42,0,0,2024-12-01T13:30:00Z,0,0,0,0,0,0,0,0,0,0,0,0.0,0.0,0.0,0.0,0.00,0.00,0.00,0.00,443,585,13,FUL (H),2
497,Richarlison,Richarlison,Spurs,FWD,68,0,0,2024-12-01T13:30:00Z,0,0,0,0,0,0,0,0,0,0,0,0.0,0.0,0.0,0.0,0.00,0.00,0.00,0.00,60,705,13,FUL (H),2
498,Cristian,Romero,Spurs,DEF,50,0,0,2024-12-01T13:30:00Z,0,0,0,0,0,0,0,0,0,0,0,0.0,0.0,0.0,0.0,0.00,0.00,0.00,0.00,1117,94946,13,FUL (H),2
499,Pape Matar,P.M.Sarr,Spurs,MID,48,2,84,2024-12-01T13:30:00Z,0,0,0,1,0,0,0,0,0,0,16,10.0,4.6,2.0,1.7,0.00,0.01,0.01,1.38,1620,1439,13,FUL (H),2
500,Dane,Scarlett,Spurs,FWD,45,0,0,2024-12-01T13:30:00Z,0,0,0,0,0,0,0,0,0,0,0,0.0,0.0,0.0,0.0,0.00,0.00,0.00,0.00,0,271,13,FUL (H),2
502,Manor,Solomon,Spurs,MID,54,0,0,2024-12-01T13:30:00Z,0,0,0,0,0,0,0,0,0,0,0,0.0,0.0,0.0,0.0,0.00,0.00,0.00,0.00,0,16,13,FUL (H),2
503,Son,Son,Spurs,MID,99,2,90,2024-12-01T13:30:00Z,0,0,0,1,0,0,0,0,0,0,9,8.0,15.9,21.0,4.5,0.18,0.03,0.21,1.38,69547,32623,13,FUL (H),2
504,Djed,Spence,Spurs,DEF,44,0,0,2024-12-01T13:30:00Z,0,0,0,0,0,0,0,0,0,0,0,0.0,0.0,0.0,0.0,0.00,0.00,0.00,0.00,118,140,13,FUL (H),2
505,Destiny,Udogie,Spurs,DEF,49,2,90,2024-12-01T13:30:00Z,0,0,0,1,0,0,0,0,0,0,8,12.8,4.8,4.0,2.2,0.00,0.03,0.03,1.38,30546,8674,13,FUL (H),2
506,Micky,Van de Ven,Spurs,DEF,46,0,0,2024-12-01T13:30:00Z,0,0,0,0,0,0,0,0,0,0,0,0.0,0.0,0.0,0.0,0.00,0.00,0.00,0.00,470,70720,13,FUL (H),2
507,Alejo,Veliz,Spurs,FWD,50,0,0,2024-12-01T13:30:00Z,0,0,0,0,0,0,0,0,0,0,0,0.0,0.0,0.0,0.0,0.00,0.00,0.00,0.00,0,4,13,FUL (H),2
508,Guglielmo,Vicario,Spurs,GK,50,0,0,2024-12-01T13:30:00Z,0,0,0,0,0,0,0,0,0,0,0,0.0,0.0,0.0,0.0,0.00,0.00,0.00,0.00,8814,53999,13,FUL (H),2
509,Timo,Werner,Spurs,MID,62,7,67,2024-12-01T13:30:00Z,0,1,0,1,0,0,0,0,0,2,24,20.2,22.8,6.0,4.9,0.00,0.58,0.58,1.38,799,417,13,FUL (H),2
510,Alfie,Whiteman,Spurs,GK,40,0,0,2024-12-01T13:30:00Z,0,0,0,0,0,0,0,0,0,0,0,0.0,0.0,0.0,0.0,0.00,0.00,0.00,0.00,491,2521,13,FUL (H),2
609,Will,Lankshear,Spurs,FWD,45,1,1,2024-12-01T13:30:00Z,0,0,0,0,0,0,0,0,0,0,3,0.0,0.0,0.0,0.0,0.00,0.00,0.00,0.00,5489,14455,13,FUL (H),2
610,Mikey,Moore,Spurs,MID,45,0,0,2024-12-01T13:30:00Z,0,0,0,0,0,0,0,0,0,0,0,0.0,0.0,0.0,0.0,0.00,0.00,0.00,0.00,69,2427,13,FUL (H),2
612,Wilson,Odobert,Spurs,MID,53,0,0,2024-12-01T13:30:00Z,0,0,0,0,0,0,0,0,0,0,0,0.0,0.0,0.0,0.0,0.00,0.00,0.00,0.00,11,62,13,FUL (H),2
388,Aaron,Wan-Bissaka,West Ham,DEF,44,6,90,2024-11-30T17:30:00Z,1,0,0,5,0,0,0,0,0,0,10,47.6,2.3,23.0,7.3,0.45,0.02,0.47,3.60,52508,5329,13,ARS (H),5
511,Edson,Álvarez,West Ham,MID,50,1,45,2024-11-30T17:30:00Z,0,0,0,0,0,0,0,0,0,0,5,7.8,4.0,2.0,1.4,0.00,0.01,0.01,0.33,325,390,13,ARS (H),5
512,Michail,Antonio,West Ham,FWD,54,2,64,2024-11-30T17:30:00Z,0,0,0,5,0,0,0,0,0,0,4,2.0,12.9,5.0,2.0,0.05,0.05,0.10,3.38,5043,26897,13,ARS (H),5
513,Alphonse,Areola,West Ham,GK,43,0,0,2024-11-30T17:30:00Z,0,0,0,0,0,0,0,0,0,0,0,0.0,0.0,0.0,0.0,0.00,0.00,0.00,0.00,1783,24136,13,ARS (H),5
514,Jarrod,Bowen,West Ham,MID,74,2,90,2024-11-30T17:30:00Z,0,0,0,5,0,0,0,0,0,0,6,0.8,1.0,3.0,0.5,0.06,0.01,0.07,3.60,17715,50019,13,ARS (H),5
516,Vladimír,Coufal,West Ham,DEF,43,1,25,2024-11-30T17:30:00Z,0,0,0,0,0,0,0,0,0,0,3,4.2,0.7,2.0,0.7,0.00,0.04,0.04,0.22,288,1530,13,ARS (H),5
517,Aaron,Cresswell,West Ham,DEF,40,0,0,2024-11-30T17:30:00Z,0,0,0,0,0,0,0,0,0,0,0,0.0,0.0,0.0,0.0,0.00,0.00,0.00,0.00,1043,4973,13,ARS (H),5
519,George,Earthy,West Ham,MID,45,0,0,2024-11-30T17:30:00Z,0,0,0,0,0,0,0,0,0,0,0,0.0,0.0,0.0,0.0,0.00,0.00,0.00,0.00,0,108,13,ARS (H),5
520,Emerson,Emerson,West Ham,DEF,44,5,64,2024-11-30T17:30:00Z,1,0,0,5,0,0,1,0,0,0,1,44.2,1.0,14.0,5.9,0.13,0.00,0.13,3.38,4614,1673,13,ARS (H),5
521,Łukasz,Fabianski,West Ham,GK,41,-1,90,2024-11-30T17:30:00Z,0,0,0,5,0,0,1,0,2,0,-14,8.0,0.0,0.0,0.8,0.00,0.00,0.00,3.60,47188,18551,13,ARS (H),5
522,Wes,Foderingham,West Ham,GK,43,0,0,2024-11-30T17:30:00Z,0,0,0,0,0,0,0,0,0,0,0,0.0,0.0,0.0,0.0,0.00,0.00,0.00,0.00,201,330,13,ARS (H),5
523,Danny,Ings,West Ham,FWD,50,1,25,2024-11-30T17:30:00Z,0,0,0,0,0,0,0,0,0,0,0,3.0,0.4,27.0,3.0,0.57,0.00,0.57,0.22,4237,15718,13,ARS (H),5
524,Max,Kilman,West Ham,DEF,45,0,90,2024-11-30T17:30:00Z,0,0,0,5,0,0,0,0,0,0,-8,12.6,1.0,0.0,1.4,0.00,0.01,0.01,3.60,2681,7151,13,ARS (H),5
525,Mohammed,Kudus,West Ham,MID,62,0,0,2024-11-30T17:30:00Z,0,0,0,0,0,0,0,0,0,0,0,0.0,0.0,0.0,0.0,0.00,0.00,0.00,0.00,240,8199,13,ARS (H),5
526,Luis Guilherme,L.Guilherme,West Ham,MID,47,0,0,2024-11-30T17:30:00Z,0,0,0,0,0,0,0,0,0,0,0,0.0,0.0,0.0,0.0,0.00,0.00,0.00,0.00,44,104,13,ARS (H),5
527,Lucas,L.Paquetá,West Ham,MID,58,5,76,2024-11-30T17:30:00Z,0,1,0,5,0,0,0,0,0,0,18,11.8,32.0,7.0,5.1,0.14,0.02,0.16,3.38,2252,7178,13,ARS (H),5
528,Konstantinos,Mavropanos,West Ham,DEF,44,0,0,2024-11-30T17:30:00Z,0,0,0,0,0,0,0,0,0,0,0,0.0,0.0,0.0,0.0,0.00,0.00,0.00,0.00,95,556,13,ARS (H),5
529,Nayef,N.Aguerd,West Ham,DEF,44,0,0,2024-11-30T17:30:00Z,0,0,0,0,0,0,0,0,0,0,0,0.0,0.0,0.0,0.0,0.00,0.00,0.00,0.00,0,66,13,ARS (H),5
530,Tomáš,Souček,West Ham,MID,49,1,90,2024-11-30T17:30:00Z,0,0,0,5,0,0,1,0,0,0,8,15.2,1.4,35.0,5.2,0.08,0.01,0.09,3.60,10941,12839,13,ARS (H),5
532,Kurt,Zouma,West Ham,DEF,44,0,0,2024-11-30T17:30:00Z,0,0,0,0,0,0,0,0,0,0,0,0.0,0.0,0.0,0.0,0.00,0.00,0.00,0.00,0,306,13,ARS (H),5
576,Andy,Irving,West Ham,MID,48,1,12,2024-11-30T17:30:00Z,0,0,0,0,0,0,0,0,0,0,1,0.0,3.5,0.0,0.3,0.00,0.00,0.00,0.22,30,62,13,ARS (H),5
587,Crysencio,Summerville,West Ham,MID,57,0,45,2024-11-30T17:30:00Z,0,0,0,5,0,0,1,0,0,0,-1,8.0,0.3,0.0,0.8,0.00,0.00,0.00,3.27,1316,3094,13,ARS (H),5
588,Guido,G.Rodríguez,West Ham,MID,49,1,13,2024-11-30T17:30:00Z,0,0,0,0,0,0,0,0,0,0,5,5.2,14.5,5.0,2.5,0.06,0.01,0.07,0.22,89,294,13,ARS (H),5
589,Niclas,Füllkrug,West Ham,FWD,67,0,0,2024-11-30T17:30:00Z,0,0,0,0,0,0,0,0,0,0,0,0.0,0.0,0.0,0.0,0.00,0.00,0.00,0.00,52,1146,13,ARS (H),5
591,Jean-Clair,Todibo,West Ham,DEF,43,0,90,2024-11-30T17:30:00Z,0,0,0,5,0,0,0,0,0,0,-3,18.0,0.4,0.0,1.8,0.00,0.00,0.00,3.60,475,1544,13,ARS (H),5
643,Kaelan,Casey,West Ham,DEF,40,0,0,2024-11-30T17:30:00Z,0,0,0,0,0,0,0,0,0,0,0,0.0,0.0,0.0,0.0,0.00,0.00,0.00,0.00,209,631,13,ARS (H),5
654,Carlos,C.Soler,West Ham,MID,50,5,77,2024-11-30T17:30:00Z,0,1,0,5,0,0,0,0,0,0,20,17.0,15.5,2.0,3.5,0.00,0.23,0.23,3.38,168,134,13,ARS (H),5
204,Sam,Johnstone,Wolves,GK,44,0,0,2024-11-30T15:00:00Z,0,0,0,0,0,0,0,0,0,0,0,0.0,0.0,0.0,0.0,0.00,0.00,0.00,0.00,634,1837,13,BOU (H),2
533,Rayan,Aït-Nouri,Wolves,DEF,48,0,90,2024-11-30T15:00:00Z,0,0,0,4,0,0,0,0,0,0,2,21.0,9.1,10.0,4.0,0.05,0.03,0.08,3.29,213042,19476,13,BOU (H),2
534,Boubacar,B.Traore,Wolves,MID,48,0,0,2024-11-30T15:00:00Z,0,0,0,0,0,0,0,0,0,0,0,0.0,0.0,0.0,0.0,0.00,0.00,0.00,0.00,30,56,13,BOU (H),2
535,Jean-Ricner,Bellegarde,Wolves,MID,50,5,63,2024-11-30T15:00:00Z,0,1,0,3,0,0,0,0,0,0,18,20.0,18.0,2.0,4.0,0.00,0.10,0.10,2.40,491,467,13,BOU (H),2
536,Daniel,Bentley,Wolves,GK,40,0,0,2024-11-30T15:00:00Z,0,0,0,0,0,0,0,0,0,0,0,0.0,0.0,0.0,0.0,0.00,0.00,0.00,0.00,641,3293,13,BOU (H),2
537,Francisco Jorge,Chiquinho,Wolves,MID,45,0,0,2024-11-30T15:00:00Z,0,0,0,0,0,0,0,0,0,0,0,0.0,0.0,0.0,0.0,0.00,0.00,0.00,0.00,0,343,13,BOU (H),2
538,Tawanda,Chirewa,Wolves,MID,45,0,0,2024-11-30T15:00:00Z,0,0,0,0,0,0,0,0,0,0,0,0.0,0.0,0.0,0.0,0.00,0.00,0.00,0.00,0,121,13,BOU (H),2
539,Leon,Chiwome,Wolves,FWD,45,0,0,2024-11-30T15:00:00Z,0,0,0,0,0,0,0,0,0,0,0,0.0,0.0,0.0,0.0,0.00,0.00,0.00,0.00,12093,32967,13,BOU (H),2
540,Luke,Cundle,Wolves,MID,45,0,0,2024-11-30T15:00:00Z,0,0,0,0,0,0,0,0,0,0,0,0.0,0.0,0.0,0.0,0.00,0.00,0.00,0.00,428,1081,13,BOU (H),2
541,Matheus,Cunha,Wolves,FWD,70,2,90,2024-11-30T15:00:00Z,0,0,0,4,0,0,0,0,0,0,8,12.6,29.5,5.0,4.7,0.11,0.07,0.18,3.29,1041324,8951,13,BOU (H),2
542,Craig,Dawson,Wolves,DEF,44,0,45,2024-11-30T15:00:00Z,0,0,0,1,0,0,1,0,0,0,-1,3.4,0.3,0.0,0.4,0.00,0.00,0.00,1.05,1632,1365,13,BOU (H),2
543,Matt,Doherty,Wolves,DEF,43,0,0,2024-11-30T15:00:00Z,0,0,0,0,0,0,0,0,0,0,0,0.0,0.0,0.0,0.0,0.00,0.00,0.00,0.00,304,355,13,BOU (H),2
544,Tommy,Doyle,Wolves,MID,48,0,0,2024-11-30T15:00:00Z,0,0,0,0,0,0,0,0,0,0,0,0.0,0.0,0.0,0.0,0.00,0.00,0.00,0.00,134,418,13,BOU (H),2
545,Fábio,Fábio Silva,Wolves,FWD,50,0,0,2024-11-30T15:00:00Z,0,0,0,0,0,0,0,0,0,0,0,0.0,0.0,0.0,0.0,0.00,0.00,0.00,0.00,0,205,13,BOU (H),2
546,Nathan,Fraser,Wolves,FWD,45,0,0,2024-11-30T15:00:00Z,0,0,0,0,0,0,0,0,0,0,0,0.0,0.0,0.0,0.0,0.00,0.00,0.00,0.00,0,11067,13,BOU (H),2
547,Enso,Gonzalez,Wolves,MID,44,0,0,2024-11-30T15:00:00Z,0,0,0,0,0,0,0,0,0,0,0,0.0,0.0,0.0,0.0,0.00,0.00,0.00,0.00,1079,524,13,BOU (H),2
548,Gonçalo Manuel,Guedes,Wolves,MID,53,4,26,2024-11-30T15:00:00Z,0,1,0,1,0,0,0,0,0,0,18,26.4,11.3,7.0,4.5,0.02,0.11,0.13,0.89,2040,394,13,BOU (H),2
549,Hugo,H.Bueno,Wolves,DEF,45,0,0,2024-11-30T15:00:00Z,0,0,0,0,0,0,0,0,0,0,0,0.0,0.0,0.0,0.0,0.00,0.00,0.00,0.00,0,12,13,BOU (H),2
550,Hwang,Hee Chan,Wolves,MID,61,1,8,2024-11-30T15:00:00Z,0,0,0,0,0,0,0,0,0,0,2,0.6,0.5,0.0,0.1,0.00,0.00,0.00,0.10,2111,553,13,BOU (H),2
551,Joe,Hodge,Wolves,MID,45,0,0,2024-11-30T15:00:00Z,0,0,0,0,0,0,0,0,0,0,0,0.0,0.0,0.0,0.0,0.00,0.00,0.00,0.00,0,855,13,BOU (H),2
552,Ki-Jana,Hoever,Wolves,DEF,40,0,0,2024-11-30T15:00:00Z,0,0,0,0,0,0,0,0,0,0,0,0.0,0.0,0.0,0.0,0.00,0.00,0.00,0.00,0,420,13,BOU (H),2
553,João Victor,J.Gomes,Wolves,MID,49,2,90,2024-11-30T15:00:00Z,0,0,0,4,0,0,0,0,0,0,5,9.0,5.5,4.0,1.9,0.02,0.08,0.10,3.29,103941,3185,13,BOU (H),2
554,José,José Sá,Wolves,GK,43,0,90,2024-11-30T15:00:00Z,0,0,0,4,0,0,1,0,4,0,-10,18.6,0.0,0.0,1.9,0.00,0.00,0.00,3.29,16600,4490,13,BOU (H),2
555,Saša,Kalajdžić,Wolves,FWD,48,0,0,2024-11-30T15:00:00Z,0,0,0,0,0,0,0,0,0,0,0,0.0,0.0,0.0,0.0,0.00,0.00,0.00,0.00,72,166,13,BOU (H),2
556,Tom,King,Wolves,GK,40,0,0,2024-11-30T15:00:00Z,0,0,0,0,0,0,0,0,0,0,0,0.0,0.0,0.0,0.0,0.00,0.00,0.00,0.00,976,3296,13,BOU (H),2
557,Mario,Mario Jr.,Wolves,MID,50,1,90,2024-11-30T15:00:00Z,0,0,0,4,0,0,1,0,0,0,17,17.8,11.1,0.0,2.9,0.00,0.01,0.01,3.29,22139,2817,13,BOU (H),2
558,Yerson,Mosquera,Wolves,DEF,39,0,0,2024-11-30T15:00:00Z,0,0,0,0,0,0,0,0,0,0,0,0.0,0.0,0.0,0.0,0.00,0.00,0.00,0.00,665,2718,13,BOU (H),2
559,Nélson,N.Semedo,Wolves,DEF,45,-1,90,2024-11-30T15:00:00Z,0,0,0,4,0,0,1,0,0,0,2,18.0,3.4,1.0,2.2,0.01,0.01,0.02,3.29,10183,1838,13,BOU (H),2
561,Pedro,Pedro Lima,Wolves,DEF,40,0,0,2024-11-30T15:00:00Z,0,0,0,0,0,0,0,0,0,0,0,0.0,0.0,0.0,0.0,0.00,0.00,0.00,0.00,894,4010,13,BOU (H),2
562,Daniel,Podence,Wolves,MID,55,0,0,2024-11-30T15:00:00Z,0,0,0,0,0,0,0,0,0,0,0,0.0,0.0,0.0,0.0,0.00,0.00,0.00,0.00,0,31,13,BOU (H),2
563,Rodrigo,R.Gomes,Wolves,MID,52,1,45,2024-11-30T15:00:00Z,0,0,0,3,0,0,0,0,0,0,4,3.4,14.7,4.0,2.2,0.00,0.03,0.03,2.24,719,383,13,BOU (H),2
564,Santiago,S.Bueno,Wolves,DEF,43,0,0,2024-11-30T15:00:00Z,0,0,0,0,0,0,0,0,0,0,0,0.0,0.0,0.0,0.0,0.00,0.00,0.00,0.00,108,420,13,BOU (H),2
565,Pablo,Sarabia,Wolves,MID,51,0,0,2024-11-30T15:00:00Z,0,0,0,0,0,0,0,0,0,0,0,0.0,0.0,0.0,0.0,0.00,0.00,0.00,0.00,490,992,13,BOU (H),2
566,Jørgen,Strand Larsen,Wolves,FWD,56,11,90,2024-11-30T15:00:00Z,2,0,0,4,0,0,1,0,0,2,51,69.2,4.8,48.0,12.2,0.24,0.01,0.25,3.29,17460,56968,13,BOU (H),2
567,Toti António,Toti,Wolves,DEF,43,1,63,2024-11-30T15:00:00Z,0,0,0,3,0,0,0,0,0,0,-4,0.2,1.8,4.0,0.6,0.02,0.02,0.04,2.40,9372,1174,13,BOU (H),2
637,Bastien,Meupiyou,Wolves,DEF,40,0,0,2024-11-30T15:00:00Z,0,0,0,0,0,0,0,0,0,0,0,0.0,0.0,0.0,0.0,0.00,0.00,0.00,0.00,40,464,13,BOU (H),2
642,André,André,Wolves,MID,50,2,81,2024-11-30T15:00:00Z,0,0,0,4,0,0,0,0,0,0,20,19.8,4.4,0.0,2.4,0.00,0.02,0.02,3.19,263,186,13,BOU (H),2
655,Carlos Roberto,Forbs,Wolves,MID,55,1,26,2024-11-30T15:00:00Z,0,0,0,1,0,0,0,0,0,0,1,1.2,0.6,0.0,0.2,0.00,0.00,0.00,0.89,202,191,13,BOU (H),2
664,Alfie,Pond,Wolves,DEF,39,0,0,2024-11-30T15:00:00Z,0,0,0,0,0,0,0,0,0,0,0,0.0,0.0,0.0,0.0,0.00,0.00,0.00,0.00,11125,2457,13,BOU (H),2
