,Player ID,Name,Last_Name,Team,Position,Cost_Today,GW Points,Form,Gameweek,GW15,GW16,GW17,GW18,GW19,NGW1,NGW2,NGW3,NGW4,NGW5,F_1,F_2,F_3,F_4,F_5,FDI_1,FDI_2,FDI_3,FDI_4,FDI_5
12,1,Fábio,Fábio Vieira,Arsenal,MID,54,0,0.0,14,FUL (A),EVE (H),CRY (A),IPS (H),BRE (A),3,3,4,2,2,3,6,10,12,14,0.0,0.0,0.0,0.0,0.0
26,2,Gabriel,G.Jesus,Arsenal,FWD,68,0,0.75,14,FUL (A),EVE (H),CRY (A),IPS (H),BRE (A),3,3,4,2,2,3,6,10,12,14,0.25,0.125,0.075,0.0625,0.0536
40,3,Gabriel,Gabriel,Arsenal,DEF,62,0,4.25,14,FUL (A),EVE (H),CRY (A),IPS (H),BRE (A),3,2,2,2,5,3,5,7,9,14,1.4167,0.85,0.6071,0.4722,0.3036
54,4,Kai,Havertz,Arsenal,FWD,79,2,2.25,14,FUL (A),EVE (H),CRY (A),IPS (H),BRE (A),3,3,4,2,2,3,6,10,12,14,0.75,0.375,0.225,0.1875,0.1607
68,5,Karl,Hein,Arsenal,GK,40,0,0.0,14,FUL (A),EVE (H),CRY (A),IPS (H),BRE (A),3,2,2,2,5,3,5,7,9,14,0.0,0.0,0.0,0.0,0.0
82,6,Jurriën,J.Timber,Arsenal,DEF,55,14,5.75,14,FUL (A),EVE (H),CRY (A),IPS (H),BRE (A),3,2,2,2,5,3,5,7,9,14,1.9167,1.15,0.8214,0.6389,0.4107
96,7,Jorge Luiz,Jorginho,Arsenal,MID,47,1,0.75,14,FUL (A),EVE (H),CRY (A),IPS (H),BRE (A),3,3,4,2,2,3,6,10,12,14,0.25,0.125,0.075,0.0625,0.0536
110,8,Jakub,Kiwior,Arsenal,DEF,48,6,2.0,14,FUL (A),EVE (H),CRY (A),IPS (H),BRE (A),3,2,2,2,5,3,5,7,9,14,0.6667,0.4,0.2857,0.2222,0.1429
124,9,Gabriel,Martinelli,Arsenal,MID,68,3,2.75,14,FUL (A),EVE (H),CRY (A),IPS (H),BRE (A),3,3,4,2,2,3,6,10,12,14,0.9167,0.4583,0.275,0.2292,0.1964
138,10,Reiss,Nelson,Fulham,MID,50,2,2.5,14,ARS (H),LIV (A),SOU (H),CHE (A),BOU (H),4,5,2,3,4,4,9,11,14,18,0.625,0.2778,0.2273,0.1786,0.1389
152,11,Eddie,Nketiah,Crystal Palace,FWD,59,1,0.5,14,MCI (H),BHA (A),ARS (H),BOU (A),SOU (H),4,3,4,5,2,4,7,11,16,18,0.125,0.0714,0.0455,0.0312,0.0278
166,12,Ethan,Nwaneri,Arsenal,MID,45,0,1.75,14,FUL (A),EVE (H),CRY (A),IPS (H),BRE (A),3,3,4,2,2,3,6,10,12,14,0.5833,0.2917,0.175,0.1458,0.125
180,13,Martin,Ødegaard,Arsenal,MID,83,3,6.0,14,FUL (A),EVE (H),CRY (A),IPS (H),BRE (A),3,3,4,2,2,3,6,10,12,14,2.0,1.0,0.6,0.5,0.4286
194,14,Aaron,Ramsdale,Southampton,GK,44,0,0.0,14,AVL (A),TOT (H),FUL (A),WHU (H),CRY (A),4,3,3,2,2,4,7,10,12,14,0.0,0.0,0.0,0.0,0.0
208,15,David,Raya,Arsenal,GK,55,6,4.0,14,FUL (A),EVE (H),CRY (A),IPS (H),BRE (A),3,2,2,2,5,3,5,7,9,14,1.3333,0.8,0.5714,0.4444,0.2857
222,16,Declan,Rice,Arsenal,MID,62,7,2.75,14,FUL (A),EVE (H),CRY (A),IPS (H),BRE (A),3,3,4,2,2,3,6,10,12,14,0.9167,0.4583,0.275,0.2292,0.1964
236,17,Bukayo,Saka,Arsenal,MID,104,3,9.0,14,FUL (A),EVE (H),CRY (A),IPS (H),BRE (A),3,3,4,2,2,3,6,10,12,14,3.0,1.5,0.9,0.75,0.6429
250,18,William,Saliba,Arsenal,DEF,60,15,6.25,14,FUL (A),EVE (H),CRY (A),IPS (H),BRE (A),3,2,2,2,5,3,5,7,9,14,2.0833,1.25,0.8929,0.6944,0.4464
264,19,Emile,Smith Rowe,Fulham,MID,57,2,4.0,14,ARS (H),LIV (A),SOU (H),CHE (A),BOU (H),4,5,2,3,4,4,9,11,14,18,1.0,0.4444,0.3636,0.2857,0.2222
278,20,Thomas,Thomas,Arsenal,MID,50,6,4.0,14,FUL (A),EVE (H),CRY (A),IPS (H),BRE (A),3,3,4,2,2,3,6,10,12,14,1.3333,0.6667,0.4,0.3333,0.2857
292,21,Kieran,Tierney,Arsenal,DEF,43,0,0.0,14,FUL (A),EVE (H),CRY (A),IPS (H),BRE (A),3,2,2,2,5,3,5,7,9,14,0.0,0.0,0.0,0.0,0.0
306,22,Tomiyasu,Tomiyasu,Arsenal,DEF,48,0,0.0,14,FUL (A),EVE (H),CRY (A),IPS (H),BRE (A),3,2,2,2,5,3,5,7,9,14,0.0,0.0,0.0,0.0,0.0
320,23,Leandro,Trossard,Arsenal,MID,68,1,4.25,14,FUL (A),EVE (H),CRY (A),IPS (H),BRE (A),3,3,4,2,2,3,6,10,12,14,1.4167,0.7083,0.425,0.3542,0.3036
334,24,Benjamin,White,Arsenal,DEF,61,0,0.25,14,FUL (A),EVE (H),CRY (A),IPS (H),BRE (A),3,2,2,2,5,3,5,7,9,14,0.0833,0.05,0.0357,0.0278,0.0179
348,25,Oleksandr,Zinchenko,Arsenal,DEF,48,5,1.75,14,FUL (A),EVE (H),CRY (A),IPS (H),BRE (A),3,2,2,2,5,3,5,7,9,14,0.5833,0.35,0.25,0.1944,0.125
362,26,Álex,Alex Moreno,Nottingham Forest,DEF,44,1,1.0,14,MUN (A),AVL (H),BRE (A),TOT (H),EVE (A),3,4,5,3,2,3,7,12,15,17,0.3333,0.1429,0.0833,0.0667,0.0588
376,27,Cameron,Archer,Southampton,FWD,50,2,1.75,14,AVL (A),TOT (H),FUL (A),WHU (H),CRY (A),4,3,3,2,4,4,7,10,12,16,0.4375,0.25,0.175,0.1458,0.1094
390,28,Leon,Bailey,Aston Villa,MID,62,2,1.75,14,SOU (H),NFO (A),MCI (H),NEW (A),BHA (H),2,4,4,4,3,2,6,10,14,17,0.875,0.2917,0.175,0.125,0.1029
404,29,Ross,Barkley,Aston Villa,MID,52,1,2.75,14,SOU (H),NFO (A),MCI (H),NEW (A),BHA (H),2,4,4,4,3,2,6,10,14,17,1.375,0.4583,0.275,0.1964,0.1618
418,30,Enzo,Barrenechea,Aston Villa,MID,49,0,0.0,14,SOU (H),NFO (A),MCI (H),NEW (A),BHA (H),2,4,4,4,3,2,6,10,14,17,0.0,0.0,0.0,0.0,0.0
432,31,Emiliano,Buendia,Aston Villa,MID,52,1,0.5,14,SOU (H),NFO (A),MCI (H),NEW (A),BHA (H),2,4,4,4,3,2,6,10,14,17,0.25,0.0833,0.05,0.0357,0.0294
446,32,Matty,Cash,Aston Villa,DEF,44,7,2.0,14,SOU (H),NFO (A),MCI (H),NEW (A),BHA (H),2,4,4,3,3,2,6,10,13,16,1.0,0.3333,0.2,0.1538,0.125
460,33,Leander,Dendoncker,Aston Villa,MID,45,0,0.0,14,SOU (H),NFO (A),MCI (H),NEW (A),BHA (H),2,4,4,4,3,2,6,10,14,17,0.0,0.0,0.0,0.0,0.0
474,34,Moussa,Diaby,Aston Villa,MID,65,0,0.0,14,SOU (H),NFO (A),MCI (H),NEW (A),BHA (H),2,4,4,4,3,2,6,10,14,17,0.0,0.0,0.0,0.0,0.0
488,35,Diego Carlos,Diego Carlos,Aston Villa,DEF,45,0,0.25,14,SOU (H),NFO (A),MCI (H),NEW (A),BHA (H),2,4,4,3,3,2,6,10,13,16,0.125,0.0417,0.025,0.0192,0.0156
502,36,Lucas,Digne,Aston Villa,DEF,47,2,1.5,14,SOU (H),NFO (A),MCI (H),NEW (A),BHA (H),2,4,4,3,3,2,6,10,13,16,0.75,0.25,0.15,0.1154,0.0938
516,37,Lewis,Dobbin,Aston Villa,MID,50,0,0.0,14,SOU (H),NFO (A),MCI (H),NEW (A),BHA (H),2,4,4,4,3,2,6,10,14,17,0.0,0.0,0.0,0.0,0.0
530,38,Jhon,Duran,Aston Villa,FWD,58,0,0.75,14,SOU (H),NFO (A),MCI (H),NEW (A),BHA (H),2,4,4,4,3,2,6,10,14,17,0.375,0.125,0.075,0.0536,0.0441
544,39,Joe,Gauci,Aston Villa,GK,40,0,0.0,14,SOU (H),NFO (A),MCI (H),NEW (A),BHA (H),2,4,4,3,3,2,6,10,13,16,0.0,0.0,0.0,0.0,0.0
558,40,Kortney,Hause,Aston Villa,DEF,40,0,0.0,14,SOU (H),NFO (A),MCI (H),NEW (A),BHA (H),2,4,4,3,3,2,6,10,13,16,0.0,0.0,0.0,0.0,0.0
572,41,Samuel,Iling Jr,Aston Villa,MID,54,0,0.0,14,SOU (H),NFO (A),MCI (H),NEW (A),BHA (H),2,4,4,4,3,2,6,10,14,17,0.0,0.0,0.0,0.0,0.0
586,42,Boubacar,Kamara,Aston Villa,MID,50,2,1.0,14,SOU (H),NFO (A),MCI (H),NEW (A),BHA (H),2,4,4,4,3,2,6,10,14,17,0.5,0.1667,0.1,0.0714,0.0588
600,43,Kaine,Kesler-Hayden,Aston Villa,DEF,40,0,0.0,14,SOU (H),NFO (A),MCI (H),NEW (A),BHA (H),2,4,4,3,3,2,6,10,13,16,0.0,0.0,0.0,0.0,0.0
614,44,Ezri,Konsa,Aston Villa,DEF,44,2,1.0,14,SOU (H),NFO (A),MCI (H),NEW (A),BHA (H),2,4,4,3,3,2,6,10,13,16,0.5,0.1667,0.1,0.0769,0.0625
628,45,Ian,Maatsen,Aston Villa,DEF,46,1,0.5,14,SOU (H),NFO (A),MCI (H),NEW (A),BHA (H),2,4,4,3,3,2,6,10,13,16,0.25,0.0833,0.05,0.0385,0.0312
642,46,Filip,Marschall,Aston Villa,GK,40,0,0.0,14,SOU (H),NFO (A),MCI (H),NEW (A),BHA (H),2,4,4,3,3,2,6,10,13,16,0.0,0.0,0.0,0.0,0.0
656,47,Emiliano,Martinez,Aston Villa,GK,50,2,1.75,14,SOU (H),NFO (A),MCI (H),NEW (A),BHA (H),2,4,4,3,3,2,6,10,13,16,0.875,0.2917,0.175,0.1346,0.1094
670,48,John,McGinn,Aston Villa,MID,52,2,2.5,14,SOU (H),NFO (A),MCI (H),NEW (A),BHA (H),2,4,4,4,3,2,6,10,14,17,1.25,0.4167,0.25,0.1786,0.1471
684,49,Tyrone,Mings,Aston Villa,DEF,44,2,0.5,14,SOU (H),NFO (A),MCI (H),NEW (A),BHA (H),2,4,4,3,3,2,6,10,13,16,0.25,0.0833,0.05,0.0385,0.0312
698,50,Kosta,Nedeljkovic,Aston Villa,DEF,40,0,0.0,14,SOU (H),NFO (A),MCI (H),NEW (A),BHA (H),2,4,4,3,3,2,6,10,13,16,0.0,0.0,0.0,0.0,0.0
712,51,Robin,Olsen,Aston Villa,GK,45,0,0.25,14,SOU (H),NFO (A),MCI (H),NEW (A),BHA (H),2,4,4,3,3,2,6,10,13,16,0.125,0.0417,0.025,0.0192,0.0156
726,52,Pau,Pau,Aston Villa,DEF,44,0,0.75,14,SOU (H),NFO (A),MCI (H),NEW (A),BHA (H),2,4,4,3,3,2,6,10,13,16,0.375,0.125,0.075,0.0577,0.0469
740,53,Jacob,Ramsey,Aston Villa,MID,54,0,0.25,14,SOU (H),NFO (A),MCI (H),NEW (A),BHA (H),2,4,4,4,3,2,6,10,14,17,0.125,0.0417,0.025,0.0179,0.0147
754,54,Morgan,Rogers,Aston Villa,MID,53,8,3.25,14,SOU (H),NFO (A),MCI (H),NEW (A),BHA (H),2,4,4,4,3,2,6,10,14,17,1.625,0.5417,0.325,0.2321,0.1912
768,55,Viljami,Sinisalo,Aston Villa,GK,40,0,0.0,14,SOU (H),NFO (A),MCI (H),NEW (A),BHA (H),2,4,4,3,3,2,6,10,13,16,0.0,0.0,0.0,0.0,0.0
782,56,Lino,Sousa,Aston Villa,DEF,40,0,0.0,14,SOU (H),NFO (A),MCI (H),NEW (A),BHA (H),2,4,4,3,3,2,6,10,13,16,0.0,0.0,0.0,0.0,0.0
796,57,Youri,Tielemans,Aston Villa,MID,55,2,2.0,14,SOU (H),NFO (A),MCI (H),NEW (A),BHA (H),2,4,4,4,3,2,6,10,14,17,1.0,0.3333,0.2,0.1429,0.1176
810,58,Ollie,Watkins,Aston Villa,FWD,90,12,5.75,14,SOU (H),NFO (A),MCI (H),NEW (A),BHA (H),2,4,4,4,3,2,6,10,14,17,2.875,0.9583,0.575,0.4107,0.3382
824,59,Max,Aarons,Bournemouth,DEF,43,0,0.25,14,IPS (A),WHU (H),MUN (A),CRY (H),FUL (A),2,2,3,3,3,2,4,7,10,13,0.125,0.0625,0.0357,0.025,0.0192
838,60,Tyler,Adams,Bournemouth,MID,49,2,2.0,14,IPS (A),WHU (H),MUN (A),CRY (H),FUL (A),2,2,4,2,3,2,4,8,10,13,1.0,0.5,0.25,0.2,0.1538
852,61,Jaidon,Anthony,Bournemouth,MID,45,0,0.0,14,IPS (A),WHU (H),MUN (A),CRY (H),FUL (A),2,2,4,2,3,2,4,8,10,13,0.0,0.0,0.0,0.0,0.0
866,62,David,Brooks,Bournemouth,MID,49,1,2.75,14,IPS (A),WHU (H),MUN (A),CRY (H),FUL (A),2,2,4,2,3,2,4,8,10,13,1.375,0.6875,0.3438,0.275,0.2115
880,63,Ryan,Christie,Bournemouth,MID,49,3,1.5,14,IPS (A),WHU (H),MUN (A),CRY (H),FUL (A),2,2,4,2,3,2,4,8,10,13,0.75,0.375,0.1875,0.15,0.1154
894,64,Lewis,Cook,Bournemouth,MID,50,1,1.75,14,IPS (A),WHU (H),MUN (A),CRY (H),FUL (A),2,2,4,2,3,2,4,8,10,13,0.875,0.4375,0.2188,0.175,0.1346
908,65,Enes,Enes Ünal,Bournemouth,FWD,54,1,1.75,14,IPS (A),WHU (H),MUN (A),CRY (H),FUL (A),2,2,4,2,3,2,4,8,10,13,0.875,0.4375,0.2188,0.175,0.1346
922,66,Romain,Faivre,Bournemouth,MID,50,0,0.0,14,IPS (A),WHU (H),MUN (A),CRY (H),FUL (A),2,2,4,2,3,2,4,8,10,13,0.0,0.0,0.0,0.0,0.0
936,67,Hamed,H.Traorè,Bournemouth,MID,45,0,0.0,14,IPS (A),WHU (H),MUN (A),CRY (H),FUL (A),2,2,4,2,3,2,4,8,10,13,0.0,0.0,0.0,0.0,0.0
950,68,James,Hill,Bournemouth,DEF,40,0,0.0,14,IPS (A),WHU (H),MUN (A),CRY (H),FUL (A),2,2,3,3,3,2,4,7,10,13,0.0,0.0,0.0,0.0,0.0
964,69,Daniel,Jebbison,Bournemouth,FWD,45,0,0.0,14,IPS (A),WHU (H),MUN (A),CRY (H),FUL (A),2,2,4,2,3,2,4,8,10,13,0.0,0.0,0.0,0.0,0.0
978,70,Milos,Kerkez,Bournemouth,DEF,45,8,4.25,14,IPS (A),WHU (H),MUN (A),CRY (H),FUL (A),2,2,3,3,3,2,4,7,10,13,2.125,1.0625,0.6071,0.425,0.3269
992,71,Justin,Kluivert,Bournemouth,MID,54,3,8.0,14,IPS (A),WHU (H),MUN (A),CRY (H),FUL (A),2,2,4,2,3,2,4,8,10,13,4.0,2.0,1.0,0.8,0.6154
1006,72,Chris,Mepham,Bournemouth,DEF,44,0,0.0,14,IPS (A),WHU (H),MUN (A),CRY (H),FUL (A),2,2,3,3,3,2,4,7,10,13,0.0,0.0,0.0,0.0,0.0
1020,73,Norberto,Neto,Arsenal,GK,42,0,0.0,14,FUL (A),EVE (H),CRY (A),IPS (H),BRE (A),3,2,2,2,5,3,5,7,9,14,0.0,0.0,0.0,0.0,0.0
1034,74,Dango,O.Dango,Bournemouth,MID,50,1,0.75,14,IPS (A),WHU (H),MUN (A),CRY (H),FUL (A),2,2,4,2,3,2,4,8,10,13,0.375,0.1875,0.0938,0.075,0.0577
1048,75,Alex,Paulsen,Bournemouth,GK,40,0,0.0,14,IPS (A),WHU (H),MUN (A),CRY (H),FUL (A),2,2,3,3,3,2,4,7,10,13,0.0,0.0,0.0,0.0,0.0
1062,76,Philip,Philip,Bournemouth,MID,48,1,0.5,14,IPS (A),WHU (H),MUN (A),CRY (H),FUL (A),2,2,4,2,3,2,4,8,10,13,0.25,0.125,0.0625,0.05,0.0385
1076,77,Alex,Scott,Bournemouth,MID,47,0,0.0,14,IPS (A),WHU (H),MUN (A),CRY (H),FUL (A),2,2,4,2,3,2,4,8,10,13,0.0,0.0,0.0,0.0,0.0
1090,78,Antoine,Semenyo,Bournemouth,MID,57,3,1.5,14,IPS (A),WHU (H),MUN (A),CRY (H),FUL (A),2,2,4,2,3,2,4,8,10,13,0.75,0.375,0.1875,0.15,0.1154
1104,79,Marcos,Senesi,Bournemouth,DEF,48,0,0.5,14,IPS (A),WHU (H),MUN (A),CRY (H),FUL (A),2,2,3,3,3,2,4,7,10,13,0.25,0.125,0.0714,0.05,0.0385
1118,80,Luis,Sinisterra,Bournemouth,MID,49,0,0.0,14,IPS (A),WHU (H),MUN (A),CRY (H),FUL (A),2,2,4,2,3,2,4,8,10,13,0.0,0.0,0.0,0.0,0.0
1132,81,Adam,Smith,Bournemouth,DEF,45,6,2.0,14,IPS (A),WHU (H),MUN (A),CRY (H),FUL (A),2,2,3,3,3,2,4,7,10,13,1.0,0.5,0.2857,0.2,0.1538
1146,82,Dominic,Solanke,Spurs,FWD,76,2,2.25,14,CHE (H),SOU (A),LIV (H),NFO (A),WOL (H),4,2,5,4,2,4,6,11,15,17,0.5625,0.375,0.2045,0.15,0.1324
1160,83,Marcus,Tavernier,Bournemouth,MID,55,6,3.5,14,IPS (A),WHU (H),MUN (A),CRY (H),FUL (A),2,2,4,2,3,2,4,8,10,13,1.75,0.875,0.4375,0.35,0.2692
1174,84,Mark,Travers,Bournemouth,GK,44,0,0.0,14,IPS (A),WHU (H),MUN (A),CRY (H),FUL (A),2,2,3,3,3,2,4,7,10,13,0.0,0.0,0.0,0.0,0.0
1188,85,Illia,Zabarnyi,Bournemouth,DEF,44,6,1.75,14,IPS (A),WHU (H),MUN (A),CRY (H),FUL (A),2,2,3,3,3,2,4,7,10,13,0.875,0.4375,0.25,0.175,0.1346
1202,86,Kristoffer,Ajer,Brentford,DEF,44,0,0.0,14,NEW (H),CHE (A),NFO (H),BHA (A),ARS (H),2,4,3,4,5,2,6,9,13,18,0.0,0.0,0.0,0.0,0.0
1216,87,Ethan,Brierley,Brentford,MID,45,0,0.0,14,NEW (H),CHE (A),NFO (H),BHA (A),ARS (H),3,3,3,3,4,3,6,9,12,16,0.0,0.0,0.0,0.0,0.0
1230,88,Nathan,Collins,Brentford,DEF,45,0,3.0,14,NEW (H),CHE (A),NFO (H),BHA (A),ARS (H),2,4,3,4,5,2,6,9,13,18,1.5,0.5,0.3333,0.2308,0.1667
1244,89,Mikkel,Damsgaard,Brentford,MID,50,9,6.25,14,NEW (H),CHE (A),NFO (H),BHA (A),ARS (H),3,3,3,3,4,3,6,9,12,16,2.0833,1.0417,0.6944,0.5208,0.3906
1258,90,Josh,Dasilva,Brentford,MID,48,0,0.0,14,NEW (H),CHE (A),NFO (H),BHA (A),ARS (H),3,3,3,3,4,3,6,9,12,16,0.0,0.0,0.0,0.0,0.0
1272,91,Mark,Flekken,Brentford,GK,45,3,3.75,14,NEW (H),CHE (A),NFO (H),BHA (A),ARS (H),2,4,3,4,5,2,6,9,13,18,1.875,0.625,0.4167,0.2885,0.2083
1286,92,Rico,Henry,Brentford,DEF,43,0,0.0,14,NEW (H),CHE (A),NFO (H),BHA (A),ARS (H),2,4,3,4,5,2,6,9,13,18,0.0,0.0,0.0,0.0,0.0
1300,93,Aaron,Hickey,Brentford,DEF,43,0,0.0,14,NEW (H),CHE (A),NFO (H),BHA (A),ARS (H),2,4,3,4,5,2,6,9,13,18,0.0,0.0,0.0,0.0,0.0
1314,94,Vitaly,Janelt,Brentford,MID,49,2,2.75,14,NEW (H),CHE (A),NFO (H),BHA (A),ARS (H),3,3,3,3,4,3,6,9,12,16,0.9167,0.4583,0.3056,0.2292,0.1719
1328,95,Mathias,Jensen,Brentford,MID,53,0,1.5,14,NEW (H),CHE (A),NFO (H),BHA (A),ARS (H),3,3,3,3,4,3,6,9,12,16,0.5,0.25,0.1667,0.125,0.0938
1342,96,Kim,Ji-soo,Brentford,DEF,39,0,0.0,14,NEW (H),CHE (A),NFO (H),BHA (A),ARS (H),2,4,3,4,5,2,6,9,13,18,0.0,0.0,0.0,0.0,0.0
1356,97,Yunus Emre,Konak,Brentford,MID,45,0,0.25,14,NEW (H),CHE (A),NFO (H),BHA (A),ARS (H),3,3,3,3,4,3,6,9,12,16,0.0833,0.0417,0.0278,0.0208,0.0156
1370,98,Keane,Lewis-Potter,Brentford,MID,50,2,2.0,14,NEW (H),CHE (A),NFO (H),BHA (A),ARS (H),3,3,3,3,4,3,6,9,12,16,0.6667,0.3333,0.2222,0.1667,0.125
1384,99,Bryan,Mbeumo,Brentford,MID,78,2,3.0,14,NEW (H),CHE (A),NFO (H),BHA (A),ARS (H),3,3,3,3,4,3,6,9,12,16,1.0,0.5,0.3333,0.25,0.1875
1398,100,Ben,Mee,Brentford,DEF,42,0,0.0,14,NEW (H),CHE (A),NFO (H),BHA (A),ARS (H),2,4,3,4,5,2,6,9,13,18,0.0,0.0,0.0,0.0,0.0
1412,101,Christian,Nørgaard,Brentford,MID,48,0,0.5,14,NEW (H),CHE (A),NFO (H),BHA (A),ARS (H),3,3,3,3,4,3,6,9,12,16,0.1667,0.0833,0.0556,0.0417,0.0312
1426,102,Frank,Onyeka,Brentford,MID,49,0,0.0,14,NEW (H),CHE (A),NFO (H),BHA (A),ARS (H),3,3,3,3,4,3,6,9,12,16,0.0,0.0,0.0,0.0,0.0
1440,103,Myles,Peart-Harris,Brentford,MID,45,0,0.0,14,NEW (H),CHE (A),NFO (H),BHA (A),ARS (H),3,3,3,3,4,3,6,9,12,16,0.0,0.0,0.0,0.0,0.0
1454,104,Ethan,Pinnock,Brentford,DEF,45,0,2.25,14,NEW (H),CHE (A),NFO (H),BHA (A),ARS (H),2,4,3,4,5,2,6,9,13,18,1.125,0.375,0.25,0.1731,0.125
1468,105,Mads,Roerslev,Brentford,DEF,43,1,0.5,14,NEW (H),CHE (A),NFO (H),BHA (A),ARS (H),2,4,3,4,5,2,6,9,13,18,0.25,0.0833,0.0556,0.0385,0.0278
1482,106,Kevin,Schade,Brentford,MID,51,5,7.25,14,NEW (H),CHE (A),NFO (H),BHA (A),ARS (H),3,3,3,3,4,3,6,9,12,16,2.4167,1.2083,0.8056,0.6042,0.4531
1496,107,Igor Thiago,Thiago,Brentford,FWD,59,1,0.75,14,NEW (H),CHE (A),NFO (H),BHA (A),ARS (H),3,3,3,3,4,3,6,9,12,16,0.25,0.125,0.0833,0.0625,0.0469
1510,108,Ivan,Toney,Brentford,FWD,73,0,0.0,14,NEW (H),CHE (A),NFO (H),BHA (A),ARS (H),3,3,3,3,4,3,6,9,12,16,0.0,0.0,0.0,0.0,0.0
1524,109,Hákon,Valdimarsson,Brentford,GK,40,0,0.0,14,NEW (H),CHE (A),NFO (H),BHA (A),ARS (H),2,4,3,4,5,2,6,9,13,18,0.0,0.0,0.0,0.0,0.0
1538,110,Yoane,Wissa,Brentford,FWD,62,2,6.25,14,NEW (H),CHE (A),NFO (H),BHA (A),ARS (H),3,3,3,3,4,3,6,9,12,16,2.0833,1.0417,0.6944,0.5208,0.3906
1552,111,Yehor,Yarmoliuk,Brentford,MID,44,2,1.25,14,NEW (H),CHE (A),NFO (H),BHA (A),ARS (H),3,3,3,3,4,3,6,9,12,16,0.4167,0.2083,0.1389,0.1042,0.0781
1566,112,Mathias,Zanka,Brentford,DEF,45,0,0.0,14,NEW (H),CHE (A),NFO (H),BHA (A),ARS (H),2,4,3,4,5,2,6,9,13,18,0.0,0.0,0.0,0.0,0.0
1580,113,Simon,Adingra,Brighton,MID,53,2,1.5,14,LEI (A),CRY (H),WHU (A),BRE (H),AVL (A),2,2,2,2,4,2,4,6,8,12,0.75,0.375,0.25,0.1875,0.125
1594,114,Benicio,Baker-Boaitey,Brighton,MID,45,0,0.0,14,LEI (A),CRY (H),WHU (A),BRE (H),AVL (A),2,2,2,2,4,2,4,6,8,12,0.0,0.0,0.0,0.0,0.0
1608,115,Carlos,Baleba,Brighton,MID,50,9,2.0,14,LEI (A),CRY (H),WHU (A),BRE (H),AVL (A),2,2,2,2,4,2,4,6,8,12,1.0,0.5,0.3333,0.25,0.1667
1622,116,Valentín,Barco,Brighton,DEF,40,0,0.0,14,LEI (A),CRY (H),WHU (A),BRE (H),AVL (A),3,3,2,2,4,3,6,8,10,14,0.0,0.0,0.0,0.0,0.0
1636,117,Facundo,Buonanotte,Leicester,MID,50,3,3.0,14,BHA (H),NEW (A),WOL (H),LIV (A),MCI (H),3,4,2,5,4,3,7,9,14,18,1.0,0.4286,0.3333,0.2143,0.1667
1650,118,Amario,Cozier-Duberry,Brighton,MID,45,0,0.0,14,LEI (A),CRY (H),WHU (A),BRE (H),AVL (A),2,2,2,2,4,2,4,6,8,12,0.0,0.0,0.0,0.0,0.0
1664,119,Mahmoud,Dahoud,Brighton,MID,49,0,0.0,14,LEI (A),CRY (H),WHU (A),BRE (H),AVL (A),2,2,2,2,4,2,4,6,8,12,0.0,0.0,0.0,0.0,0.0
1678,120,Lewis,Dunk,Brighton,DEF,44,0,0.25,14,LEI (A),CRY (H),WHU (A),BRE (H),AVL (A),3,3,2,2,4,3,6,8,10,14,0.0833,0.0417,0.0312,0.025,0.0179
1692,121,Julio,Enciso,Brighton,MID,54,0,0.0,14,LEI (A),CRY (H),WHU (A),BRE (H),AVL (A),2,2,2,2,4,2,4,6,8,12,0.0,0.0,0.0,0.0,0.0
1706,122,Pervis,Estupiñan,Brighton,DEF,50,1,2.25,14,LEI (A),CRY (H),WHU (A),BRE (H),AVL (A),3,3,2,2,4,3,6,8,10,14,0.75,0.375,0.2812,0.225,0.1607
1720,123,Evan,Ferguson,Brighton,FWD,55,1,0.75,14,LEI (A),CRY (H),WHU (A),BRE (H),AVL (A),2,2,2,2,4,2,4,6,8,12,0.375,0.1875,0.125,0.0938,0.0625
1734,124,Billy,Gilmour,Brighton,MID,50,0,0.0,14,LEI (A),CRY (H),WHU (A),BRE (H),AVL (A),2,2,2,2,4,2,4,6,8,12,0.0,0.0,0.0,0.0,0.0
1748,125,Pascal,Gross,Brighton,MID,65,0,0.0,14,LEI (A),CRY (H),WHU (A),BRE (H),AVL (A),2,2,2,2,4,2,4,6,8,12,0.0,0.0,0.0,0.0,0.0
1762,126,Jack,Hinshelwood,Brighton,MID,50,0,0.25,14,LEI (A),CRY (H),WHU (A),BRE (H),AVL (A),2,2,2,2,4,2,4,6,8,12,0.125,0.0625,0.0417,0.0312,0.0208
1776,127,Ibrahim,I.Osman,Brighton,MID,50,0,0.0,14,LEI (A),CRY (H),WHU (A),BRE (H),AVL (A),2,2,2,2,4,2,4,6,8,12,0.0,0.0,0.0,0.0,0.0
1790,128,Igor Julio,Igor,Brighton,DEF,44,1,1.5,14,LEI (A),CRY (H),WHU (A),BRE (H),AVL (A),3,3,2,2,4,3,6,8,10,14,0.5,0.25,0.1875,0.15,0.1071
1804,129,João Pedro,João Pedro,Brighton,FWD,58,5,7.5,14,LEI (A),CRY (H),WHU (A),BRE (H),AVL (A),2,2,2,2,4,2,4,6,8,12,3.75,1.875,1.25,0.9375,0.625
1818,130,Kacper,Kozlowski,Brighton,MID,45,0,0.0,14,LEI (A),CRY (H),WHU (A),BRE (H),AVL (A),2,2,2,2,4,2,4,6,8,12,0.0,0.0,0.0,0.0,0.0
1832,131,Tariq,Lamptey,Brighton,DEF,44,0,1.25,14,LEI (A),CRY (H),WHU (A),BRE (H),AVL (A),3,3,2,2,4,3,6,8,10,14,0.4167,0.2083,0.1562,0.125,0.0893
1846,132,Solly,March,Brighton,MID,65,0,0.0,14,LEI (A),CRY (H),WHU (A),BRE (H),AVL (A),2,2,2,2,4,2,4,6,8,12,0.0,0.0,0.0,0.0,0.0
1860,133,Adrian,Mazilu,Brighton,MID,45,0,0.0,14,LEI (A),CRY (H),WHU (A),BRE (H),AVL (A),2,2,2,2,4,2,4,6,8,12,0.0,0.0,0.0,0.0,0.0
1874,134,James,Milner,Brighton,MID,50,0,0.0,14,LEI (A),CRY (H),WHU (A),BRE (H),AVL (A),2,2,2,2,4,2,4,6,8,12,0.0,0.0,0.0,0.0,0.0
1888,135,Yankuba,Minteh,Brighton,MID,52,1,0.5,14,LEI (A),CRY (H),WHU (A),BRE (H),AVL (A),2,2,2,2,4,2,4,6,8,12,0.25,0.125,0.0833,0.0625,0.0417
1902,136,Mitoma,Mitoma,Brighton,MID,65,2,5.75,14,LEI (A),CRY (H),WHU (A),BRE (H),AVL (A),2,2,2,2,4,2,4,6,8,12,2.875,1.4375,0.9583,0.7188,0.4792
1916,137,Jakub,Moder,Brighton,MID,44,0,0.25,14,LEI (A),CRY (H),WHU (A),BRE (H),AVL (A),2,2,2,2,4,2,4,6,8,12,0.125,0.0625,0.0417,0.0312,0.0208
1930,138,Mark,O’Mahony,Brighton,FWD,45,0,0.0,14,LEI (A),CRY (H),WHU (A),BRE (H),AVL (A),2,2,2,2,4,2,4,6,8,12,0.0,0.0,0.0,0.0,0.0
1944,139,Odeluga,Offiah,Brighton,DEF,40,0,0.0,14,LEI (A),CRY (H),WHU (A),BRE (H),AVL (A),3,3,2,2,4,3,6,8,10,14,0.0,0.0,0.0,0.0,0.0
1958,140,Cameron,Peupion,Brighton,MID,44,0,0.0,14,LEI (A),CRY (H),WHU (A),BRE (H),AVL (A),2,2,2,2,4,2,4,6,8,12,0.0,0.0,0.0,0.0,0.0
1972,141,Jeremy,Sarmiento,Brighton,MID,49,0,0.0,14,LEI (A),CRY (H),WHU (A),BRE (H),AVL (A),2,2,2,2,4,2,4,6,8,12,0.0,0.0,0.0,0.0,0.0
1986,142,Jason,Steele,Brighton,GK,42,0,0.0,14,LEI (A),CRY (H),WHU (A),BRE (H),AVL (A),3,3,2,2,4,3,6,8,10,14,0.0,0.0,0.0,0.0,0.0
2000,143,Deniz,Undav,Brighton,FWD,55,0,0.0,14,LEI (A),CRY (H),WHU (A),BRE (H),AVL (A),2,2,2,2,4,2,4,6,8,12,0.0,0.0,0.0,0.0,0.0
2014,144,Jan Paul,Van Hecke,Brighton,DEF,45,1,1.25,14,LEI (A),CRY (H),WHU (A),BRE (H),AVL (A),3,3,2,2,4,3,6,8,10,14,0.4167,0.2083,0.1562,0.125,0.0893
2028,145,Joël,Veltman,Brighton,DEF,46,0,1.0,14,LEI (A),CRY (H),WHU (A),BRE (H),AVL (A),3,3,2,2,4,3,6,8,10,14,0.3333,0.1667,0.125,0.1,0.0714
2042,146,Bart,Verbruggen,Brighton,GK,45,1,2.25,14,LEI (A),CRY (H),WHU (A),BRE (H),AVL (A),3,3,2,2,4,3,6,8,10,14,0.75,0.375,0.2812,0.225,0.1607
2056,147,Adam,Webster,Brighton,DEF,43,0,0.0,14,LEI (A),CRY (H),WHU (A),BRE (H),AVL (A),3,3,2,2,4,3,6,8,10,14,0.0,0.0,0.0,0.0,0.0
2070,148,Danny,Welbeck,Brighton,FWD,59,0,1.5,14,LEI (A),CRY (H),WHU (A),BRE (H),AVL (A),2,2,2,2,4,2,4,6,8,12,0.75,0.375,0.25,0.1875,0.125
2084,149,Mats,Wieffer,Brighton,MID,48,2,0.75,14,LEI (A),CRY (H),WHU (A),BRE (H),AVL (A),2,2,2,2,4,2,4,6,8,12,0.375,0.1875,0.125,0.0938,0.0625
2098,150,Andrey,Andrey Santos,Chelsea,MID,45,0,0.0,14,TOT (A),BRE (H),EVE (A),FUL (H),IPS (A),4,2,5,5,2,4,6,11,16,18,0.0,0.0,0.0,0.0,0.0
2112,151,Ângelo Gabriel,Ângelo,Chelsea,MID,45,0,0.0,14,TOT (A),BRE (H),EVE (A),FUL (H),IPS (A),4,2,5,5,2,4,6,11,16,18,0.0,0.0,0.0,0.0,0.0
2126,152,Kepa,Arrizabalaga,Bournemouth,GK,45,7,2.75,14,IPS (A),WHU (H),MUN (A),CRY (H),FUL (A),2,2,3,3,3,2,4,7,10,13,1.375,0.6875,0.3929,0.275,0.2115
2140,153,Benoît,B.Badiashile,Chelsea,DEF,43,0,0.75,14,TOT (A),BRE (H),EVE (A),FUL (H),IPS (A),5,2,2,3,2,5,7,9,12,14,0.15,0.1071,0.0833,0.0625,0.0536
2154,154,Lucas,Bergström,Chelsea,GK,40,0,0.0,14,TOT (A),BRE (H),EVE (A),FUL (H),IPS (A),5,2,2,3,2,5,7,9,12,14,0.0,0.0,0.0,0.0,0.0
2168,155,Marcus,Bettinelli,Chelsea,GK,40,0,0.0,14,TOT (A),BRE (H),EVE (A),FUL (H),IPS (A),5,2,2,3,2,5,7,9,12,14,0.0,0.0,0.0,0.0,0.0
2182,156,Armando,Broja,Everton,FWD,54,1,0.25,14,LIV (H),ARS (A),CHE (H),MCI (A),NFO (H),5,5,4,4,3,5,10,14,18,21,0.05,0.025,0.0179,0.0139,0.0119
2196,157,Moisés,Caicedo,Chelsea,MID,49,2,2.25,14,TOT (A),BRE (H),EVE (A),FUL (H),IPS (A),4,2,5,5,2,4,6,11,16,18,0.5625,0.375,0.2045,0.1406,0.125
2210,158,Cesare,Casadei,Chelsea,MID,44,0,0.0,14,TOT (A),BRE (H),EVE (A),FUL (H),IPS (A),4,2,5,5,2,4,6,11,16,18,0.0,0.0,0.0,0.0,0.0
2224,159,Trevoh,Chalobah,Crystal Palace,DEF,44,6,2.25,14,MCI (H),BHA (A),ARS (H),BOU (A),SOU (H),4,4,5,3,2,4,8,13,16,18,0.5625,0.2812,0.1731,0.1406,0.125
2238,160,Ben,Chilwell,Chelsea,DEF,47,0,0.0,14,TOT (A),BRE (H),EVE (A),FUL (H),IPS (A),5,2,2,3,2,5,7,9,12,14,0.0,0.0,0.0,0.0,0.0
2252,161,Carney,Chukwuemeka,Chelsea,MID,48,0,0.0,14,TOT (A),BRE (H),EVE (A),FUL (H),IPS (A),4,2,5,5,2,4,6,11,16,18,0.0,0.0,0.0,0.0,0.0
2266,162,Levi,Colwill,Chelsea,DEF,45,0,2.25,14,TOT (A),BRE (H),EVE (A),FUL (H),IPS (A),5,2,2,3,2,5,7,9,12,14,0.45,0.3214,0.25,0.1875,0.1607
2280,163,Marc,Cucurella,Chelsea,DEF,50,2,4.0,14,TOT (A),BRE (H),EVE (A),FUL (H),IPS (A),5,2,2,3,2,5,7,9,12,14,0.8,0.5714,0.4444,0.3333,0.2857
2294,164,David Datro,D.D.Fofana,Chelsea,FWD,54,0,0.0,14,TOT (A),BRE (H),EVE (A),FUL (H),IPS (A),4,2,5,5,2,4,6,11,16,18,0.0,0.0,0.0,0.0,0.0
2308,165,Deivid Washington,Deivid,Chelsea,FWD,49,0,0.0,14,TOT (A),BRE (H),EVE (A),FUL (H),IPS (A),4,2,5,5,2,4,6,11,16,18,0.0,0.0,0.0,0.0,0.0
2322,166,Kiernan,Dewsbury-Hall,Chelsea,MID,56,1,0.5,14,TOT (A),BRE (H),EVE (A),FUL (H),IPS (A),4,2,5,5,2,4,6,11,16,18,0.125,0.0833,0.0455,0.0312,0.0278
2336,167,Axel,Disasi,Chelsea,DEF,42,8,2.0,14,TOT (A),BRE (H),EVE (A),FUL (H),IPS (A),5,2,2,3,2,5,7,9,12,14,0.4,0.2857,0.2222,0.1667,0.1429
2350,168,Enzo,Enzo,Chelsea,MID,48,5,7.5,14,TOT (A),BRE (H),EVE (A),FUL (H),IPS (A),4,2,5,5,2,4,6,11,16,18,1.875,1.25,0.6818,0.4688,0.4167
2364,169,Conor,Gallagher,Chelsea,MID,59,0,0.0,14,TOT (A),BRE (H),EVE (A),FUL (H),IPS (A),4,2,5,5,2,4,6,11,16,18,0.0,0.0,0.0,0.0,0.0
2378,170,Alfie,Gilchrist,Chelsea,DEF,40,0,0.0,14,TOT (A),BRE (H),EVE (A),FUL (H),IPS (A),5,2,2,3,2,5,7,9,12,14,0.0,0.0,0.0,0.0,0.0
2392,171,Malo,Gusto,Chelsea,DEF,49,5,2.0,14,TOT (A),BRE (H),EVE (A),FUL (H),IPS (A),5,2,2,3,2,5,7,9,12,14,0.4,0.2857,0.2222,0.1667,0.1429
2406,172,Reece,James,Chelsea,DEF,49,0,0.25,14,TOT (A),BRE (H),EVE (A),FUL (H),IPS (A),5,2,2,3,2,5,7,9,12,14,0.05,0.0357,0.0278,0.0208,0.0179
2420,173,Omari,Kellyman,Chelsea,MID,44,0,0.0,14,TOT (A),BRE (H),EVE (A),FUL (H),IPS (A),4,2,5,5,2,4,6,11,16,18,0.0,0.0,0.0,0.0,0.0
2434,174,Roméo,Lavia,Chelsea,MID,45,0,1.25,14,TOT (A),BRE (H),EVE (A),FUL (H),IPS (A),4,2,5,5,2,4,6,11,16,18,0.3125,0.2083,0.1136,0.0781,0.0694
2448,175,Romelu,Lukaku,Chelsea,FWD,63,0,0.0,14,TOT (A),BRE (H),EVE (A),FUL (H),IPS (A),4,2,5,5,2,4,6,11,16,18,0.0,0.0,0.0,0.0,0.0
2462,176,Malang,M.Sarr,Chelsea,DEF,45,0,0.0,14,TOT (A),BRE (H),EVE (A),FUL (H),IPS (A),5,2,2,3,2,5,7,9,12,14,0.0,0.0,0.0,0.0,0.0
2476,177,Noni,Madueke,Chelsea,MID,63,13,5.0,14,TOT (A),BRE (H),EVE (A),FUL (H),IPS (A),4,2,5,5,2,4,6,11,16,18,1.25,0.8333,0.4545,0.3125,0.2778
2490,178,Marc,Marc Guiu,Chelsea,FWD,48,0,0.0,14,TOT (A),BRE (H),EVE (A),FUL (H),IPS (A),4,2,5,5,2,4,6,11,16,18,0.0,0.0,0.0,0.0,0.0
2504,179,Mykhailo,Mudryk,Chelsea,MID,62,0,0.25,14,TOT (A),BRE (H),EVE (A),FUL (H),IPS (A),4,2,5,5,2,4,6,11,16,18,0.0625,0.0417,0.0227,0.0156,0.0139
2518,180,Nicolas,N.Jackson,Chelsea,FWD,81,0,5.0,14,TOT (A),BRE (H),EVE (A),FUL (H),IPS (A),4,2,5,5,2,4,6,11,16,18,1.25,0.8333,0.4545,0.3125,0.2778
2532,181,Christopher,Nkunku,Chelsea,MID,58,13,4.0,14,TOT (A),BRE (H),EVE (A),FUL (H),IPS (A),4,2,5,5,2,4,6,11,16,18,1.0,0.6667,0.3636,0.25,0.2222
2546,182,Cole,Palmer,Chelsea,MID,110,7,6.25,14,TOT (A),BRE (H),EVE (A),FUL (H),IPS (A),4,2,5,5,2,4,6,11,16,18,1.5625,1.0417,0.5682,0.3906,0.3472
2560,183,Đorđe,Petrović,Chelsea,GK,44,0,0.0,14,TOT (A),BRE (H),EVE (A),FUL (H),IPS (A),5,2,2,3,2,5,7,9,12,14,0.0,0.0,0.0,0.0,0.0
2574,184,Renato,Renato Veiga,Chelsea,MID,45,1,0.25,14,TOT (A),BRE (H),EVE (A),FUL (H),IPS (A),4,2,5,5,2,4,6,11,16,18,0.0625,0.0417,0.0227,0.0156,0.0139
2588,185,Robert,Sánchez,Chelsea,GK,48,0,2.5,14,TOT (A),BRE (H),EVE (A),FUL (H),IPS (A),5,2,2,3,2,5,7,9,12,14,0.5,0.3571,0.2778,0.2083,0.1786
2602,186,Raheem,Sterling,Arsenal,MID,67,0,1.25,14,FUL (A),EVE (H),CRY (A),IPS (H),BRE (A),3,3,4,2,2,3,6,10,12,14,0.4167,0.2083,0.125,0.1042,0.0893
2616,187,Tosin,Tosin,Chelsea,DEF,42,2,0.5,14,TOT (A),BRE (H),EVE (A),FUL (H),IPS (A),5,2,2,3,2,5,7,9,12,14,0.1,0.0714,0.0556,0.0417,0.0357
2630,188,Lesley,Ugochukwu,Southampton,MID,45,0,0.25,14,AVL (A),TOT (H),FUL (A),WHU (H),CRY (A),4,3,3,2,4,4,7,10,12,16,0.0625,0.0357,0.025,0.0208,0.0156
2644,189,Wesley,W.Fofana,Chelsea,DEF,45,0,1.25,14,TOT (A),BRE (H),EVE (A),FUL (H),IPS (A),5,2,2,3,2,5,7,9,12,14,0.25,0.1786,0.1389,0.1042,0.0893
2658,190,Naouirou,Ahamada,Crystal Palace,MID,45,0,0.0,14,MCI (H),BHA (A),ARS (H),BOU (A),SOU (H),4,3,4,5,2,4,7,11,16,18,0.0,0.0,0.0,0.0,0.0
2672,191,Joachim,Andersen,Fulham,DEF,43,0,1.75,14,ARS (H),LIV (A),SOU (H),CHE (A),BOU (H),5,5,2,4,3,5,10,12,16,19,0.35,0.175,0.1458,0.1094,0.0921
2686,192,Jordan,J.Ayew,Leicester,MID,52,1,3.0,14,BHA (H),NEW (A),WOL (H),LIV (A),MCI (H),3,4,2,5,4,3,7,9,14,18,1.0,0.4286,0.3333,0.2143,0.1667
2700,193,Cheick,C.Doucouré,Crystal Palace,MID,49,0,0.75,14,MCI (H),BHA (A),ARS (H),BOU (A),SOU (H),4,3,4,5,2,4,7,11,16,18,0.1875,0.1071,0.0682,0.0469,0.0417
2714,194,Chris,C.Richards,Crystal Palace,DEF,44,1,0.5,14,MCI (H),BHA (A),ARS (H),BOU (A),SOU (H),4,4,5,3,2,4,8,13,16,18,0.125,0.0625,0.0385,0.0312,0.0278
2728,195,Chadi,Chadi Riad,Crystal Palace,DEF,43,0,0.0,14,MCI (H),BHA (A),ARS (H),BOU (A),SOU (H),4,4,5,3,2,4,8,13,16,18,0.0,0.0,0.0,0.0,0.0
2742,196,Nathaniel,Clyne,Crystal Palace,DEF,44,0,0.75,14,MCI (H),BHA (A),ARS (H),BOU (A),SOU (H),4,4,5,3,2,4,8,13,16,18,0.1875,0.0938,0.0577,0.0469,0.0417
2756,197,Malcolm,Ebiowei,Crystal Palace,MID,45,0,0.0,14,MCI (H),BHA (A),ARS (H),BOU (A),SOU (H),4,3,4,5,2,4,7,11,16,18,0.0,0.0,0.0,0.0,0.0
2770,198,Odsonne,Edouard,Leicester,FWD,52,0,0.25,14,BHA (H),NEW (A),WOL (H),LIV (A),MCI (H),3,4,2,5,4,3,7,9,14,18,0.0833,0.0357,0.0278,0.0179,0.0139
2784,199,Eberechi,Eze,Crystal Palace,MID,66,6,2.0,14,MCI (H),BHA (A),ARS (H),BOU (A),SOU (H),4,3,4,5,2,4,7,11,16,18,0.5,0.2857,0.1818,0.125,0.1111
2798,200,Marc,Guéhi,Crystal Palace,DEF,45,6,2.75,14,MCI (H),BHA (A),ARS (H),BOU (A),SOU (H),4,4,5,3,2,4,8,13,16,18,0.6875,0.3438,0.2115,0.1719,0.1528
2812,201,Dean,Henderson,Crystal Palace,GK,44,7,4.5,14,MCI (H),BHA (A),ARS (H),BOU (A),SOU (H),4,4,5,3,2,4,8,13,16,18,1.125,0.5625,0.3462,0.2812,0.25
2826,202,Rob,Holding,Crystal Palace,DEF,43,0,0.0,14,MCI (H),BHA (A),ARS (H),BOU (A),SOU (H),4,4,5,3,2,4,8,13,16,18,0.0,0.0,0.0,0.0,0.0
2840,203,Will,Hughes,Crystal Palace,MID,49,2,1.5,14,MCI (H),BHA (A),ARS (H),BOU (A),SOU (H),4,3,4,5,2,4,7,11,16,18,0.375,0.2143,0.1364,0.0938,0.0833
2854,204,Sam,Johnstone,Wolves,GK,43,0,0.0,14,WHU (A),IPS (H),LEI (A),MUN (H),TOT (A),2,2,3,2,5,2,4,7,9,14,0.0,0.0,0.0,0.0,0.0
2868,205,Daichi,Kamada,Crystal Palace,MID,51,0,-0.25,14,MCI (H),BHA (A),ARS (H),BOU (A),SOU (H),4,3,4,5,2,4,7,11,16,18,-0.0625,-0.0357,-0.0227,-0.0156,-0.0139
2882,206,Jefferson,Lerma,Crystal Palace,MID,48,1,0.75,14,MCI (H),BHA (A),ARS (H),BOU (A),SOU (H),4,3,4,5,2,4,7,11,16,18,0.1875,0.1071,0.0682,0.0469,0.0417
2896,207,Jean-Philippe,Mateta,Crystal Palace,FWD,72,8,4.25,14,MCI (H),BHA (A),ARS (H),BOU (A),SOU (H),4,3,4,5,2,4,7,11,16,18,1.0625,0.6071,0.3864,0.2656,0.2361
2910,208,Matheus,M.França,Crystal Palace,MID,44,0,0.0,14,MCI (H),BHA (A),ARS (H),BOU (A),SOU (H),4,3,4,5,2,4,7,11,16,18,0.0,0.0,0.0,0.0,0.0
2924,209,Remi,Matthews,Crystal Palace,GK,40,0,0.0,14,MCI (H),BHA (A),ARS (H),BOU (A),SOU (H),4,4,5,3,2,4,8,13,16,18,0.0,0.0,0.0,0.0,0.0
2938,210,Tyrick,Mitchell,Crystal Palace,DEF,49,6,2.0,14,MCI (H),BHA (A),ARS (H),BOU (A),SOU (H),4,4,5,3,2,4,8,13,16,18,0.5,0.25,0.1538,0.125,0.1111
2952,211,Daniel,Muñoz,Crystal Palace,DEF,47,6,4.75,14,MCI (H),BHA (A),ARS (H),BOU (A),SOU (H),4,4,5,3,2,4,8,13,16,18,1.1875,0.5938,0.3654,0.2969,0.2639
2966,212,David,Ozoh,Crystal Palace,MID,45,0,0.0,14,MCI (H),BHA (A),ARS (H),BOU (A),SOU (H),4,3,4,5,2,4,7,11,16,18,0.0,0.0,0.0,0.0,0.0
2980,213,Jesurun,Rak-Sakyi,Crystal Palace,MID,45,0,0.0,14,MCI (H),BHA (A),ARS (H),BOU (A),SOU (H),4,3,4,5,2,4,7,11,16,18,0.0,0.0,0.0,0.0,0.0
2994,214,Jeffrey,Schlupp,Crystal Palace,MID,47,0,0.75,14,MCI (H),BHA (A),ARS (H),BOU (A),SOU (H),4,3,4,5,2,4,7,11,16,18,0.1875,0.1071,0.0682,0.0469,0.0417
3008,215,Joel,Ward,Crystal Palace,DEF,43,0,0.0,14,MCI (H),BHA (A),ARS (H),BOU (A),SOU (H),4,4,5,3,2,4,8,13,16,18,0.0,0.0,0.0,0.0,0.0
3022,216,Adam,Wharton,Crystal Palace,MID,47,0,0.0,14,MCI (H),BHA (A),ARS (H),BOU (A),SOU (H),4,3,4,5,2,4,7,11,16,18,0.0,0.0,0.0,0.0,0.0
3036,217,Abdoulaye,A.Doucoure,Everton,MID,51,3,2.75,14,LIV (H),ARS (A),CHE (H),MCI (A),NFO (H),5,5,4,4,3,5,10,14,18,21,0.55,0.275,0.1964,0.1528,0.131
3050,218,Norberto Bercique,Beto,Everton,FWD,50,0,1.0,14,LIV (H),ARS (A),CHE (H),MCI (A),NFO (H),5,5,4,4,3,5,10,14,18,21,0.2,0.1,0.0714,0.0556,0.0476
3064,219,Jarrad,Branthwaite,Everton,DEF,48,7,4.75,14,LIV (H),ARS (A),CHE (H),MCI (A),NFO (H),5,5,5,5,3,5,10,15,20,23,0.95,0.475,0.3167,0.2375,0.2065
3078,220,Dominic,Calvert-Lewin,Everton,FWD,56,5,2.5,14,LIV (H),ARS (A),CHE (H),MCI (A),NFO (H),5,5,4,4,3,5,10,14,18,21,0.5,0.25,0.1786,0.1389,0.119
3092,221,Séamus,Coleman,Everton,DEF,43,0,0.0,14,LIV (H),ARS (A),CHE (H),MCI (A),NFO (H),5,5,5,5,3,5,10,15,20,23,0.0,0.0,0.0,0.0,0.0
3106,222,Idrissa,Gana,Everton,MID,49,3,2.25,14,LIV (H),ARS (A),CHE (H),MCI (A),NFO (H),5,5,4,4,3,5,10,14,18,21,0.45,0.225,0.1607,0.125,0.1071
3120,223,James,Garner,Everton,MID,49,0,0.0,14,LIV (H),ARS (A),CHE (H),MCI (A),NFO (H),5,5,4,4,3,5,10,14,18,21,0.0,0.0,0.0,0.0,0.0
3134,224,Jack,Harrison,Everton,MID,53,1,0.75,14,LIV (H),ARS (A),CHE (H),MCI (A),NFO (H),5,5,4,4,3,5,10,14,18,21,0.15,0.075,0.0536,0.0417,0.0357
3148,225,Mason,Holgate,Everton,DEF,40,0,0.0,14,LIV (H),ARS (A),CHE (H),MCI (A),NFO (H),5,5,5,5,3,5,10,15,20,23,0.0,0.0,0.0,0.0,0.0
3162,226,Tim,Iroegbunam,Everton,MID,44,0,0.0,14,LIV (H),ARS (A),CHE (H),MCI (A),NFO (H),5,5,4,4,3,5,10,14,18,21,0.0,0.0,0.0,0.0,0.0
3176,227,João,J.Virginia,Everton,GK,40,0,0.0,14,LIV (H),ARS (A),CHE (H),MCI (A),NFO (H),5,5,5,5,3,5,10,15,20,23,0.0,0.0,0.0,0.0,0.0
3190,228,Michael,Keane,Everton,DEF,42,0,0.0,14,LIV (H),ARS (A),CHE (H),MCI (A),NFO (H),5,5,5,5,3,5,10,15,20,23,0.0,0.0,0.0,0.0,0.0
3204,229,Neal,Maupay,Everton,FWD,49,0,0.0,14,LIV (H),ARS (A),CHE (H),MCI (A),NFO (H),5,5,4,4,3,5,10,14,18,21,0.0,0.0,0.0,0.0,0.0
3218,230,Dwight,McNeil,Everton,MID,55,9,3.5,14,LIV (H),ARS (A),CHE (H),MCI (A),NFO (H),5,5,4,4,3,5,10,14,18,21,0.7,0.35,0.25,0.1944,0.1667
3232,231,Vitalii,Mykolenko,Everton,DEF,43,11,5.5,14,LIV (H),ARS (A),CHE (H),MCI (A),NFO (H),5,5,5,5,3,5,10,15,20,23,1.1,0.55,0.3667,0.275,0.2391
3246,232,Iliman,Ndiaye,Everton,FWD,54,2,2.0,14,LIV (H),ARS (A),CHE (H),MCI (A),NFO (H),5,5,4,4,3,5,10,14,18,21,0.4,0.2,0.1429,0.1111,0.0952
3260,233,Amadou,Onana,Aston Villa,MID,49,0,0.5,14,SOU (H),NFO (A),MCI (H),NEW (A),BHA (H),2,4,4,4,3,2,6,10,14,17,0.25,0.0833,0.05,0.0357,0.0294
3274,234,Nathan,Patterson,Everton,DEF,44,0,0.25,14,LIV (H),ARS (A),CHE (H),MCI (A),NFO (H),5,5,5,5,3,5,10,15,20,23,0.05,0.025,0.0167,0.0125,0.0109
3288,235,Jordan,Pickford,Everton,GK,49,6,5.75,14,LIV (H),ARS (A),CHE (H),MCI (A),NFO (H),5,5,5,5,3,5,10,15,20,23,1.15,0.575,0.3833,0.2875,0.25
3302,236,James,Tarkowski,Everton,DEF,48,6,5.25,14,LIV (H),ARS (A),CHE (H),MCI (A),NFO (H),5,5,5,5,3,5,10,15,20,23,1.05,0.525,0.35,0.2625,0.2283
3316,237,Youssef,Y. Chermiti,Everton,FWD,49,0,0.0,14,LIV (H),ARS (A),CHE (H),MCI (A),NFO (H),5,5,4,4,3,5,10,14,18,21,0.0,0.0,0.0,0.0,0.0
3330,238,Ashley,Young,Everton,DEF,46,15,7.0,14,LIV (H),ARS (A),CHE (H),MCI (A),NFO (H),5,5,5,5,3,5,10,15,20,23,1.4,0.7,0.4667,0.35,0.3043
3344,239,Adama,Adama,Fulham,MID,49,1,0.75,14,ARS (H),LIV (A),SOU (H),CHE (A),BOU (H),4,5,2,3,4,4,9,11,14,18,0.1875,0.0833,0.0682,0.0536,0.0417
3358,240,Andreas,Andreas,Fulham,MID,51,3,1.5,14,ARS (H),LIV (A),SOU (H),CHE (A),BOU (H),4,5,2,3,4,4,9,11,14,18,0.375,0.1667,0.1364,0.1071,0.0833
3372,241,Calvin,Bassey,Fulham,DEF,45,2,2.25,14,ARS (H),LIV (A),SOU (H),CHE (A),BOU (H),5,5,2,4,3,5,10,12,16,19,0.45,0.225,0.1875,0.1406,0.1184
3386,242,Steven,Benda,Fulham,GK,40,0,0.0,14,ARS (H),LIV (A),SOU (H),CHE (A),BOU (H),5,5,2,4,3,5,10,12,16,19,0.0,0.0,0.0,0.0,0.0
3400,243,Tom,Cairney,Fulham,MID,48,0,1.25,14,ARS (H),LIV (A),SOU (H),CHE (A),BOU (H),4,5,2,3,4,4,9,11,14,18,0.3125,0.1389,0.1136,0.0893,0.0694
3414,244,Timothy,Castagne,Fulham,DEF,42,2,0.75,14,ARS (H),LIV (A),SOU (H),CHE (A),BOU (H),5,5,2,4,3,5,10,12,16,19,0.15,0.075,0.0625,0.0469,0.0395
3428,245,Issa,Diop,Fulham,DEF,44,2,1.0,14,ARS (H),LIV (A),SOU (H),CHE (A),BOU (H),5,5,2,4,3,5,10,12,16,19,0.2,0.1,0.0833,0.0625,0.0526
3442,246,Luke,Harris,Fulham,MID,45,0,0.0,14,ARS (H),LIV (A),SOU (H),CHE (A),BOU (H),4,5,2,3,4,4,9,11,14,18,0.0,0.0,0.0,0.0,0.0
3456,247,Alex,Iwobi,Fulham,MID,56,15,8.0,14,ARS (H),LIV (A),SOU (H),CHE (A),BOU (H),4,5,2,3,4,4,9,11,14,18,2.0,0.8889,0.7273,0.5714,0.4444
3470,248,Bernd,Leno,Fulham,GK,50,2,3.25,14,ARS (H),LIV (A),SOU (H),CHE (A),BOU (H),5,5,2,4,3,5,10,12,16,19,0.65,0.325,0.2708,0.2031,0.1711
3484,249,Saša,Lukić,Fulham,MID,48,0,0.75,14,ARS (H),LIV (A),SOU (H),CHE (A),BOU (H),4,5,2,3,4,4,9,11,14,18,0.1875,0.0833,0.0682,0.0536,0.0417
3498,250,Kevin,Mbabu,Fulham,DEF,40,0,0.0,14,ARS (H),LIV (A),SOU (H),CHE (A),BOU (H),5,5,2,4,3,5,10,12,16,19,0.0,0.0,0.0,0.0,0.0
3512,251,Rodrigo,Muniz,Fulham,FWD,55,2,1.25,14,ARS (H),LIV (A),SOU (H),CHE (A),BOU (H),4,5,2,3,4,4,9,11,14,18,0.3125,0.1389,0.1136,0.0893,0.0694
3526,252,Raúl,Raúl,Fulham,FWD,56,1,2.5,14,ARS (H),LIV (A),SOU (H),CHE (A),BOU (H),4,5,2,3,4,4,9,11,14,18,0.625,0.2778,0.2273,0.1786,0.1389
3540,253,Tim,Ream,Fulham,DEF,45,0,0.0,14,ARS (H),LIV (A),SOU (H),CHE (A),BOU (H),5,5,2,4,3,5,10,12,16,19,0.0,0.0,0.0,0.0,0.0
3554,254,Harrison,Reed,Fulham,MID,48,0,0.25,14,ARS (H),LIV (A),SOU (H),CHE (A),BOU (H),4,5,2,3,4,4,9,11,14,18,0.0625,0.0278,0.0227,0.0179,0.0139
3568,255,Antonee,Robinson,Fulham,DEF,47,6,3.5,14,ARS (H),LIV (A),SOU (H),CHE (A),BOU (H),5,5,2,4,3,5,10,12,16,19,0.7,0.35,0.2917,0.2188,0.1842
3582,256,Jay,Stansfield,Fulham,FWD,50,0,0.0,14,ARS (H),LIV (A),SOU (H),CHE (A),BOU (H),4,5,2,3,4,4,9,11,14,18,0.0,0.0,0.0,0.0,0.0
3596,257,Kenny,Tete,Fulham,DEF,45,0,2.75,14,ARS (H),LIV (A),SOU (H),CHE (A),BOU (H),5,5,2,4,3,5,10,12,16,19,0.55,0.275,0.2292,0.1719,0.1447
3610,258,Carlos Vinícius,Vinicius,Fulham,FWD,50,0,0.0,14,ARS (H),LIV (A),SOU (H),CHE (A),BOU (H),4,5,2,3,4,4,9,11,14,18,0.0,0.0,0.0,0.0,0.0
3624,259,Harry,Wilson,Fulham,MID,52,2,2.5,14,ARS (H),LIV (A),SOU (H),CHE (A),BOU (H),4,5,2,3,4,4,9,11,14,18,0.625,0.2778,0.2273,0.1786,0.1389
3638,260,Ali,Al-Hamadi,Ipswich,FWD,48,1,0.5,14,BOU (H),WOL (A),NEW (H),ARS (A),CHE (H),4,2,3,5,4,4,6,9,14,18,0.125,0.0833,0.0556,0.0357,0.0278
3652,261,Elkan,Baggott,Ipswich,DEF,40,0,0.0,14,BOU (H),WOL (A),NEW (H),ARS (A),CHE (H),3,3,2,5,5,3,6,8,13,18,0.0,0.0,0.0,0.0,0.0
3666,262,Nathan,Broadhead,Ipswich,MID,49,1,0.5,14,BOU (H),WOL (A),NEW (H),ARS (A),CHE (H),4,2,3,5,4,4,6,9,14,18,0.125,0.0833,0.0556,0.0357,0.0278
3680,263,Cameron,Burgess,Ipswich,DEF,40,0,1.5,14,BOU (H),WOL (A),NEW (H),ARS (A),CHE (H),3,3,2,5,5,3,6,8,13,18,0.5,0.25,0.1875,0.1154,0.0833
3694,264,Wes,Burns,Ipswich,MID,48,2,2.0,14,BOU (H),WOL (A),NEW (H),ARS (A),CHE (H),4,2,3,5,4,4,6,9,14,18,0.5,0.3333,0.2222,0.1429,0.1111
3708,265,Conor,Chaplin,Ipswich,MID,51,1,1.0,14,BOU (H),WOL (A),NEW (H),ARS (A),CHE (H),4,2,3,5,4,4,6,9,14,18,0.25,0.1667,0.1111,0.0714,0.0556
3722,266,Harry,H.Clarke,Ipswich,DEF,40,2,0.75,14,BOU (H),WOL (A),NEW (H),ARS (A),CHE (H),3,3,2,5,5,3,6,8,13,18,0.25,0.125,0.0938,0.0577,0.0417
3736,267,Leif,Davis,Ipswich,DEF,45,2,1.75,14,BOU (H),WOL (A),NEW (H),ARS (A),CHE (H),3,3,2,5,5,3,6,8,13,18,0.5833,0.2917,0.2188,0.1346,0.0972
3750,268,Liam,Delap,Ipswich,FWD,56,2,4.25,14,BOU (H),WOL (A),NEW (H),ARS (A),CHE (H),4,2,3,5,4,4,6,9,14,18,1.0625,0.7083,0.4722,0.3036,0.2361
3764,269,George,Edmundson,Ipswich,DEF,40,0,0.0,14,BOU (H),WOL (A),NEW (H),ARS (A),CHE (H),3,3,2,5,5,3,6,8,13,18,0.0,0.0,0.0,0.0,0.0
3778,270,Jacob,Greaves,Ipswich,DEF,40,1,0.25,14,BOU (H),WOL (A),NEW (H),ARS (A),CHE (H),3,3,2,5,5,3,6,8,13,18,0.0833,0.0417,0.0312,0.0192,0.0139
3792,271,Marcus,Harness,Ipswich,MID,49,0,0.0,14,BOU (H),WOL (A),NEW (H),ARS (A),CHE (H),4,2,3,5,4,4,6,9,14,18,0.0,0.0,0.0,0.0,0.0
3806,272,George,Hirst,Ipswich,FWD,54,0,0.25,14,BOU (H),WOL (A),NEW (H),ARS (A),CHE (H),4,2,3,5,4,4,6,9,14,18,0.0625,0.0417,0.0278,0.0179,0.0139
3820,273,Cameron,Humphreys,Ipswich,MID,45,0,0.0,14,BOU (H),WOL (A),NEW (H),ARS (A),CHE (H),4,2,3,5,4,4,6,9,14,18,0.0,0.0,0.0,0.0,0.0
3834,274,Omari,Hutchinson,Ipswich,MID,52,2,3.5,14,BOU (H),WOL (A),NEW (H),ARS (A),CHE (H),4,2,3,5,4,4,6,9,14,18,0.875,0.5833,0.3889,0.25,0.1944
3848,275,Ben,Johnson,Ipswich,DEF,40,0,0.25,14,BOU (H),WOL (A),NEW (H),ARS (A),CHE (H),3,3,2,5,5,3,6,8,13,18,0.0833,0.0417,0.0312,0.0192,0.0139
3862,276,Freddie,Ladapo,Ipswich,FWD,45,0,0.0,14,BOU (H),WOL (A),NEW (H),ARS (A),CHE (H),4,2,3,5,4,4,6,9,14,18,0.0,0.0,0.0,0.0,0.0
3876,277,Massimo,Luongo,Ipswich,MID,45,0,0.25,14,BOU (H),WOL (A),NEW (H),ARS (A),CHE (H),4,2,3,5,4,4,6,9,14,18,0.0625,0.0417,0.0278,0.0179,0.0139
3890,278,Sam,Morsy,Ipswich,MID,49,2,2.0,14,BOU (H),WOL (A),NEW (H),ARS (A),CHE (H),4,2,3,5,4,4,6,9,14,18,0.5,0.3333,0.2222,0.1429,0.1111
3904,279,Corrie,Ndaba,Ipswich,DEF,40,0,0.0,14,BOU (H),WOL (A),NEW (H),ARS (A),CHE (H),3,3,2,5,5,3,6,8,13,18,0.0,0.0,0.0,0.0,0.0
3918,280,Cieran,Slicker,Ipswich,GK,40,0,0.0,14,BOU (H),WOL (A),NEW (H),ARS (A),CHE (H),3,3,2,5,5,3,6,8,13,18,0.0,0.0,0.0,0.0,0.0
3932,281,Jack,Taylor,Ipswich,MID,48,1,0.75,14,BOU (H),WOL (A),NEW (H),ARS (A),CHE (H),4,2,3,5,4,4,6,9,14,18,0.1875,0.125,0.0833,0.0536,0.0417
3946,282,Axel,Tuanzebe,Ipswich,DEF,40,0,1.0,14,BOU (H),WOL (A),NEW (H),ARS (A),CHE (H),3,3,2,5,5,3,6,8,13,18,0.3333,0.1667,0.125,0.0769,0.0556
3960,283,Christian,Walton,Ipswich,GK,43,0,0.0,14,BOU (H),WOL (A),NEW (H),ARS (A),CHE (H),3,3,2,5,5,3,6,8,13,18,0.0,0.0,0.0,0.0,0.0
3974,284,Luke,Woolfenden,Ipswich,DEF,40,0,0.0,14,BOU (H),WOL (A),NEW (H),ARS (A),CHE (H),3,3,2,5,5,3,6,8,13,18,0.0,0.0,0.0,0.0,0.0
3988,285,Boubakary,B.Soumaré,Leicester,MID,44,1,1.5,14,BHA (H),NEW (A),WOL (H),LIV (A),MCI (H),3,4,2,5,4,3,7,9,14,18,0.5,0.2143,0.1667,0.1071,0.0833
4002,286,Tom,Cannon,Leicester,FWD,45,0,0.0,14,BHA (H),NEW (A),WOL (H),LIV (A),MCI (H),3,4,2,5,4,3,7,9,14,18,0.0,0.0,0.0,0.0,0.0
4016,287,Hamza,Choudhury,Leicester,MID,44,0,0.0,14,BHA (H),NEW (A),WOL (H),LIV (A),MCI (H),3,4,2,5,4,3,7,9,14,18,0.0,0.0,0.0,0.0,0.0
4030,288,Conor,Coady,Leicester,DEF,40,2,0.5,14,BHA (H),NEW (A),WOL (H),LIV (A),MCI (H),3,3,2,5,4,3,6,8,13,17,0.1667,0.0833,0.0625,0.0385,0.0294
4044,289,Patson,Daka,Leicester,FWD,48,7,2.25,14,BHA (H),NEW (A),WOL (H),LIV (A),MCI (H),3,4,2,5,4,3,7,9,14,18,0.75,0.3214,0.25,0.1607,0.125
4058,290,Bobby,De Cordova-Reid,Leicester,MID,52,1,1.5,14,BHA (H),NEW (A),WOL (H),LIV (A),MCI (H),3,4,2,5,4,3,7,9,14,18,0.5,0.2143,0.1667,0.1071,0.0833
4072,291,Wout,Faes,Leicester,DEF,41,1,0.5,14,BHA (H),NEW (A),WOL (H),LIV (A),MCI (H),3,3,2,5,4,3,6,8,13,17,0.1667,0.0833,0.0625,0.0385,0.0294
4086,292,Michael,Golding,Leicester,MID,44,0,0.0,14,BHA (H),NEW (A),WOL (H),LIV (A),MCI (H),3,4,2,5,4,3,7,9,14,18,0.0,0.0,0.0,0.0,0.0
4100,293,Mads,Hermansen,Leicester,GK,45,4,1.75,14,BHA (H),NEW (A),WOL (H),LIV (A),MCI (H),3,3,2,5,4,3,6,8,13,17,0.5833,0.2917,0.2188,0.1346,0.1029
4114,294,Daniel,Iversen,Leicester,GK,40,0,0.0,14,BHA (H),NEW (A),WOL (H),LIV (A),MCI (H),3,3,2,5,4,3,6,8,13,17,0.0,0.0,0.0,0.0,0.0
4128,295,James,Justin,Leicester,DEF,45,2,0.75,14,BHA (H),NEW (A),WOL (H),LIV (A),MCI (H),3,3,2,5,4,3,6,8,13,17,0.25,0.125,0.0938,0.0577,0.0441
4142,296,Victor,Kristiansen,Leicester,DEF,45,5,1.25,14,BHA (H),NEW (A),WOL (H),LIV (A),MCI (H),3,3,2,5,4,3,6,8,13,17,0.4167,0.2083,0.1562,0.0962,0.0735
4156,297,Wanya,Marcal,Leicester,MID,45,0,0.0,14,BHA (H),NEW (A),WOL (H),LIV (A),MCI (H),3,4,2,5,4,3,7,9,14,18,0.0,0.0,0.0,0.0,0.0
4170,298,Stephy,Mavididi,Leicester,MID,53,1,0.75,14,BHA (H),NEW (A),WOL (H),LIV (A),MCI (H),3,4,2,5,4,3,7,9,14,18,0.25,0.1071,0.0833,0.0536,0.0417
4184,299,Kasey,McAteer,Leicester,MID,47,6,2.25,14,BHA (H),NEW (A),WOL (H),LIV (A),MCI (H),3,4,2,5,4,3,7,9,14,18,0.75,0.3214,0.25,0.1607,0.125
4198,300,Wilfred,Ndidi,Leicester,MID,50,2,1.75,14,BHA (H),NEW (A),WOL (H),LIV (A),MCI (H),3,4,2,5,4,3,7,9,14,18,0.5833,0.25,0.1944,0.125,0.0972
4212,301,Caleb,Okoli,Leicester,DEF,40,0,0.25,14,BHA (H),NEW (A),WOL (H),LIV (A),MCI (H),3,3,2,5,4,3,6,8,13,17,0.0833,0.0417,0.0312,0.0192,0.0147
4226,302,Ricardo,Ricardo,Leicester,DEF,42,0,0.0,14,BHA (H),NEW (A),WOL (H),LIV (A),MCI (H),3,3,2,5,4,3,6,8,13,17,0.0,0.0,0.0,0.0,0.0
4240,303,Harry,Souttar,Leicester,DEF,40,0,0.0,14,BHA (H),NEW (A),WOL (H),LIV (A),MCI (H),3,3,2,5,4,3,6,8,13,17,0.0,0.0,0.0,0.0,0.0
4254,304,Jakub,Stolarczyk,Leicester,GK,40,0,0.0,14,BHA (H),NEW (A),WOL (H),LIV (A),MCI (H),3,3,2,5,4,3,6,8,13,17,0.0,0.0,0.0,0.0,0.0
4268,305,Luke,Thomas,Leicester,DEF,39,0,0.0,14,BHA (H),NEW (A),WOL (H),LIV (A),MCI (H),3,3,2,5,4,3,6,8,13,17,0.0,0.0,0.0,0.0,0.0
4282,306,Jamie,Vardy,Leicester,FWD,55,4,2.75,14,BHA (H),NEW (A),WOL (H),LIV (A),MCI (H),3,4,2,5,4,3,7,9,14,18,0.9167,0.3929,0.3056,0.1964,0.1528
4296,307,Jannik,Vestergaard,Leicester,DEF,40,1,0.5,14,BHA (H),NEW (A),WOL (H),LIV (A),MCI (H),3,3,2,5,4,3,6,8,13,17,0.1667,0.0833,0.0625,0.0385,0.0294
4310,308,Danny,Ward,Leicester,GK,40,0,0.0,14,BHA (H),NEW (A),WOL (H),LIV (A),MCI (H),3,3,2,5,4,3,6,8,13,17,0.0,0.0,0.0,0.0,0.0
4324,309,Harry,Winks,Leicester,MID,45,0,0.75,14,BHA (H),NEW (A),WOL (H),LIV (A),MCI (H),3,4,2,5,4,3,7,9,14,18,0.25,0.1071,0.0833,0.0536,0.0417
4338,310,Alisson,A.Becker,Liverpool,GK,54,0,0.0,14,EVE (A),FUL (H),TOT (A),LEI (H),WHU (A),2,3,5,3,2,2,5,10,13,15,0.0,0.0,0.0,0.0,0.0
4352,311,Trent,Alexander-Arnold,Liverpool,DEF,69,6,3.75,14,EVE (A),FUL (H),TOT (A),LEI (H),WHU (A),2,3,5,3,2,2,5,10,13,15,1.875,0.75,0.375,0.2885,0.25
4366,312,Stefan,Bajcetic,Liverpool,MID,45,0,0.0,14,EVE (A),FUL (H),TOT (A),LEI (H),WHU (A),5,5,4,2,2,5,10,14,16,18,0.0,0.0,0.0,0.0,0.0
4380,313,Conor,Bradley,Liverpool,DEF,47,0,1.5,14,EVE (A),FUL (H),TOT (A),LEI (H),WHU (A),2,3,5,3,2,2,5,10,13,15,0.75,0.3,0.15,0.1154,0.1
4394,314,Fábio,Carvalho,Brentford,MID,47,1,0.5,14,NEW (H),CHE (A),NFO (H),BHA (A),ARS (H),3,3,3,3,4,3,6,9,12,16,0.1667,0.0833,0.0556,0.0417,0.0312
4408,315,Bobby,Clark,Liverpool,MID,45,0,0.0,14,EVE (A),FUL (H),TOT (A),LEI (H),WHU (A),5,5,4,2,2,5,10,14,16,18,0.0,0.0,0.0,0.0,0.0
4422,316,Darwin,Darwin,Liverpool,FWD,71,1,2.75,14,EVE (A),FUL (H),TOT (A),LEI (H),WHU (A),5,5,4,2,2,5,10,14,16,18,0.55,0.275,0.1964,0.1719,0.1528
4436,317,Diogo,Diogo J.,Liverpool,MID,72,0,0.0,14,EVE (A),FUL (H),TOT (A),LEI (H),WHU (A),5,5,4,2,2,5,10,14,16,18,0.0,0.0,0.0,0.0,0.0
4450,318,Ben,Doak,Liverpool,MID,45,0,0.0,14,EVE (A),FUL (H),TOT (A),LEI (H),WHU (A),5,5,4,2,2,5,10,14,16,18,0.0,0.0,0.0,0.0,0.0
4464,319,Harvey,Elliott,Liverpool,MID,52,0,0.25,14,EVE (A),FUL (H),TOT (A),LEI (H),WHU (A),5,5,4,2,2,5,10,14,16,18,0.05,0.025,0.0179,0.0156,0.0139
4478,320,Endo,Endo,Liverpool,MID,47,0,0.5,14,EVE (A),FUL (H),TOT (A),LEI (H),WHU (A),5,5,4,2,2,5,10,14,16,18,0.1,0.05,0.0357,0.0312,0.0278
4492,321,Cody,Gakpo,Liverpool,FWD,71,2,3.25,14,EVE (A),FUL (H),TOT (A),LEI (H),WHU (A),5,5,4,2,2,5,10,14,16,18,0.65,0.325,0.2321,0.2031,0.1806
4506,322,Joe,Gomez,Liverpool,DEF,48,1,1.75,14,EVE (A),FUL (H),TOT (A),LEI (H),WHU (A),2,3,5,3,2,2,5,10,13,15,0.875,0.35,0.175,0.1346,0.1167
4520,323,Ryan,Gravenberch,Liverpool,MID,50,1,2.75,14,EVE (A),FUL (H),TOT (A),LEI (H),WHU (A),5,5,4,2,2,5,10,14,16,18,0.55,0.275,0.1964,0.1719,0.1528
4534,324,Curtis,Jones,Liverpool,MID,53,7,3.25,14,EVE (A),FUL (H),TOT (A),LEI (H),WHU (A),5,5,4,2,2,5,10,14,16,18,0.65,0.325,0.2321,0.2031,0.1806
4548,325,Caoimhin,Kelleher,Liverpool,GK,45,2,5.5,14,EVE (A),FUL (H),TOT (A),LEI (H),WHU (A),2,3,5,3,2,2,5,10,13,15,2.75,1.1,0.55,0.4231,0.3667
4562,326,Ibrahima,Konaté,Liverpool,DEF,53,0,1.5,14,EVE (A),FUL (H),TOT (A),LEI (H),WHU (A),2,3,5,3,2,2,5,10,13,15,0.75,0.3,0.15,0.1154,0.1
4576,327,Luis,Luis Díaz,Liverpool,MID,75,1,2.75,14,EVE (A),FUL (H),TOT (A),LEI (H),WHU (A),5,5,4,2,2,5,10,14,16,18,0.55,0.275,0.1964,0.1719,0.1528
4590,328,Mohamed,M.Salah,Liverpool,MID,132,18,14.5,14,EVE (A),FUL (H),TOT (A),LEI (H),WHU (A),5,5,4,2,2,5,10,14,16,18,2.9,1.45,1.0357,0.9062,0.8056
4604,329,Alexis,Mac Allister,Liverpool,MID,62,1,2.0,14,EVE (A),FUL (H),TOT (A),LEI (H),WHU (A),5,5,4,2,2,5,10,14,16,18,0.4,0.2,0.1429,0.125,0.1111
4618,330,James,McConnell,Liverpool,MID,44,0,0.0,14,EVE (A),FUL (H),TOT (A),LEI (H),WHU (A),5,5,4,2,2,5,10,14,16,18,0.0,0.0,0.0,0.0,0.0
4632,331,Tyler,Morton,Liverpool,MID,44,0,0.0,14,EVE (A),FUL (H),TOT (A),LEI (H),WHU (A),5,5,4,2,2,5,10,14,16,18,0.0,0.0,0.0,0.0,0.0
4646,332,Nathaniel,N.Phillips,Liverpool,DEF,40,0,0.0,14,EVE (A),FUL (H),TOT (A),LEI (H),WHU (A),2,3,5,3,2,2,5,10,13,15,0.0,0.0,0.0,0.0,0.0
4660,333,Jarell,Quansah,Liverpool,DEF,39,0,0.25,14,EVE (A),FUL (H),TOT (A),LEI (H),WHU (A),2,3,5,3,2,2,5,10,13,15,0.125,0.05,0.025,0.0192,0.0167
4674,334,Rhys,R.Williams,Liverpool,DEF,40,0,0.0,14,EVE (A),FUL (H),TOT (A),LEI (H),WHU (A),2,3,5,3,2,2,5,10,13,15,0.0,0.0,0.0,0.0,0.0
4688,335,Andrew,Robertson,Liverpool,DEF,59,1,4.0,14,EVE (A),FUL (H),TOT (A),LEI (H),WHU (A),2,3,5,3,2,2,5,10,13,15,2.0,0.8,0.4,0.3077,0.2667
4702,336,Dominik,Szoboszlai,Liverpool,MID,63,1,3.75,14,EVE (A),FUL (H),TOT (A),LEI (H),WHU (A),5,5,4,2,2,5,10,14,16,18,0.75,0.375,0.2679,0.2344,0.2083
4716,337,Konstantinos,Tsimikas,Liverpool,DEF,46,0,0.0,14,EVE (A),FUL (H),TOT (A),LEI (H),WHU (A),2,3,5,3,2,2,5,10,13,15,0.0,0.0,0.0,0.0,0.0
4730,338,Sepp,Van den Berg,Brentford,DEF,41,1,2.5,14,NEW (H),CHE (A),NFO (H),BHA (A),ARS (H),2,4,3,4,5,2,6,9,13,18,1.25,0.4167,0.2778,0.1923,0.1389
4744,339,Virgil,Virgil,Liverpool,DEF,64,1,3.5,14,EVE (A),FUL (H),TOT (A),LEI (H),WHU (A),2,3,5,3,2,2,5,10,13,15,1.75,0.7,0.35,0.2692,0.2333
4758,340,Manuel,Akanji,Man City,DEF,54,1,0.0,14,CRY (A),MUN (H),AVL (A),EVE (H),LEI (A),2,2,4,2,3,2,4,8,10,13,0.0,0.0,0.0,0.0,0.0
4772,341,Nathan,Aké,Man City,DEF,53,6,1.75,14,CRY (A),MUN (H),AVL (A),EVE (H),LEI (A),2,2,4,2,3,2,4,8,10,13,0.875,0.4375,0.2188,0.175,0.1346
4786,342,Bernardo,Bernardo,Man City,MID,63,8,3.0,14,CRY (A),MUN (H),AVL (A),EVE (H),LEI (A),4,3,4,3,2,4,7,11,14,16,0.75,0.4286,0.2727,0.2143,0.1875
4800,343,Oscar,Bobb,Man City,MID,47,0,0.0,14,CRY (A),MUN (H),AVL (A),EVE (H),LEI (A),4,3,4,3,2,4,7,11,14,16,0.0,0.0,0.0,0.0,0.0
4814,344,Scott,Carson,Man City,GK,40,0,0.0,14,CRY (A),MUN (H),AVL (A),EVE (H),LEI (A),2,2,4,2,3,2,4,8,10,13,0.0,0.0,0.0,0.0,0.0
4828,345,Kevin,De Bruyne,Man City,MID,94,14,4.0,14,CRY (A),MUN (H),AVL (A),EVE (H),LEI (A),4,3,4,3,2,4,7,11,14,16,1.0,0.5714,0.3636,0.2857,0.25
4842,346,Jérémy,Doku,Man City,MID,62,13,3.5,14,CRY (A),MUN (H),AVL (A),EVE (H),LEI (A),4,3,4,3,2,4,7,11,14,16,0.875,0.5,0.3182,0.25,0.2188
4856,347,Ederson,Ederson M.,Man City,GK,55,0,0.5,14,CRY (A),MUN (H),AVL (A),EVE (H),LEI (A),2,2,4,2,3,2,4,8,10,13,0.25,0.125,0.0625,0.05,0.0385
4870,348,Phil,Foden,Man City,MID,91,0,1.25,14,CRY (A),MUN (H),AVL (A),EVE (H),LEI (A),4,3,4,3,2,4,7,11,14,16,0.3125,0.1786,0.1136,0.0893,0.0781
4884,349,Jack,Grealish,Man City,MID,64,3,1.25,14,CRY (A),MUN (H),AVL (A),EVE (H),LEI (A),4,3,4,3,2,4,7,11,14,16,0.3125,0.1786,0.1136,0.0893,0.0781
4898,350,Joško,Gvardiol,Man City,DEF,62,6,1.75,14,CRY (A),MUN (H),AVL (A),EVE (H),LEI (A),2,2,4,2,3,2,4,8,10,13,0.875,0.4375,0.2188,0.175,0.1346
4912,351,Erling,Haaland,Man City,FWD,150,5,3.5,14,CRY (A),MUN (H),AVL (A),EVE (H),LEI (A),4,3,4,3,2,4,7,11,14,16,0.875,0.5,0.3182,0.25,0.2188
4926,352,Julián,J.Alvarez,Man City,FWD,70,0,0.0,14,CRY (A),MUN (H),AVL (A),EVE (H),LEI (A),4,3,4,3,2,4,7,11,14,16,0.0,0.0,0.0,0.0,0.0
4940,353,João,João Cancelo,Man City,DEF,53,0,0.0,14,CRY (A),MUN (H),AVL (A),EVE (H),LEI (A),2,2,4,2,3,2,4,8,10,13,0.0,0.0,0.0,0.0,0.0
4954,354,Mateo,Kovačić,Man City,MID,55,0,0.75,14,CRY (A),MUN (H),AVL (A),EVE (H),LEI (A),4,3,4,3,2,4,7,11,14,16,0.1875,0.1071,0.0682,0.0536,0.0469
4968,355,Rico,Lewis,Man City,DEF,47,1,0.5,14,CRY (A),MUN (H),AVL (A),EVE (H),LEI (A),2,2,4,2,3,2,4,8,10,13,0.25,0.125,0.0625,0.05,0.0385
4982,356,Matheus Luiz,Matheus N.,Man City,MID,49,1,0.75,14,CRY (A),MUN (H),AVL (A),EVE (H),LEI (A),4,3,4,3,2,4,7,11,14,16,0.1875,0.1071,0.0682,0.0536,0.0469
4996,357,James,McAtee,Man City,MID,47,1,0.25,14,CRY (A),MUN (H),AVL (A),EVE (H),LEI (A),4,3,4,3,2,4,7,11,14,16,0.0625,0.0357,0.0227,0.0179,0.0156
5010,358,Stefan,Ortega Moreno,Man City,GK,52,7,2.25,14,CRY (A),MUN (H),AVL (A),EVE (H),LEI (A),2,2,4,2,3,2,4,8,10,13,1.125,0.5625,0.2812,0.225,0.1731
5024,359,Kalvin,Phillips,Ipswich,MID,49,0,0.0,14,BOU (H),WOL (A),NEW (H),ARS (A),CHE (H),4,2,3,5,4,4,6,9,14,18,0.0,0.0,0.0,0.0,0.0
5038,360,Rodrigo 'Rodri',Rodrigo,Man City,MID,63,0,0.0,14,CRY (A),MUN (H),AVL (A),EVE (H),LEI (A),4,3,4,3,2,4,7,11,14,16,0.0,0.0,0.0,0.0,0.0
5052,361,Rúben,Rúben,Man City,DEF,54,6,1.75,14,CRY (A),MUN (H),AVL (A),EVE (H),LEI (A),2,2,4,2,3,2,4,8,10,13,0.875,0.4375,0.2188,0.175,0.1346
5066,362,John,Stones,Man City,DEF,53,0,0.0,14,CRY (A),MUN (H),AVL (A),EVE (H),LEI (A),2,2,4,2,3,2,4,8,10,13,0.0,0.0,0.0,0.0,0.0
5080,363,Kyle,Walker,Man City,DEF,52,1,0.75,14,CRY (A),MUN (H),AVL (A),EVE (H),LEI (A),2,2,4,2,3,2,4,8,10,13,0.375,0.1875,0.0938,0.075,0.0577
5094,364,Amad,Amad,Man Utd,MID,50,1,6.5,14,NFO (H),MCI (A),BOU (H),WOL (A),NEW (H),3,4,4,2,3,3,7,11,13,16,2.1667,0.9286,0.5909,0.5,0.4062
5108,365,Antony Matheus,Antony,Man Utd,MID,57,1,0.25,14,NFO (H),MCI (A),BOU (H),WOL (A),NEW (H),3,4,4,2,3,3,7,11,13,16,0.0833,0.0357,0.0227,0.0192,0.0156
5122,366,Bruno,B.Fernandes,Man Utd,MID,85,2,7.5,14,NFO (H),MCI (A),BOU (H),WOL (A),NEW (H),3,4,4,2,3,3,7,11,13,16,2.5,1.0714,0.6818,0.5769,0.4688
5136,367,Altay,Bayindir,Man Utd,GK,43,0,0.0,14,NFO (H),MCI (A),BOU (H),WOL (A),NEW (H),3,5,3,3,2,3,8,11,14,16,0.0,0.0,0.0,0.0,0.0
5150,368,Carlos Henrique,Casemiro,Man Utd,MID,48,0,1.75,14,NFO (H),MCI (A),BOU (H),WOL (A),NEW (H),3,4,4,2,3,3,7,11,13,16,0.5833,0.25,0.1591,0.1346,0.1094
5164,369,Diogo,Dalot,Man Utd,DEF,52,1,2.5,14,NFO (H),MCI (A),BOU (H),WOL (A),NEW (H),3,5,3,3,2,3,8,11,14,16,0.8333,0.3125,0.2273,0.1786,0.1562
5178,370,Christian,Eriksen,Man Utd,MID,54,0,0.75,14,NFO (H),MCI (A),BOU (H),WOL (A),NEW (H),3,4,4,2,3,3,7,11,13,16,0.25,0.1071,0.0682,0.0577,0.0469
5192,371,Jonny,Evans,Man Utd,DEF,44,0,0.5,14,NFO (H),MCI (A),BOU (H),WOL (A),NEW (H),3,5,3,3,2,3,8,11,14,16,0.1667,0.0625,0.0455,0.0357,0.0312
5206,372,Alejandro,Garnacho,Man Utd,MID,64,1,2.5,14,NFO (H),MCI (A),BOU (H),WOL (A),NEW (H),3,4,4,2,3,3,7,11,13,16,0.8333,0.3571,0.2273,0.1923,0.1562
5220,373,Hannibal,Hannibal,Man Utd,MID,45,0,0.0,14,NFO (H),MCI (A),BOU (H),WOL (A),NEW (H),3,4,4,2,3,3,7,11,13,16,0.0,0.0,0.0,0.0,0.0
5234,374,Tom,Heaton,Man Utd,GK,40,0,0.0,14,NFO (H),MCI (A),BOU (H),WOL (A),NEW (H),3,5,3,3,2,3,8,11,14,16,0.0,0.0,0.0,0.0,0.0
5248,375,Rasmus,Højlund,Man Utd,FWD,69,2,1.25,14,NFO (H),MCI (A),BOU (H),WOL (A),NEW (H),3,4,4,2,3,3,7,11,13,16,0.4167,0.1786,0.1136,0.0962,0.0781
5262,376,Victor,Lindelof,Man Utd,DEF,43,0,0.0,14,NFO (H),MCI (A),BOU (H),WOL (A),NEW (H),3,5,3,3,2,3,8,11,14,16,0.0,0.0,0.0,0.0,0.0
5276,377,Harry,Maguire,Man Utd,DEF,49,0,0.25,14,NFO (H),MCI (A),BOU (H),WOL (A),NEW (H),3,5,3,3,2,3,8,11,14,16,0.0833,0.0312,0.0227,0.0179,0.0156
5290,378,Kobbie,Mainoo,Man Utd,MID,52,0,0.5,14,NFO (H),MCI (A),BOU (H),WOL (A),NEW (H),3,4,4,2,3,3,7,11,13,16,0.1667,0.0714,0.0455,0.0385,0.0312
5304,379,Tyrell,Malacia,Man Utd,DEF,44,0,0.0,14,NFO (H),MCI (A),BOU (H),WOL (A),NEW (H),3,5,3,3,2,3,8,11,14,16,0.0,0.0,0.0,0.0,0.0
5318,380,Lisandro,Martinez,Man Utd,DEF,44,0,2.75,14,NFO (H),MCI (A),BOU (H),WOL (A),NEW (H),3,5,3,3,2,3,8,11,14,16,0.9167,0.3438,0.25,0.1964,0.1719
5332,381,Scott,McTominay,Man Utd,MID,49,0,0.0,14,NFO (H),MCI (A),BOU (H),WOL (A),NEW (H),3,4,4,2,3,3,7,11,13,16,0.0,0.0,0.0,0.0,0.0
5346,382,Mason,Mount,Man Utd,MID,63,1,0.75,14,NFO (H),MCI (A),BOU (H),WOL (A),NEW (H),3,4,4,2,3,3,7,11,13,16,0.25,0.1071,0.0682,0.0577,0.0469
5360,383,André,Onana,Man Utd,GK,52,2,5.0,14,NFO (H),MCI (A),BOU (H),WOL (A),NEW (H),3,5,3,3,2,3,8,11,14,16,1.6667,0.625,0.4545,0.3571,0.3125
5374,384,Facundo,Pellistri,Man Utd,MID,50,0,0.0,14,NFO (H),MCI (A),BOU (H),WOL (A),NEW (H),3,4,4,2,3,3,7,11,13,16,0.0,0.0,0.0,0.0,0.0
5388,385,Marcus,Rashford,Man Utd,MID,69,1,6.0,14,NFO (H),MCI (A),BOU (H),WOL (A),NEW (H),3,4,4,2,3,3,7,11,13,16,2.0,0.8571,0.5455,0.4615,0.375
5402,386,Jadon,Sancho,Chelsea,MID,62,6,2.5,14,TOT (A),BRE (H),EVE (A),FUL (H),IPS (A),4,2,5,5,2,4,6,11,16,18,0.625,0.4167,0.2273,0.1562,0.1389
5416,387,Luke,Shaw,Man Utd,DEF,49,0,0.5,14,NFO (H),MCI (A),BOU (H),WOL (A),NEW (H),3,5,3,3,2,3,8,11,14,16,0.1667,0.0625,0.0455,0.0357,0.0312
5430,388,Aaron,Wan-Bissaka,West Ham,DEF,45,1,7.0,14,WOL (H),BOU (A),BHA (H),SOU (A),LIV (H),2,3,3,2,5,2,5,8,10,15,3.5,1.4,0.875,0.7,0.4667
5444,389,Joshua,Zirkzee,Man Utd,FWD,66,1,4.0,14,NFO (H),MCI (A),BOU (H),WOL (A),NEW (H),3,4,4,2,3,3,7,11,13,16,1.3333,0.5714,0.3636,0.3077,0.25
5458,390,Alex,A.Murphy,Newcastle,DEF,40,0,0.0,14,BRE (A),LEI (H),IPS (A),AVL (H),MUN (A),5,3,2,4,3,5,8,10,14,17,0.0,0.0,0.0,0.0,0.0
5472,391,Miguel,Almirón,Newcastle,MID,55,0,0.0,14,BRE (A),LEI (H),IPS (A),AVL (H),MUN (A),2,2,2,2,4,2,4,6,8,12,0.0,0.0,0.0,0.0,0.0
5486,392,Harvey,Barnes,Newcastle,MID,62,1,2.75,14,BRE (A),LEI (H),IPS (A),AVL (H),MUN (A),2,2,2,2,4,2,4,6,8,12,1.375,0.6875,0.4583,0.3438,0.2292
5500,393,Sven,Botman,Newcastle,DEF,44,0,0.0,14,BRE (A),LEI (H),IPS (A),AVL (H),MUN (A),5,3,2,4,3,5,8,10,14,17,0.0,0.0,0.0,0.0,0.0
5514,394,Bruno,Bruno G.,Newcastle,MID,61,8,3.5,14,BRE (A),LEI (H),IPS (A),AVL (H),MUN (A),2,2,2,2,4,2,4,6,8,12,1.75,0.875,0.5833,0.4375,0.2917
5528,395,Dan,Burn,Newcastle,DEF,44,1,1.5,14,BRE (A),LEI (H),IPS (A),AVL (H),MUN (A),5,3,2,4,3,5,8,10,14,17,0.3,0.1875,0.15,0.1071,0.0882
5542,396,Martin,Dúbravka,Newcastle,GK,42,0,0.0,14,BRE (A),LEI (H),IPS (A),AVL (H),MUN (A),5,3,2,4,3,5,8,10,14,17,0.0,0.0,0.0,0.0,0.0
5556,397,Ryan,Fraser,Southampton,MID,48,2,1.25,14,AVL (A),TOT (H),FUL (A),WHU (H),CRY (A),4,3,3,2,4,4,7,10,12,16,0.3125,0.1786,0.125,0.1042,0.0781
5570,398,Anthony,Gordon,Newcastle,MID,72,8,4.25,14,BRE (A),LEI (H),IPS (A),AVL (H),MUN (A),2,2,2,2,4,2,4,6,8,12,2.125,1.0625,0.7083,0.5312,0.3542
5584,399,Lewis,Hall,Newcastle,DEF,44,1,1.5,14,BRE (A),LEI (H),IPS (A),AVL (H),MUN (A),5,3,2,4,3,5,8,10,14,17,0.3,0.1875,0.15,0.1071,0.0882
5598,400,Isaac,Hayden,Newcastle,MID,45,0,0.0,14,BRE (A),LEI (H),IPS (A),AVL (H),MUN (A),2,2,2,2,4,2,4,6,8,12,0.0,0.0,0.0,0.0,0.0
5612,401,Alexander,Isak,Newcastle,FWD,85,11,6.25,14,BRE (A),LEI (H),IPS (A),AVL (H),MUN (A),2,2,2,2,4,2,4,6,8,12,3.125,1.5625,1.0417,0.7812,0.5208
5626,402,Jacob,J.Murphy,Newcastle,MID,49,2,0.75,14,BRE (A),LEI (H),IPS (A),AVL (H),MUN (A),2,2,2,2,4,2,4,6,8,12,0.375,0.1875,0.125,0.0938,0.0625
5640,403,Joelinton Cássio,Joelinton,Newcastle,MID,60,2,4.0,14,BRE (A),LEI (H),IPS (A),AVL (H),MUN (A),2,2,2,2,4,2,4,6,8,12,2.0,1.0,0.6667,0.5,0.3333
5654,404,Lloyd,Kelly,Newcastle,DEF,43,0,0.0,14,BRE (A),LEI (H),IPS (A),AVL (H),MUN (A),5,3,2,4,3,5,8,10,14,17,0.0,0.0,0.0,0.0,0.0
5668,405,Emil,Krafth,Newcastle,DEF,44,0,0.0,14,BRE (A),LEI (H),IPS (A),AVL (H),MUN (A),5,3,2,4,3,5,8,10,14,17,0.0,0.0,0.0,0.0,0.0
5682,406,Garang,Kuol,Newcastle,MID,45,0,0.0,14,BRE (A),LEI (H),IPS (A),AVL (H),MUN (A),2,2,2,2,4,2,4,6,8,12,0.0,0.0,0.0,0.0,0.0
5696,407,Jamaal,Lascelles,Newcastle,DEF,45,0,0.0,14,BRE (A),LEI (H),IPS (A),AVL (H),MUN (A),5,3,2,4,3,5,8,10,14,17,0.0,0.0,0.0,0.0,0.0
5710,408,Jamal,Lewis,Newcastle,DEF,40,0,0.0,14,BRE (A),LEI (H),IPS (A),AVL (H),MUN (A),5,3,2,4,3,5,8,10,14,17,0.0,0.0,0.0,0.0,0.0
5724,409,Tino,Livramento,Newcastle,DEF,45,1,1.5,14,BRE (A),LEI (H),IPS (A),AVL (H),MUN (A),5,3,2,4,3,5,8,10,14,17,0.3,0.1875,0.15,0.1071,0.0882
5738,410,Sean,Longstaff,Newcastle,MID,47,1,2.0,14,BRE (A),LEI (H),IPS (A),AVL (H),MUN (A),2,2,2,2,4,2,4,6,8,12,1.0,0.5,0.3333,0.25,0.1667
5752,411,Lewis,Miley,Newcastle,MID,50,0,0.0,14,BRE (A),LEI (H),IPS (A),AVL (H),MUN (A),2,2,2,2,4,2,4,6,8,12,0.0,0.0,0.0,0.0,0.0
5766,412,Odysseas,Odysseas,Newcastle,GK,43,0,0.0,14,BRE (A),LEI (H),IPS (A),AVL (H),MUN (A),5,3,2,4,3,5,8,10,14,17,0.0,0.0,0.0,0.0,0.0
5780,413,Nick,Pope,Newcastle,GK,50,0,1.5,14,BRE (A),LEI (H),IPS (A),AVL (H),MUN (A),5,3,2,4,3,5,8,10,14,17,0.3,0.1875,0.15,0.1071,0.0882
5794,414,John,Ruddy,Newcastle,GK,40,0,0.0,14,BRE (A),LEI (H),IPS (A),AVL (H),MUN (A),5,3,2,4,3,5,8,10,14,17,0.0,0.0,0.0,0.0,0.0
5808,415,Fabian,Schär,Newcastle,DEF,54,7,3.0,14,BRE (A),LEI (H),IPS (A),AVL (H),MUN (A),5,3,2,4,3,5,8,10,14,17,0.6,0.375,0.3,0.2143,0.1765
5822,416,Matt,Targett,Newcastle,DEF,40,0,0.0,14,BRE (A),LEI (H),IPS (A),AVL (H),MUN (A),5,3,2,4,3,5,8,10,14,17,0.0,0.0,0.0,0.0,0.0
5836,417,Sandro,Tonali,Newcastle,MID,55,1,2.0,14,BRE (A),LEI (H),IPS (A),AVL (H),MUN (A),2,2,2,2,4,2,4,6,8,12,1.0,0.5,0.3333,0.25,0.1667
5850,418,Kieran,Trippier,Newcastle,DEF,56,0,0.25,14,BRE (A),LEI (H),IPS (A),AVL (H),MUN (A),5,3,2,4,3,5,8,10,14,17,0.05,0.0312,0.025,0.0179,0.0147
5864,419,Joe,White,Newcastle,MID,45,0,0.0,14,BRE (A),LEI (H),IPS (A),AVL (H),MUN (A),2,2,2,2,4,2,4,6,8,12,0.0,0.0,0.0,0.0,0.0
5878,420,Joe,Willock,Newcastle,MID,48,1,1.5,14,BRE (A),LEI (H),IPS (A),AVL (H),MUN (A),2,2,2,2,4,2,4,6,8,12,0.75,0.375,0.25,0.1875,0.125
5892,421,Callum,Wilson,Newcastle,FWD,69,1,0.5,14,BRE (A),LEI (H),IPS (A),AVL (H),MUN (A),2,2,2,2,4,2,4,6,8,12,0.25,0.125,0.0833,0.0625,0.0417
5906,422,Ola,Aina,Nottingham Forest,DEF,49,1,2.5,14,MUN (A),AVL (H),BRE (A),TOT (H),EVE (A),3,4,5,3,2,3,7,12,15,17,0.8333,0.3571,0.2083,0.1667,0.1471
5920,423,Elliot,Anderson,Nottingham Forest,MID,50,1,1.25,14,MUN (A),AVL (H),BRE (A),TOT (H),EVE (A),4,2,2,3,5,4,6,8,11,16,0.3125,0.2083,0.1562,0.1136,0.0781
5934,424,Taiwo,Awoniyi,Nottingham Forest,FWD,56,1,1.0,14,MUN (A),AVL (H),BRE (A),TOT (H),EVE (A),4,2,2,3,5,4,6,8,11,16,0.25,0.1667,0.125,0.0909,0.0625
5948,425,Willy,Boly,Nottingham Forest,DEF,43,0,0.0,14,MUN (A),AVL (H),BRE (A),TOT (H),EVE (A),3,4,5,3,2,3,7,12,15,17,0.0,0.0,0.0,0.0,0.0
5962,426,Josh,Bowler,Nottingham Forest,MID,45,0,0.0,14,MUN (A),AVL (H),BRE (A),TOT (H),EVE (A),4,2,2,3,5,4,6,8,11,16,0.0,0.0,0.0,0.0,0.0
5976,427,Carlos Miguel,C.Miguel,Nottingham Forest,GK,42,0,0.0,14,MUN (A),AVL (H),BRE (A),TOT (H),EVE (A),3,4,5,3,2,3,7,12,15,17,0.0,0.0,0.0,0.0,0.0
5990,428,Eric,Da Silva Moreira,Nottingham Forest,MID,44,1,0.25,14,MUN (A),AVL (H),BRE (A),TOT (H),EVE (A),4,2,2,3,5,4,6,8,11,16,0.0625,0.0417,0.0312,0.0227,0.0156
6004,429,Danilo,Danilo,Nottingham Forest,MID,47,0,0.0,14,MUN (A),AVL (H),BRE (A),TOT (H),EVE (A),4,2,2,3,5,4,6,8,11,16,0.0,0.0,0.0,0.0,0.0
6018,430,Emmanuel,Dennis,Nottingham Forest,FWD,49,0,0.0,14,MUN (A),AVL (H),BRE (A),TOT (H),EVE (A),4,2,2,3,5,4,6,8,11,16,0.0,0.0,0.0,0.0,0.0
6032,431,Nicolás,Dominguez,Nottingham Forest,MID,48,1,1.5,14,MUN (A),AVL (H),BRE (A),TOT (H),EVE (A),4,2,2,3,5,4,6,8,11,16,0.375,0.25,0.1875,0.1364,0.0938
6046,432,Anthony,Elanga,Nottingham Forest,MID,51,2,2.25,14,MUN (A),AVL (H),BRE (A),TOT (H),EVE (A),4,2,2,3,5,4,6,8,11,16,0.5625,0.375,0.2812,0.2045,0.1406
6060,433,Morgan,Gibbs-White,Nottingham Forest,MID,63,1,1.0,14,MUN (A),AVL (H),BRE (A),TOT (H),EVE (A),4,2,2,3,5,4,6,8,11,16,0.25,0.1667,0.125,0.0909,0.0625
6074,434,Callum,Hudson-Odoi,Nottingham Forest,MID,54,0,1.5,14,MUN (A),AVL (H),BRE (A),TOT (H),EVE (A),4,2,2,3,5,4,6,8,11,16,0.375,0.25,0.1875,0.1364,0.0938
6088,435,Alex,Mighten,Nottingham Forest,MID,45,0,0.0,14,MUN (A),AVL (H),BRE (A),TOT (H),EVE (A),4,2,2,3,5,4,6,8,11,16,0.0,0.0,0.0,0.0,0.0
6102,436,Murillo,Murillo,Nottingham Forest,DEF,46,0,3.75,14,MUN (A),AVL (H),BRE (A),TOT (H),EVE (A),3,4,5,3,2,3,7,12,15,17,1.25,0.5357,0.3125,0.25,0.2206
6116,437,Neco,N.Williams,Nottingham Forest,DEF,43,0,1.75,14,MUN (A),AVL (H),BRE (A),TOT (H),EVE (A),3,4,5,3,2,3,7,12,15,17,0.5833,0.25,0.1458,0.1167,0.1029
6130,438,Omar,O.Richards,Nottingham Forest,DEF,45,0,0.0,14,MUN (A),AVL (H),BRE (A),TOT (H),EVE (A),3,4,5,3,2,3,7,12,15,17,0.0,0.0,0.0,0.0,0.0
6144,439,Lewis,O'Brien,Nottingham Forest,MID,50,0,0.0,14,MUN (A),AVL (H),BRE (A),TOT (H),EVE (A),4,2,2,3,5,4,6,8,11,16,0.0,0.0,0.0,0.0,0.0
6158,440,Andrew,Omobamidele,Nottingham Forest,DEF,43,0,0.0,14,MUN (A),AVL (H),BRE (A),TOT (H),EVE (A),3,4,5,3,2,3,7,12,15,17,0.0,0.0,0.0,0.0,0.0
6172,441,Jonathan,Panzo,Nottingham Forest,DEF,40,0,0.0,14,MUN (A),AVL (H),BRE (A),TOT (H),EVE (A),3,4,5,3,2,3,7,12,15,17,0.0,0.0,0.0,0.0,0.0
6186,442,Ibrahim,Sangaré,Nottingham Forest,MID,44,0,0.0,14,MUN (A),AVL (H),BRE (A),TOT (H),EVE (A),4,2,2,3,5,4,6,8,11,16,0.0,0.0,0.0,0.0,0.0
6200,443,Matz,Sels,Nottingham Forest,GK,47,2,3.0,14,MUN (A),AVL (H),BRE (A),TOT (H),EVE (A),3,4,5,3,2,3,7,12,15,17,1.0,0.4286,0.25,0.2,0.1765
6214,444,Harry,Toffolo,Nottingham Forest,DEF,43,0,0.0,14,MUN (A),AVL (H),BRE (A),TOT (H),EVE (A),3,4,5,3,2,3,7,12,15,17,0.0,0.0,0.0,0.0,0.0
6228,445,Matt,Turner,Crystal Palace,GK,40,0,0.0,14,MCI (H),BHA (A),ARS (H),BOU (A),SOU (H),4,4,5,3,2,4,8,13,16,18,0.0,0.0,0.0,0.0,0.0
6242,446,Hwang,Ui-jo,Nottingham Forest,FWD,45,0,0.0,14,MUN (A),AVL (H),BRE (A),TOT (H),EVE (A),4,2,2,3,5,4,6,8,11,16,0.0,0.0,0.0,0.0,0.0
6256,447,Chris,Wood,Nottingham Forest,FWD,66,2,3.5,14,MUN (A),AVL (H),BRE (A),TOT (H),EVE (A),4,2,2,3,5,4,6,8,11,16,0.875,0.5833,0.4375,0.3182,0.2188
6270,448,Joe,Worrall,Nottingham Forest,DEF,45,0,0.0,14,MUN (A),AVL (H),BRE (A),TOT (H),EVE (A),3,4,5,3,2,3,7,12,15,17,0.0,0.0,0.0,0.0,0.0
6284,449,Ryan,Yates,Nottingham Forest,MID,49,1,1.5,14,MUN (A),AVL (H),BRE (A),TOT (H),EVE (A),4,2,2,3,5,4,6,8,11,16,0.375,0.25,0.1875,0.1364,0.0938
6298,450,Carlos,Alcaraz,Southampton,MID,49,0,0.0,14,AVL (A),TOT (H),FUL (A),WHU (H),CRY (A),4,3,3,2,4,4,7,10,12,16,0.0,0.0,0.0,0.0,0.0
6312,451,Samuel,Amo-Ameyaw,Southampton,MID,44,0,0.0,14,AVL (A),TOT (H),FUL (A),WHU (H),CRY (A),4,3,3,2,4,4,7,10,12,16,0.0,0.0,0.0,0.0,0.0
6326,452,Joe,Aribo,Southampton,MID,49,8,3.0,14,AVL (A),TOT (H),FUL (A),WHU (H),CRY (A),4,3,3,2,4,4,7,10,12,16,0.75,0.4286,0.3,0.25,0.1875
6340,453,Adam,Armstrong,Southampton,FWD,51,1,3.75,14,AVL (A),TOT (H),FUL (A),WHU (H),CRY (A),4,3,3,2,4,4,7,10,12,16,0.9375,0.5357,0.375,0.3125,0.2344
6354,454,Gavin,Bazunu,Southampton,GK,43,0,0.0,14,AVL (A),TOT (H),FUL (A),WHU (H),CRY (A),4,3,3,2,2,4,7,10,12,14,0.0,0.0,0.0,0.0,0.0
6368,455,Jan,Bednarek,Southampton,DEF,40,0,0.25,14,AVL (A),TOT (H),FUL (A),WHU (H),CRY (A),4,3,3,2,2,4,7,10,12,14,0.0625,0.0357,0.025,0.0208,0.0179
6382,456,Armel,Bella-Kotchap,Southampton,DEF,39,0,0.0,14,AVL (A),TOT (H),FUL (A),WHU (H),CRY (A),4,3,3,2,2,4,7,10,12,14,0.0,0.0,0.0,0.0,0.0
6396,457,James,Bree,Southampton,DEF,39,0,0.0,14,AVL (A),TOT (H),FUL (A),WHU (H),CRY (A),4,3,3,2,2,4,7,10,12,14,0.0,0.0,0.0,0.0,0.0
6410,458,Shea,Charles,Southampton,MID,45,0,0.0,14,AVL (A),TOT (H),FUL (A),WHU (H),CRY (A),4,3,3,2,4,4,7,10,12,16,0.0,0.0,0.0,0.0,0.0
6424,459,Samuel,Edozie,Southampton,MID,49,0,0.0,14,AVL (A),TOT (H),FUL (A),WHU (H),CRY (A),4,3,3,2,4,4,7,10,12,16,0.0,0.0,0.0,0.0,0.0
6438,460,Ronnie,Edwards,Southampton,DEF,39,1,0.25,14,AVL (A),TOT (H),FUL (A),WHU (H),CRY (A),4,3,3,2,2,4,7,10,12,14,0.0625,0.0357,0.025,0.0208,0.0179
6452,461,Taylor,Harwood-Bellis,Southampton,DEF,41,0,0.5,14,AVL (A),TOT (H),FUL (A),WHU (H),CRY (A),4,3,3,2,2,4,7,10,12,14,0.125,0.0714,0.05,0.0417,0.0357
6466,462,Kamaldeen,Kamaldeen,Southampton,MID,50,1,0.5,14,AVL (A),TOT (H),FUL (A),WHU (H),CRY (A),4,3,3,2,4,4,7,10,12,16,0.125,0.0714,0.05,0.0417,0.0312
6480,463,Adam,Lallana,Southampton,MID,50,0,0.25,14,AVL (A),TOT (H),FUL (A),WHU (H),CRY (A),4,3,3,2,4,4,7,10,12,16,0.0625,0.0357,0.025,0.0208,0.0156
6494,464,Juan,Larios,Southampton,DEF,40,0,0.0,14,AVL (A),TOT (H),FUL (A),WHU (H),CRY (A),4,3,3,2,2,4,7,10,12,14,0.0,0.0,0.0,0.0,0.0
6508,465,Mateusz,Lis,Southampton,GK,40,0,0.0,14,AVL (A),TOT (H),FUL (A),WHU (H),CRY (A),4,3,3,2,2,4,7,10,12,14,0.0,0.0,0.0,0.0,0.0
6522,466,Joe,Lumley,Southampton,GK,40,2,1.25,14,AVL (A),TOT (H),FUL (A),WHU (H),CRY (A),4,3,3,2,2,4,7,10,12,14,0.3125,0.1786,0.125,0.1042,0.0893
6536,467,Ryan,Manning,Southampton,DEF,43,0,0.75,14,AVL (A),TOT (H),FUL (A),WHU (H),CRY (A),4,3,3,2,2,4,7,10,12,14,0.1875,0.1071,0.075,0.0625,0.0536
6550,468,Sékou,Mara,Southampton,FWD,50,0,0.0,14,AVL (A),TOT (H),FUL (A),WHU (H),CRY (A),4,3,3,2,4,4,7,10,12,16,0.0,0.0,0.0,0.0,0.0
6564,469,Alex,McCarthy,Southampton,GK,43,0,0.75,14,AVL (A),TOT (H),FUL (A),WHU (H),CRY (A),4,3,3,2,2,4,7,10,12,14,0.1875,0.1071,0.075,0.0625,0.0536
6578,470,Paul,Onuachu,Southampton,FWD,49,0,0.5,14,AVL (A),TOT (H),FUL (A),WHU (H),CRY (A),4,3,3,2,4,4,7,10,12,16,0.125,0.0714,0.05,0.0417,0.0312
6592,471,Will,Smallbone,Southampton,MID,50,0,0.0,14,AVL (A),TOT (H),FUL (A),WHU (H),CRY (A),4,3,3,2,4,4,7,10,12,16,0.0,0.0,0.0,0.0,0.0
6606,472,Jack,Stephens,Southampton,DEF,40,-4,0.0,14,AVL (A),TOT (H),FUL (A),WHU (H),CRY (A),4,3,3,2,2,4,7,10,12,14,0.0,0.0,0.0,0.0,0.0
6620,473,Ross,Stewart,Southampton,FWD,44,0,0.0,14,AVL (A),TOT (H),FUL (A),WHU (H),CRY (A),4,3,3,2,4,4,7,10,12,16,0.0,0.0,0.0,0.0,0.0
6634,474,Sugawara,Sugawara,Southampton,DEF,45,0,1.0,14,AVL (A),TOT (H),FUL (A),WHU (H),CRY (A),4,3,3,2,2,4,7,10,12,14,0.25,0.1429,0.1,0.0833,0.0714
6648,475,Charlie,Taylor,Southampton,DEF,39,1,0.25,14,AVL (A),TOT (H),FUL (A),WHU (H),CRY (A),4,3,3,2,2,4,7,10,12,14,0.0625,0.0357,0.025,0.0208,0.0179
6662,476,Kyle,Walker-Peters,Southampton,DEF,44,3,1.25,14,AVL (A),TOT (H),FUL (A),WHU (H),CRY (A),4,3,3,2,2,4,7,10,12,14,0.3125,0.1786,0.125,0.1042,0.0893
6676,477,Nathan,Wood,Southampton,DEF,40,0,0.0,14,AVL (A),TOT (H),FUL (A),WHU (H),CRY (A),4,3,3,2,2,4,7,10,12,14,0.0,0.0,0.0,0.0,0.0
6690,478,Ashley,A.Phillips,Spurs,DEF,40,0,0.0,14,CHE (H),SOU (A),LIV (H),NFO (A),WOL (H),5,2,5,4,2,5,7,12,16,18,0.0,0.0,0.0,0.0,0.0
6704,479,Brandon,Austin,Spurs,GK,40,0,0.0,14,CHE (H),SOU (A),LIV (H),NFO (A),WOL (H),5,2,5,4,2,5,7,12,16,18,0.0,0.0,0.0,0.0,0.0
6718,480,Rodrigo,Bentancur,Spurs,MID,50,0,1.75,14,CHE (H),SOU (A),LIV (H),NFO (A),WOL (H),4,2,5,4,2,4,6,11,15,17,0.4375,0.2917,0.1591,0.1167,0.1029
6732,481,Lucas,Bergvall,Spurs,MID,44,1,0.75,14,CHE (H),SOU (A),LIV (H),NFO (A),WOL (H),4,2,5,4,2,4,6,11,15,17,0.1875,0.125,0.0682,0.05,0.0441
6746,482,Yves,Bissouma,Spurs,MID,49,1,1.5,14,CHE (H),SOU (A),LIV (H),NFO (A),WOL (H),4,2,5,4,2,4,6,11,15,17,0.375,0.25,0.1364,0.1,0.0882
6760,483,Bryan,Bryan,Spurs,MID,50,0,0.0,14,CHE (H),SOU (A),LIV (H),NFO (A),WOL (H),4,2,5,4,2,4,6,11,15,17,0.0,0.0,0.0,0.0,0.0
6774,484,Ben,Davies,Spurs,DEF,43,1,2.25,14,CHE (H),SOU (A),LIV (H),NFO (A),WOL (H),5,2,5,4,2,5,7,12,16,18,0.45,0.3214,0.1875,0.1406,0.125
6788,485,Alfie,Devine,Spurs,MID,45,0,0.0,14,CHE (H),SOU (A),LIV (H),NFO (A),WOL (H),4,2,5,4,2,4,6,11,15,17,0.0,0.0,0.0,0.0,0.0
6802,486,Radu,Dragusin,Spurs,DEF,43,2,2.75,14,CHE (H),SOU (A),LIV (H),NFO (A),WOL (H),5,2,5,4,2,5,7,12,16,18,0.55,0.3929,0.2292,0.1719,0.1528
6816,487,Emerson,E.Royal,Spurs,DEF,45,0,0.0,14,CHE (H),SOU (A),LIV (H),NFO (A),WOL (H),5,2,5,4,2,5,7,12,16,18,0.0,0.0,0.0,0.0,0.0
6830,488,Fraser,Forster,Spurs,GK,43,4,1.75,14,CHE (H),SOU (A),LIV (H),NFO (A),WOL (H),5,2,5,4,2,5,7,12,16,18,0.35,0.25,0.1458,0.1094,0.0972
6844,489,Archie,Gray,Spurs,MID,47,2,0.75,14,CHE (H),SOU (A),LIV (H),NFO (A),WOL (H),4,2,5,4,2,4,6,11,15,17,0.1875,0.125,0.0682,0.05,0.0441
6858,490,Pierre-Emile,Højbjerg,Spurs,MID,50,0,0.0,14,CHE (H),SOU (A),LIV (H),NFO (A),WOL (H),4,2,5,4,2,4,6,11,15,17,0.0,0.0,0.0,0.0,0.0
6872,491,Brennan,Johnson,Spurs,MID,67,2,5.0,14,CHE (H),SOU (A),LIV (H),NFO (A),WOL (H),4,2,5,4,2,4,6,11,15,17,1.25,0.8333,0.4545,0.3333,0.2941
6886,492,Dejan,Kulusevski,Spurs,MID,63,2,2.75,14,CHE (H),SOU (A),LIV (H),NFO (A),WOL (H),4,2,5,4,2,4,6,11,15,17,0.6875,0.4583,0.25,0.1833,0.1618
6900,493,Giovani,Lo Celso,Spurs,MID,49,0,0.0,14,CHE (H),SOU (A),LIV (H),NFO (A),WOL (H),4,2,5,4,2,4,6,11,15,17,0.0,0.0,0.0,0.0,0.0
6914,494,James,Maddison,Spurs,MID,76,2,5.25,14,CHE (H),SOU (A),LIV (H),NFO (A),WOL (H),4,2,5,4,2,4,6,11,15,17,1.3125,0.875,0.4773,0.35,0.3088
6928,495,Pedro,Pedro Porro,Spurs,DEF,56,1,5.25,14,CHE (H),SOU (A),LIV (H),NFO (A),WOL (H),5,2,5,4,2,5,7,12,16,18,1.05,0.75,0.4375,0.3281,0.2917
6942,496,Sergio,Reguilón,Spurs,DEF,42,0,0.0,14,CHE (H),SOU (A),LIV (H),NFO (A),WOL (H),5,2,5,4,2,5,7,12,16,18,0.0,0.0,0.0,0.0,0.0
6956,497,Richarlison,Richarlison,Spurs,FWD,68,0,0.0,14,CHE (H),SOU (A),LIV (H),NFO (A),WOL (H),4,2,5,4,2,4,6,11,15,17,0.0,0.0,0.0,0.0,0.0
6970,498,Cristian,Romero,Spurs,DEF,50,0,0.25,14,CHE (H),SOU (A),LIV (H),NFO (A),WOL (H),5,2,5,4,2,5,7,12,16,18,0.05,0.0357,0.0208,0.0156,0.0139
6984,499,Pape Matar,P.M.Sarr,Spurs,MID,48,1,1.75,14,CHE (H),SOU (A),LIV (H),NFO (A),WOL (H),4,2,5,4,2,4,6,11,15,17,0.4375,0.2917,0.1591,0.1167,0.1029
6998,500,Dane,Scarlett,Spurs,FWD,45,0,0.0,14,CHE (H),SOU (A),LIV (H),NFO (A),WOL (H),4,2,5,4,2,4,6,11,15,17,0.0,0.0,0.0,0.0,0.0
7012,501,Oliver,Skipp,Leicester,MID,48,0,0.5,14,BHA (H),NEW (A),WOL (H),LIV (A),MCI (H),3,4,2,5,4,3,7,9,14,18,0.1667,0.0714,0.0556,0.0357,0.0278
7026,502,Manor,Solomon,Spurs,MID,54,0,0.0,14,CHE (H),SOU (A),LIV (H),NFO (A),WOL (H),4,2,5,4,2,4,6,11,15,17,0.0,0.0,0.0,0.0,0.0
7040,503,Son,Son,Spurs,MID,99,1,2.75,14,CHE (H),SOU (A),LIV (H),NFO (A),WOL (H),4,2,5,4,2,4,6,11,15,17,0.6875,0.4583,0.25,0.1833,0.1618
7054,504,Djed,Spence,Spurs,DEF,44,0,0.25,14,CHE (H),SOU (A),LIV (H),NFO (A),WOL (H),5,2,5,4,2,5,7,12,16,18,0.05,0.0357,0.0208,0.0156,0.0139
7068,505,Destiny,Udogie,Spurs,DEF,49,2,2.75,14,CHE (H),SOU (A),LIV (H),NFO (A),WOL (H),5,2,5,4,2,5,7,12,16,18,0.55,0.3929,0.2292,0.1719,0.1528
7082,506,Micky,Van de Ven,Spurs,DEF,45,0,0.0,14,CHE (H),SOU (A),LIV (H),NFO (A),WOL (H),5,2,5,4,2,5,7,12,16,18,0.0,0.0,0.0,0.0,0.0
7096,507,Alejo,Veliz,Spurs,FWD,50,0,0.0,14,CHE (H),SOU (A),LIV (H),NFO (A),WOL (H),4,2,5,4,2,4,6,11,15,17,0.0,0.0,0.0,0.0,0.0
7110,508,Guglielmo,Vicario,Spurs,GK,49,0,2.25,14,CHE (H),SOU (A),LIV (H),NFO (A),WOL (H),5,2,5,4,2,5,7,12,16,18,0.45,0.3214,0.1875,0.1406,0.125
7124,509,Timo,Werner,Spurs,MID,62,1,3.25,14,CHE (H),SOU (A),LIV (H),NFO (A),WOL (H),4,2,5,4,2,4,6,11,15,17,0.8125,0.5417,0.2955,0.2167,0.1912
7138,510,Alfie,Whiteman,Spurs,GK,40,0,0.0,14,CHE (H),SOU (A),LIV (H),NFO (A),WOL (H),5,2,5,4,2,5,7,12,16,18,0.0,0.0,0.0,0.0,0.0
7152,511,Edson,Álvarez,West Ham,MID,50,1,0.5,14,WOL (H),BOU (A),BHA (H),SOU (A),LIV (H),2,5,3,2,5,2,7,10,12,17,0.25,0.0714,0.05,0.0417,0.0294
7166,512,Michail,Antonio,West Ham,FWD,54,1,1.75,14,WOL (H),BOU (A),BHA (H),SOU (A),LIV (H),2,5,3,2,5,2,7,10,12,17,0.875,0.25,0.175,0.1458,0.1029
7180,513,Alphonse,Areola,West Ham,GK,43,0,0.0,14,WOL (H),BOU (A),BHA (H),SOU (A),LIV (H),2,3,3,2,5,2,5,8,10,15,0.0,0.0,0.0,0.0,0.0
7194,514,Jarrod,Bowen,West Ham,MID,74,2,3.5,14,WOL (H),BOU (A),BHA (H),SOU (A),LIV (H),2,5,3,2,5,2,7,10,12,17,1.75,0.5,0.35,0.2917,0.2059
7208,515,Maxwel,Cornet,Southampton,MID,47,0,0.0,14,AVL (A),TOT (H),FUL (A),WHU (H),CRY (A),4,3,3,2,4,4,7,10,12,16,0.0,0.0,0.0,0.0,0.0
7222,516,Vladimír,Coufal,West Ham,DEF,43,0,0.5,14,WOL (H),BOU (A),BHA (H),SOU (A),LIV (H),2,3,3,2,5,2,5,8,10,15,0.25,0.1,0.0625,0.05,0.0333
7236,517,Aaron,Cresswell,West Ham,DEF,40,0,0.0,14,WOL (H),BOU (A),BHA (H),SOU (A),LIV (H),2,3,3,2,5,2,5,8,10,15,0.0,0.0,0.0,0.0,0.0
7250,518,Flynn,Downes,Southampton,MID,48,0,2.0,14,AVL (A),TOT (H),FUL (A),WHU (H),CRY (A),4,3,3,2,4,4,7,10,12,16,0.5,0.2857,0.2,0.1667,0.125
7264,519,George,Earthy,West Ham,MID,45,0,0.0,14,WOL (H),BOU (A),BHA (H),SOU (A),LIV (H),2,5,3,2,5,2,7,10,12,17,0.0,0.0,0.0,0.0,0.0
7278,520,Emerson,Emerson,West Ham,DEF,44,1,5.25,14,WOL (H),BOU (A),BHA (H),SOU (A),LIV (H),2,3,3,2,5,2,5,8,10,15,2.625,1.05,0.6562,0.525,0.35
7292,521,Łukasz,Fabianski,West Ham,GK,41,2,4.0,14,WOL (H),BOU (A),BHA (H),SOU (A),LIV (H),2,3,3,2,5,2,5,8,10,15,2.0,0.8,0.5,0.4,0.2667
7306,522,Wes,Foderingham,West Ham,GK,43,0,0.0,14,WOL (H),BOU (A),BHA (H),SOU (A),LIV (H),2,3,3,2,5,2,5,8,10,15,0.0,0.0,0.0,0.0,0.0
7320,523,Danny,Ings,West Ham,FWD,50,1,1.0,14,WOL (H),BOU (A),BHA (H),SOU (A),LIV (H),2,5,3,2,5,2,7,10,12,17,0.5,0.1429,0.1,0.0833,0.0588
7334,524,Max,Kilman,West Ham,DEF,45,1,3.25,14,WOL (H),BOU (A),BHA (H),SOU (A),LIV (H),2,3,3,2,5,2,5,8,10,15,1.625,0.65,0.4062,0.325,0.2167
7348,525,Mohammed,Kudus,West Ham,MID,62,2,0.5,14,WOL (H),BOU (A),BHA (H),SOU (A),LIV (H),2,5,3,2,5,2,7,10,12,17,0.25,0.0714,0.05,0.0417,0.0294
7362,526,Luis Guilherme,L.Guilherme,West Ham,MID,47,0,0.25,14,WOL (H),BOU (A),BHA (H),SOU (A),LIV (H),2,5,3,2,5,2,7,10,12,17,0.125,0.0357,0.025,0.0208,0.0147
7376,527,Lucas,L.Paquetá,West Ham,MID,58,1,3.0,14,WOL (H),BOU (A),BHA (H),SOU (A),LIV (H),2,5,3,2,5,2,7,10,12,17,1.5,0.4286,0.3,0.25,0.1765
7390,528,Konstantinos,Mavropanos,West Ham,DEF,44,1,0.5,14,WOL (H),BOU (A),BHA (H),SOU (A),LIV (H),2,3,3,2,5,2,5,8,10,15,0.25,0.1,0.0625,0.05,0.0333
7404,529,Nayef,N.Aguerd,West Ham,DEF,44,0,0.0,14,WOL (H),BOU (A),BHA (H),SOU (A),LIV (H),2,3,3,2,5,2,5,8,10,15,0.0,0.0,0.0,0.0,0.0
7418,530,Tomáš,Souček,West Ham,MID,49,2,4.0,14,WOL (H),BOU (A),BHA (H),SOU (A),LIV (H),2,5,3,2,5,2,7,10,12,17,2.0,0.5714,0.4,0.3333,0.2353
7432,531,James,Ward-Prowse,Nottingham Forest,MID,62,0,0.75,14,MUN (A),AVL (H),BRE (A),TOT (H),EVE (A),4,2,2,3,5,4,6,8,11,16,0.1875,0.125,0.0938,0.0682,0.0469
7446,532,Kurt,Zouma,West Ham,DEF,44,0,0.0,14,WOL (H),BOU (A),BHA (H),SOU (A),LIV (H),2,3,3,2,5,2,5,8,10,15,0.0,0.0,0.0,0.0,0.0
7460,533,Rayan,Aït-Nouri,Wolves,DEF,49,0,2.0,14,WHU (A),IPS (H),LEI (A),MUN (H),TOT (A),2,2,3,2,5,2,4,7,9,14,1.0,0.5,0.2857,0.2222,0.1429
7474,534,Boubacar,B.Traore,Wolves,MID,48,0,0.0,14,WHU (A),IPS (H),LEI (A),MUN (H),TOT (A),2,2,2,3,4,2,4,6,9,13,0.0,0.0,0.0,0.0,0.0
7488,535,Jean-Ricner,Bellegarde,Wolves,MID,50,0,1.75,14,WHU (A),IPS (H),LEI (A),MUN (H),TOT (A),2,2,2,3,4,2,4,6,9,13,0.875,0.4375,0.2917,0.1944,0.1346
7502,536,Daniel,Bentley,Wolves,GK,40,0,0.0,14,WHU (A),IPS (H),LEI (A),MUN (H),TOT (A),2,2,3,2,5,2,4,7,9,14,0.0,0.0,0.0,0.0,0.0
7516,537,Francisco Jorge,Chiquinho,Wolves,MID,45,0,0.0,14,WHU (A),IPS (H),LEI (A),MUN (H),TOT (A),2,2,2,3,4,2,4,6,9,13,0.0,0.0,0.0,0.0,0.0
7530,538,Tawanda,Chirewa,Wolves,MID,45,0,0.0,14,WHU (A),IPS (H),LEI (A),MUN (H),TOT (A),2,2,2,3,4,2,4,6,9,13,0.0,0.0,0.0,0.0,0.0
7544,539,Leon,Chiwome,Wolves,FWD,45,0,0.0,14,WHU (A),IPS (H),LEI (A),MUN (H),TOT (A),2,2,2,3,4,2,4,6,9,13,0.0,0.0,0.0,0.0,0.0
7558,540,Luke,Cundle,Wolves,MID,45,0,0.0,14,WHU (A),IPS (H),LEI (A),MUN (H),TOT (A),2,2,2,3,4,2,4,6,9,13,0.0,0.0,0.0,0.0,0.0
7572,541,Matheus,Cunha,Wolves,FWD,71,2,8.0,14,WHU (A),IPS (H),LEI (A),MUN (H),TOT (A),2,2,2,3,4,2,4,6,9,13,4.0,2.0,1.3333,0.8889,0.6154
7586,542,Craig,Dawson,Wolves,DEF,44,-4,0.75,14,WHU (A),IPS (H),LEI (A),MUN (H),TOT (A),2,2,3,2,5,2,4,7,9,14,0.375,0.1875,0.1071,0.0833,0.0536
7600,543,Matt,Doherty,Wolves,DEF,43,0,0.5,14,WHU (A),IPS (H),LEI (A),MUN (H),TOT (A),2,2,3,2,5,2,4,7,9,14,0.25,0.125,0.0714,0.0556,0.0357
7614,544,Tommy,Doyle,Wolves,MID,48,1,0.5,14,WHU (A),IPS (H),LEI (A),MUN (H),TOT (A),2,2,2,3,4,2,4,6,9,13,0.25,0.125,0.0833,0.0556,0.0385
7628,545,Fábio,Fábio Silva,Wolves,FWD,50,0,0.0,14,WHU (A),IPS (H),LEI (A),MUN (H),TOT (A),2,2,2,3,4,2,4,6,9,13,0.0,0.0,0.0,0.0,0.0
7642,546,Nathan,Fraser,Wolves,FWD,45,0,0.0,14,WHU (A),IPS (H),LEI (A),MUN (H),TOT (A),2,2,2,3,4,2,4,6,9,13,0.0,0.0,0.0,0.0,0.0
7656,547,Enso,Gonzalez,Wolves,MID,44,0,0.0,14,WHU (A),IPS (H),LEI (A),MUN (H),TOT (A),2,2,2,3,4,2,4,6,9,13,0.0,0.0,0.0,0.0,0.0
7670,548,Gonçalo Manuel,Guedes,Wolves,MID,53,1,3.0,14,WHU (A),IPS (H),LEI (A),MUN (H),TOT (A),2,2,2,3,4,2,4,6,9,13,1.5,0.75,0.5,0.3333,0.2308
7684,549,Hugo,H.Bueno,Wolves,DEF,45,0,0.0,14,WHU (A),IPS (H),LEI (A),MUN (H),TOT (A),2,2,3,2,5,2,4,7,9,14,0.0,0.0,0.0,0.0,0.0
7698,550,Hwang,Hee Chan,Wolves,MID,61,1,0.75,14,WHU (A),IPS (H),LEI (A),MUN (H),TOT (A),2,2,2,3,4,2,4,6,9,13,0.375,0.1875,0.125,0.0833,0.0577
7712,551,Joe,Hodge,Wolves,MID,45,0,0.0,14,WHU (A),IPS (H),LEI (A),MUN (H),TOT (A),2,2,2,3,4,2,4,6,9,13,0.0,0.0,0.0,0.0,0.0
7726,552,Ki-Jana,Hoever,Wolves,DEF,40,0,0.0,14,WHU (A),IPS (H),LEI (A),MUN (H),TOT (A),2,2,3,2,5,2,4,7,9,14,0.0,0.0,0.0,0.0,0.0
7740,553,João Victor,J.Gomes,Wolves,MID,49,2,4.75,14,WHU (A),IPS (H),LEI (A),MUN (H),TOT (A),2,2,2,3,4,2,4,6,9,13,2.375,1.1875,0.7917,0.5278,0.3654
7754,554,José,José Sá,Wolves,GK,43,0,2.0,14,WHU (A),IPS (H),LEI (A),MUN (H),TOT (A),2,2,3,2,5,2,4,7,9,14,1.0,0.5,0.2857,0.2222,0.1429
7768,555,Saša,Kalajdžić,Wolves,FWD,48,0,0.0,14,WHU (A),IPS (H),LEI (A),MUN (H),TOT (A),2,2,2,3,4,2,4,6,9,13,0.0,0.0,0.0,0.0,0.0
7782,556,Tom,King,Wolves,GK,40,0,0.0,14,WHU (A),IPS (H),LEI (A),MUN (H),TOT (A),2,2,3,2,5,2,4,7,9,14,0.0,0.0,0.0,0.0,0.0
7796,557,Mario,Mario Jr.,Wolves,MID,50,2,3.75,14,WHU (A),IPS (H),LEI (A),MUN (H),TOT (A),2,2,2,3,4,2,4,6,9,13,1.875,0.9375,0.625,0.4167,0.2885
7810,558,Yerson,Mosquera,Wolves,DEF,39,0,0.0,14,WHU (A),IPS (H),LEI (A),MUN (H),TOT (A),2,2,3,2,5,2,4,7,9,14,0.0,0.0,0.0,0.0,0.0
7824,559,Nélson,N.Semedo,Wolves,DEF,45,0,1.75,14,WHU (A),IPS (H),LEI (A),MUN (H),TOT (A),2,2,3,2,5,2,4,7,9,14,0.875,0.4375,0.25,0.1944,0.125
7838,560,Pedro,Neto,Chelsea,MID,62,0,3.0,14,TOT (A),BRE (H),EVE (A),FUL (H),IPS (A),4,2,5,5,2,4,6,11,16,18,0.75,0.5,0.2727,0.1875,0.1667
7852,561,Pedro,Pedro Lima,Wolves,DEF,40,0,0.0,14,WHU (A),IPS (H),LEI (A),MUN (H),TOT (A),2,2,3,2,5,2,4,7,9,14,0.0,0.0,0.0,0.0,0.0
7866,562,Daniel,Podence,Wolves,MID,55,0,0.0,14,WHU (A),IPS (H),LEI (A),MUN (H),TOT (A),2,2,2,3,4,2,4,6,9,13,0.0,0.0,0.0,0.0,0.0
7880,563,Rodrigo,R.Gomes,Wolves,MID,52,1,1.25,14,WHU (A),IPS (H),LEI (A),MUN (H),TOT (A),2,2,2,3,4,2,4,6,9,13,0.625,0.3125,0.2083,0.1389,0.0962
7894,564,Santiago,S.Bueno,Wolves,DEF,43,0,1.5,14,WHU (A),IPS (H),LEI (A),MUN (H),TOT (A),2,2,3,2,5,2,4,7,9,14,0.75,0.375,0.2143,0.1667,0.1071
7908,565,Pablo,Sarabia,Wolves,MID,51,0,1.5,14,WHU (A),IPS (H),LEI (A),MUN (H),TOT (A),2,2,2,3,4,2,4,6,9,13,0.75,0.375,0.25,0.1667,0.1154
7922,566,Jørgen,Strand Larsen,Wolves,FWD,56,2,5.0,14,WHU (A),IPS (H),LEI (A),MUN (H),TOT (A),2,2,2,3,4,2,4,6,9,13,2.5,1.25,0.8333,0.5556,0.3846
7936,567,Toti António,Toti,Wolves,DEF,43,1,3.0,14,WHU (A),IPS (H),LEI (A),MUN (H),TOT (A),2,2,3,2,5,2,4,7,9,14,1.5,0.75,0.4286,0.3333,0.2143
7950,568,Arijanet,Muric,Ipswich,GK,44,2,2.75,14,BOU (H),WOL (A),NEW (H),ARS (A),CHE (H),3,3,2,5,5,3,6,8,13,18,0.9167,0.4583,0.3438,0.2115,0.1528
7964,569,Jaden,Jaden,Aston Villa,MID,53,1,1.0,14,SOU (H),NFO (A),MCI (H),NEW (A),BHA (H),2,4,4,4,3,2,6,10,14,17,0.5,0.1667,0.1,0.0714,0.0588
7978,570,Abdul,A.Fatawu,Leicester,MID,52,0,0.5,14,BHA (H),NEW (A),WOL (H),LIV (A),MCI (H),3,4,2,5,4,3,7,9,14,18,0.1667,0.0714,0.0556,0.0357,0.0278
7992,571,Sávio 'Savinho',Sávio,Man City,MID,65,1,1.75,14,CRY (A),MUN (H),AVL (A),EVE (H),LEI (A),4,3,4,3,2,4,7,11,14,16,0.4375,0.25,0.1591,0.125,0.1094
8006,572,Leny,Yoro,Man Utd,DEF,43,1,0.25,14,NFO (H),MCI (A),BOU (H),WOL (A),NEW (H),3,5,3,3,2,3,8,11,14,16,0.0833,0.0312,0.0227,0.0179,0.0156
8020,573,Nikola,Milenković,Nottingham Forest,DEF,45,0,2.0,14,MUN (A),AVL (H),BRE (A),TOT (H),EVE (A),3,4,5,3,2,3,7,12,15,17,0.6667,0.2857,0.1667,0.1333,0.1176
8034,574,Miodrag,Pivas,Newcastle,DEF,40,0,0.0,14,BRE (A),LEI (H),IPS (A),AVL (H),MUN (A),5,3,2,4,3,5,8,10,14,17,0.0,0.0,0.0,0.0,0.0
8048,575,Caleb,Wiley,Chelsea,DEF,40,0,0.0,14,TOT (A),BRE (H),EVE (A),FUL (H),IPS (A),5,2,2,3,2,5,7,9,12,14,0.0,0.0,0.0,0.0,0.0
8062,576,Andy,Irving,West Ham,MID,48,0,0.5,14,WOL (H),BOU (A),BHA (H),SOU (A),LIV (H),2,5,3,2,5,2,7,10,12,17,0.25,0.0714,0.05,0.0417,0.0294
8076,577,Jesper,Lindstrøm,Everton,MID,51,1,2.25,14,LIV (H),ARS (A),CHE (H),MCI (A),NFO (H),5,5,4,4,3,5,10,14,18,21,0.45,0.225,0.1607,0.125,0.1071
8090,578,Riccardo,Calafiori,Arsenal,DEF,58,0,1.5,14,FUL (A),EVE (H),CRY (A),IPS (H),BRE (A),3,2,2,2,5,3,5,7,9,14,0.5,0.3,0.2143,0.1667,0.1071
8104,579,Ryan,Sessegnon,Fulham,DEF,42,0,0.25,14,ARS (H),LIV (A),SOU (H),CHE (A),BOU (H),5,5,2,4,3,5,10,12,16,19,0.05,0.025,0.0208,0.0156,0.0132
8118,580,Dean,Huijsen,Bournemouth,DEF,43,15,4.5,14,IPS (A),WHU (H),MUN (A),CRY (H),FUL (A),2,2,3,3,3,2,4,7,10,13,2.25,1.125,0.6429,0.45,0.3462
8132,581,Filip,Jørgensen,Chelsea,GK,42,3,0.75,14,TOT (A),BRE (H),EVE (A),FUL (H),IPS (A),5,2,2,3,2,5,7,9,12,14,0.15,0.1071,0.0833,0.0625,0.0536
8146,582,Jake,O'Brien,Everton,DEF,46,0,0.25,14,LIV (H),ARS (A),CHE (H),MCI (A),NFO (H),5,5,5,5,3,5,10,15,20,23,0.05,0.025,0.0167,0.0125,0.0109
8160,583,Conor,Townsend,Ipswich,DEF,40,0,0.0,14,BOU (H),WOL (A),NEW (H),ARS (A),CHE (H),3,3,2,5,5,3,6,8,13,18,0.0,0.0,0.0,0.0,0.0
8174,584,Ben,Brereton Díaz,Southampton,MID,50,1,0.75,14,AVL (A),TOT (H),FUL (A),WHU (H),CRY (A),4,3,3,2,4,4,7,10,12,16,0.1875,0.1071,0.075,0.0625,0.0469
8188,585,Ismaïla,I.Sarr,Crystal Palace,MID,57,2,4.75,14,MCI (H),BHA (A),ARS (H),BOU (A),SOU (H),4,3,4,5,2,4,7,11,16,18,1.1875,0.6786,0.4318,0.2969,0.2639
8202,586,Jorge,J.Cuenca,Fulham,DEF,44,1,0.25,14,ARS (H),LIV (A),SOU (H),CHE (A),BOU (H),5,5,2,4,3,5,10,12,16,19,0.05,0.025,0.0208,0.0156,0.0132
8216,587,Crysencio,Summerville,West Ham,MID,57,4,2.5,14,WOL (H),BOU (A),BHA (H),SOU (A),LIV (H),2,5,3,2,5,2,7,10,12,17,1.25,0.3571,0.25,0.2083,0.1471
8230,588,Guido,G.Rodríguez,West Ham,MID,48,0,1.25,14,WOL (H),BOU (A),BHA (H),SOU (A),LIV (H),2,5,3,2,5,2,7,10,12,17,0.625,0.1786,0.125,0.1042,0.0735
8244,589,Niclas,Füllkrug,West Ham,FWD,67,6,1.5,14,WOL (H),BOU (A),BHA (H),SOU (A),LIV (H),2,5,3,2,5,2,7,10,12,17,0.75,0.2143,0.15,0.125,0.0882
8258,590,William,Osula,Newcastle,FWD,50,0,0.25,14,BRE (A),LEI (H),IPS (A),AVL (H),MUN (A),2,2,2,2,4,2,4,6,8,12,0.125,0.0625,0.0417,0.0312,0.0208
8272,591,Jean-Clair,Todibo,West Ham,DEF,43,0,1.75,14,WOL (H),BOU (A),BHA (H),SOU (A),LIV (H),2,3,3,2,5,2,5,8,10,15,0.875,0.35,0.2188,0.175,0.1167
8286,592,Julián,J.Araujo,Bournemouth,DEF,44,0,0.25,14,IPS (A),WHU (H),MUN (A),CRY (H),FUL (A),2,2,3,3,3,2,4,7,10,13,0.125,0.0625,0.0357,0.025,0.0192
8300,593,Matthijs,De Ligt,Man Utd,DEF,50,1,2.5,14,NFO (H),MCI (A),BOU (H),WOL (A),NEW (H),3,5,3,3,2,3,8,11,14,16,0.8333,0.3125,0.2273,0.1786,0.1562
8314,594,Noussair,Mazraoui,Man Utd,DEF,47,1,3.0,14,NFO (H),MCI (A),BOU (H),WOL (A),NEW (H),3,5,3,3,2,3,8,11,14,16,1.0,0.375,0.2727,0.2143,0.1875
8328,595,Brajan,Gruda,Brighton,MID,54,1,0.5,14,LEI (A),CRY (H),WHU (A),BRE (H),AVL (A),2,2,2,2,4,2,4,6,8,12,0.25,0.125,0.0833,0.0625,0.0417
8342,596,João Pedro,Jota Silva,Nottingham Forest,MID,59,2,2.5,14,MUN (A),AVL (H),BRE (A),TOT (H),EVE (A),4,2,2,3,5,4,6,8,11,16,0.625,0.4167,0.3125,0.2273,0.1562
8356,597,Myles,Lewis-Skelly,Arsenal,MID,45,0,0.0,14,FUL (A),EVE (H),CRY (A),IPS (H),BRE (A),3,3,4,2,2,3,6,10,12,14,0.0,0.0,0.0,0.0,0.0
8370,598,Lamare,Bogarde,Aston Villa,DEF,40,0,0.0,14,SOU (H),NFO (A),MCI (H),NEW (A),BHA (H),2,4,4,3,3,2,6,10,13,16,0.0,0.0,0.0,0.0,0.0
8384,599,Will,Dennis,Bournemouth,GK,40,0,0.0,14,IPS (A),WHU (H),MUN (A),CRY (H),FUL (A),2,2,3,3,3,2,4,7,10,13,0.0,0.0,0.0,0.0,0.0
8398,600,Yasin,Ayari,Brighton,MID,50,0,1.25,14,LEI (A),CRY (H),WHU (A),BRE (H),AVL (A),2,2,2,2,4,2,4,6,8,12,0.625,0.3125,0.2083,0.1562,0.1042
8412,601,Andrew,Moran,Brighton,MID,50,0,0.0,14,LEI (A),CRY (H),WHU (A),BRE (H),AVL (A),2,2,2,2,4,2,4,6,8,12,0.0,0.0,0.0,0.0,0.0
8426,602,Ryan,Trevitt,Brentford,MID,45,0,0.0,14,NEW (H),CHE (A),NFO (H),BHA (A),ARS (H),3,3,3,3,4,3,6,9,12,16,0.0,0.0,0.0,0.0,0.0
8440,603,Harrison,Armstrong,Everton,MID,45,0,0.0,14,LIV (H),ARS (A),CHE (H),MCI (A),NFO (H),5,5,4,4,3,5,10,14,18,21,0.0,0.0,0.0,0.0,0.0
8454,604,Josh,King,Fulham,MID,45,1,0.25,14,ARS (H),LIV (A),SOU (H),CHE (A),BOU (H),4,5,2,3,4,4,9,11,14,18,0.0625,0.0278,0.0227,0.0179,0.0139
8468,605,Martial,Godo,Fulham,MID,45,0,0.0,14,ARS (H),LIV (A),SOU (H),CHE (A),BOU (H),4,5,2,3,4,4,9,11,14,18,0.0,0.0,0.0,0.0,0.0
8482,606,Will,Alves,Leicester,MID,45,0,0.0,14,BHA (H),NEW (A),WOL (H),LIV (A),MCI (H),3,4,2,5,4,3,7,9,14,18,0.0,0.0,0.0,0.0,0.0
8496,607,Nico,O’Reilly,Man City,MID,49,0,0.0,14,CRY (A),MUN (H),AVL (A),EVE (H),LEI (A),4,3,4,3,2,4,7,11,14,16,0.0,0.0,0.0,0.0,0.0
8510,608,Tyler,Dibling,Southampton,MID,45,0,1.0,14,AVL (A),TOT (H),FUL (A),WHU (H),CRY (A),4,3,3,2,4,4,7,10,12,16,0.25,0.1429,0.1,0.0833,0.0625
8524,609,Will,Lankshear,Spurs,FWD,45,0,0.25,14,CHE (H),SOU (A),LIV (H),NFO (A),WOL (H),4,2,5,4,2,4,6,11,15,17,0.0625,0.0417,0.0227,0.0167,0.0147
8538,610,Mikey,Moore,Spurs,MID,45,0,0.0,14,CHE (H),SOU (A),LIV (H),NFO (A),WOL (H),4,2,5,4,2,4,6,11,15,17,0.0,0.0,0.0,0.0,0.0
8552,611,Sam,Szmodics,Ipswich,MID,58,0,3.25,14,BOU (H),WOL (A),NEW (H),ARS (A),CHE (H),4,2,3,5,4,4,6,9,14,18,0.8125,0.5417,0.3611,0.2321,0.1806
8566,612,Wilson,Odobert,Spurs,MID,53,0,0.0,14,CHE (H),SOU (A),LIV (H),NFO (A),WOL (H),4,2,5,4,2,4,6,11,15,17,0.0,0.0,0.0,0.0,0.0
8580,613,Toby,Collyer,Man Utd,MID,45,0,0.0,14,NFO (H),MCI (A),BOU (H),WOL (A),NEW (H),3,4,4,2,3,3,7,11,13,16,0.0,0.0,0.0,0.0,0.0
8594,614,Jenson,Metcalfe,Everton,MID,45,0,0.0,14,LIV (H),ARS (A),CHE (H),MCI (A),NFO (H),5,5,4,4,3,5,10,14,18,21,0.0,0.0,0.0,0.0,0.0
8608,615,Carl,Rushworth,Brighton,GK,40,0,0.0,14,LEI (A),CRY (H),WHU (A),BRE (H),AVL (A),3,3,2,2,4,3,6,8,10,14,0.0,0.0,0.0,0.0,0.0
8622,616,Ben,Nelson,Leicester,DEF,40,0,0.0,14,BHA (H),NEW (A),WOL (H),LIV (A),MCI (H),3,3,2,5,4,3,6,8,13,17,0.0,0.0,0.0,0.0,0.0
8635,617,Francisco Evanilson,Evanilson,Bournemouth,FWD,60,2,6.0,14,IPS (A),WHU (H),MUN (A),CRY (H),FUL (A),2,2,4,2,3,2,4,8,10,13,3.0,1.5,0.75,0.6,0.4615
8648,618,Georginio,Georginio,Brighton,MID,56,1,2.5,14,LEI (A),CRY (H),WHU (A),BRE (H),AVL (A),2,2,2,2,4,2,4,6,8,12,1.25,0.625,0.4167,0.3125,0.2083
8661,619,Jens,Cajuste,Ipswich,MID,45,2,1.75,14,BOU (H),WOL (A),NEW (H),ARS (A),CHE (H),4,2,3,5,4,4,6,9,14,18,0.4375,0.2917,0.1944,0.125,0.0972
8674,620,Ramón,Sosa,Nottingham Forest,MID,55,1,1.0,14,MUN (A),AVL (H),BRE (A),TOT (H),EVE (A),4,2,2,3,5,4,6,8,11,16,0.25,0.1667,0.125,0.0909,0.0625
8687,621,João,João Félix,Chelsea,MID,61,5,2.0,14,TOT (A),BRE (H),EVE (A),FUL (H),IPS (A),4,2,5,5,2,4,6,11,16,18,0.5,0.3333,0.1818,0.125,0.1111
8700,622,Sander,Berge,Fulham,MID,50,1,1.5,14,ARS (H),LIV (A),SOU (H),CHE (A),BOU (H),4,5,2,3,4,4,9,11,14,18,0.375,0.1667,0.1364,0.1071,0.0833
8713,623,Mateus Gonçalo,M.Fernandes,Southampton,MID,50,2,3.25,14,AVL (A),TOT (H),FUL (A),WHU (H),CRY (A),4,3,3,2,4,4,7,10,12,16,0.8125,0.4643,0.325,0.2708,0.2031
8726,624,Asmir,Begovic,Everton,GK,40,0,0.0,14,LIV (H),ARS (A),CHE (H),MCI (A),NFO (H),5,5,5,5,3,5,10,15,20,23,0.0,0.0,0.0,0.0,0.0
8739,625,Ilkay,Gündogan,Man City,MID,65,2,2.0,14,CRY (A),MUN (H),AVL (A),EVE (H),LEI (A),4,3,4,3,2,4,7,11,14,16,0.5,0.2857,0.1818,0.1429,0.125
8752,626,Issa,Kaboré,Man City,DEF,45,0,0.0,14,CRY (A),MUN (H),AVL (A),EVE (H),LEI (A),2,2,4,2,3,2,4,8,10,13,0.0,0.0,0.0,0.0,0.0
8765,627,Roman,Dixon,Everton,DEF,40,0,0.0,14,LIV (H),ARS (A),CHE (H),MCI (A),NFO (H),5,5,5,5,3,5,10,15,20,23,0.0,0.0,0.0,0.0,0.0
8777,628,Ferdi,F.Kadıoğlu,Brighton,DEF,45,0,0.0,14,LEI (A),CRY (H),WHU (A),BRE (H),AVL (A),3,3,2,2,4,3,6,8,10,14,0.0,0.0,0.0,0.0,0.0
8789,629,Matt,O'Riley,Brighton,MID,55,0,2.5,14,LEI (A),CRY (H),WHU (A),BRE (H),AVL (A),2,2,2,2,4,2,4,6,8,12,1.25,0.625,0.4167,0.3125,0.2083
8801,630,Dara,O'Shea,Ipswich,DEF,40,1,1.5,14,BOU (H),WOL (A),NEW (H),ARS (A),CHE (H),3,3,2,5,5,3,6,8,13,18,0.5,0.25,0.1875,0.1154,0.0833
8813,631,Jack,J.Clarke,Ipswich,MID,55,2,1.25,14,BOU (H),WOL (A),NEW (H),ARS (A),CHE (H),4,2,3,5,4,4,6,9,14,18,0.3125,0.2083,0.1389,0.0893,0.0694
8825,632,Chiedozie,Ogbene,Ipswich,MID,49,0,0.0,14,BOU (H),WOL (A),NEW (H),ARS (A),CHE (H),4,2,3,5,4,4,6,9,14,18,0.0,0.0,0.0,0.0,0.0
8837,633,Mikel,Merino,Arsenal,MID,60,1,1.25,14,FUL (A),EVE (H),CRY (A),IPS (H),BRE (A),3,3,4,2,2,3,6,10,12,14,0.4167,0.2083,0.125,0.1042,0.0893
8849,634,Gustavo,G.Nunes,Brentford,MID,49,0,0.0,14,NEW (H),CHE (A),NFO (H),BHA (A),ARS (H),3,3,3,3,4,3,6,9,12,16,0.0,0.0,0.0,0.0,0.0
8861,635,Bilal,El Khannouss,Leicester,MID,48,14,4.25,14,BHA (H),NEW (A),WOL (H),LIV (A),MCI (H),3,4,2,5,4,3,7,9,14,18,1.4167,0.6071,0.4722,0.3036,0.2361
8873,636,Federico,Chiesa,Liverpool,MID,68,0,0.0,14,EVE (A),FUL (H),TOT (A),LEI (H),WHU (A),5,5,4,2,2,5,10,14,16,18,0.0,0.0,0.0,0.0,0.0
8885,637,Bastien,Meupiyou,Wolves,DEF,40,0,0.0,14,WHU (A),IPS (H),LEI (A),MUN (H),TOT (A),2,2,3,2,5,2,4,7,9,14,0.0,0.0,0.0,0.0,0.0
8897,638,Salah-Eddine,Oulad M'hand,Arsenal,MID,45,0,0.0,14,FUL (A),EVE (H),CRY (A),IPS (H),BRE (A),3,3,4,2,2,3,6,10,12,14,0.0,0.0,0.0,0.0,0.0
8909,639,Tommy,Setford,Arsenal,GK,45,0,0.0,14,FUL (A),EVE (H),CRY (A),IPS (H),BRE (A),3,2,2,2,5,3,5,7,9,14,0.0,0.0,0.0,0.0,0.0
8921,640,Sil,Swinkels,Aston Villa,DEF,40,0,0.0,14,SOU (H),NFO (A),MCI (H),NEW (A),BHA (H),2,4,4,3,3,2,6,10,13,16,0.0,0.0,0.0,0.0,0.0
8933,641,Oliwier,Zych,Aston Villa,GK,40,0,0.0,14,SOU (H),NFO (A),MCI (H),NEW (A),BHA (H),2,4,4,3,3,2,6,10,13,16,0.0,0.0,0.0,0.0,0.0
8945,642,André,André,Wolves,MID,50,2,1.5,14,WHU (A),IPS (H),LEI (A),MUN (H),TOT (A),2,2,2,3,4,2,4,6,9,13,0.75,0.375,0.25,0.1667,0.1154
8957,643,Kaelan,Casey,West Ham,DEF,40,0,0.0,14,WOL (H),BOU (A),BHA (H),SOU (A),LIV (H),2,3,3,2,5,2,5,8,10,15,0.0,0.0,0.0,0.0,0.0
8969,644,Franco,Umeh-Chibueze,Crystal Palace,MID,45,0,0.0,14,MCI (H),BHA (A),ARS (H),BOU (A),SOU (H),4,3,4,5,2,4,7,11,16,18,0.0,0.0,0.0,0.0,0.0
8981,645,Justin,Devenny,Crystal Palace,MID,45,1,3.0,14,MCI (H),BHA (A),ARS (H),BOU (A),SOU (H),4,3,4,5,2,4,7,11,16,18,0.75,0.4286,0.2727,0.1875,0.1667
8993,646,Asher,Agbinone,Crystal Palace,MID,45,0,0.25,14,MCI (H),BHA (A),ARS (H),BOU (A),SOU (H),4,3,4,5,2,4,7,11,16,18,0.0625,0.0357,0.0227,0.0156,0.0139
9005,647,Kaden,Rodney,Crystal Palace,MID,45,0,0.0,14,MCI (H),BHA (A),ARS (H),BOU (A),SOU (H),4,3,4,5,2,4,7,11,16,18,0.0,0.0,0.0,0.0,0.0
9017,648,Ethan,Wheatley,Man Utd,FWD,45,0,0.0,14,NFO (H),MCI (A),BOU (H),WOL (A),NEW (H),3,4,4,2,3,3,7,11,13,16,0.0,0.0,0.0,0.0,0.0
9028,649,Jayden,Meghoma,Brentford,DEF,40,0,0.0,14,NEW (H),CHE (A),NFO (H),BHA (A),ARS (H),2,4,3,4,5,2,6,9,13,18,0.0,0.0,0.0,0.0,0.0
9039,650,Maxence,Lacroix,Crystal Palace,DEF,45,8,2.75,14,MCI (H),BHA (A),ARS (H),BOU (A),SOU (H),4,4,5,3,2,4,8,13,16,18,0.6875,0.3438,0.2115,0.1719,0.1528
9050,651,Orel,Mangala,Everton,MID,50,7,3.0,14,LIV (H),ARS (A),CHE (H),MCI (A),NFO (H),5,5,4,4,3,5,10,14,18,21,0.6,0.3,0.2143,0.1667,0.1429
9061,652,Manuel,Ugarte,Man Utd,MID,49,1,1.5,14,NFO (H),MCI (A),BOU (H),WOL (A),NEW (H),3,4,4,2,3,3,7,11,13,16,0.5,0.2143,0.1364,0.1154,0.0938
9072,653,Felipe,Morato,Nottingham Forest,DEF,45,1,0.5,14,MUN (A),AVL (H),BRE (A),TOT (H),EVE (A),3,4,5,3,2,3,7,12,15,17,0.1667,0.0714,0.0417,0.0333,0.0294
9083,654,Carlos,C.Soler,West Ham,MID,50,2,2.75,14,WOL (H),BOU (A),BHA (H),SOU (A),LIV (H),2,5,3,2,5,2,7,10,12,17,1.375,0.3929,0.275,0.2292,0.1618
9094,655,Carlos Roberto,Forbs,Wolves,MID,55,0,0.25,14,WHU (A),IPS (H),LEI (A),MUN (H),TOT (A),2,2,2,3,4,2,4,6,9,13,0.125,0.0625,0.0417,0.0278,0.0192
9105,656,Kadan,Young,Aston Villa,MID,45,0,0.0,14,SOU (H),NFO (A),MCI (H),NEW (A),BHA (H),2,4,4,4,3,2,6,10,14,17,0.0,0.0,0.0,0.0,0.0
9116,657,Maldini,Kacurri,Arsenal,DEF,40,0,0.0,14,FUL (A),EVE (H),CRY (A),IPS (H),BRE (A),3,2,2,2,5,3,5,7,9,14,0.0,0.0,0.0,0.0,0.0
9127,658,Ayden,Heaven,Arsenal,DEF,40,0,0.0,14,FUL (A),EVE (H),CRY (A),IPS (H),BRE (A),3,2,2,2,5,3,5,7,9,14,0.0,0.0,0.0,0.0,0.0
9138,659,Ismeal,Kabia,Arsenal,MID,45,0,0.0,14,FUL (A),EVE (H),CRY (A),IPS (H),BRE (A),3,3,4,2,2,3,6,10,12,14,0.0,0.0,0.0,0.0,0.0
9148,660,Vítezslav,Jaros,Liverpool,GK,40,0,0.0,14,EVE (A),FUL (H),TOT (A),LEI (H),WHU (A),2,3,5,3,2,2,5,10,13,15,0.0,0.0,0.0,0.0,0.0
9158,661,Tony,Yogane,Brentford,MID,45,0,0.0,14,NEW (H),CHE (A),NFO (H),BHA (A),ARS (H),3,3,3,3,4,3,6,9,12,16,0.0,0.0,0.0,0.0,0.0
9167,662,Josh,Nichols,Arsenal,DEF,40,0,0.0,14,FUL (A),EVE (H),CRY (A),IPS (H),BRE (A),3,2,2,2,5,3,5,7,9,14,0.0,0.0,0.0,0.0,0.0
9176,663,Imari,Samuels,Brighton,DEF,40,0,0.0,14,LEI (A),CRY (H),WHU (A),BRE (H),AVL (A),3,3,2,2,4,3,6,8,10,14,0.0,0.0,0.0,0.0,0.0
9185,664,Alfie,Pond,Wolves,DEF,39,0,0.25,14,WHU (A),IPS (H),LEI (A),MUN (H),TOT (A),2,2,3,2,5,2,4,7,9,14,0.125,0.0625,0.0357,0.0278,0.0179
