Player ID,Name,Last_Name,Team,Position,Cost_Today,GW Points,Minutes,KO_time,Goals,Assists,Clean Sheets,Goals Conceded,Penalties Saved,Penalties Missed,YC,RC,Saves,Total Bonus Points,Total BPS,Influence,Creativity,Threat,ICT Index,xG,xA,xGi,xGc,Transfers In GW,Transfers Out GW,Gameweek,Avail,Opponent,Difficulty
1,Fábio,Fábio Vieira,Arsenal,MID,54,0,0,2025-01-25T15:00:00Z,0,0,0,0,0,0,0,0,0,0,0,0.0,0.0,0.0,0.0,0.00,0.00,0.00,0.00,0,7,23,u,WOL (A),2
2,Gabriel,G.Jesus,Arsenal,FWD,66,0,0,2025-01-25T15:00:00Z,0,0,0,0,0,0,0,0,0,0,0,0.0,0.0,0.0,0.0,0.00,0.00,0.00,0.00,151,83476,23,i,WOL (A),2
3,Gabriel,Gabriel,Arsenal,DEF,64,7,90,2025-01-25T15:00:00Z,0,0,1,0,0,0,0,0,0,1,27,18.8,11.3,7.0,3.7,0.06,0.01,0.07,0.74,158354,166633,23,a,WOL (A),2
4,Kai,Havertz,Arsenal,FWD,78,2,90,2025-01-25T15:00:00Z,0,0,1,0,0,0,0,0,0,0,-6,7.4,1.4,36.0,4.5,0.53,0.00,0.53,0.74,67389,31882,23,a,WOL (A),2
5,Karl,Hein,Arsenal,GK,40,0,0,2025-01-25T15:00:00Z,0,0,0,0,0,0,0,0,0,0,0,0.0,0.0,0.0,0.0,0.00,0.00,0.00,0.00,0,27,23,u,WOL (A),2
6,Jurriën,J.Timber,Arsenal,DEF,56,5,90,2025-01-25T15:00:00Z,0,0,1,0,0,0,1,0,0,0,21,13.4,5.3,0.0,1.9,0.00,0.02,0.02,0.74,35090,60708,23,a,WOL (A),2
7,Jorge Luiz,Jorginho,Arsenal,MID,47,0,0,2025-01-25T15:00:00Z,0,0,0,0,0,0,0,0,0,0,0,0.0,0.0,0.0,0.0,0.00,0.00,0.00,0.00,569,856,23,a,WOL (A),2
8,Jakub,Kiwior,Arsenal,DEF,48,0,0,2025-01-25T15:00:00Z,0,0,0,0,0,0,0,0,0,0,0,0.0,0.0,0.0,0.0,0.00,0.00,0.00,0.00,434,717,23,a,WOL (A),2
9,Gabriel,Martinelli,Arsenal,MID,67,3,86,2025-01-25T15:00:00Z,0,0,1,0,0,0,0,0,0,0,5,6.0,12.9,2.0,2.1,0.00,0.02,0.02,0.74,37916,30873,23,a,WOL (A),2
12,Ethan,Nwaneri,Arsenal,MID,45,1,45,2025-01-25T15:00:00Z,0,0,0,0,0,0,0,0,0,0,2,2.2,0.8,4.0,0.7,0.24,0.00,0.24,0.45,8291,5282,23,a,WOL (A),2
13,Martin,Ødegaard,Arsenal,MID,83,0,0,2025-01-25T15:00:00Z,0,0,0,0,0,0,0,0,0,0,0,0.0,0.0,0.0,0.0,0.00,0.00,0.00,0.00,14619,42983,23,a,WOL (A),2
15,David,Raya,Arsenal,GK,56,9,90,2025-01-25T15:00:00Z,0,0,1,0,0,0,0,0,4,2,28,24.0,0.0,0.0,2.4,0.00,0.00,0.00,0.74,33065,138810,23,d,WOL (A),2
16,Declan,Rice,Arsenal,MID,62,3,90,2025-01-25T15:00:00Z,0,0,1,0,0,0,0,0,0,0,19,23.0,44.8,23.0,9.1,0.04,0.27,0.31,0.74,7635,9579,23,a,WOL (A),2
17,Bukayo,Saka,Arsenal,MID,102,0,0,2025-01-25T15:00:00Z,0,0,0,0,0,0,0,0,0,0,0,0.0,0.0,0.0,0.0,0.00,0.00,0.00,0.00,534,39248,23,i,WOL (A),2
18,William,Saliba,Arsenal,DEF,62,9,90,2025-01-25T15:00:00Z,0,0,1,0,0,0,0,0,0,3,30,15.0,0.8,0.0,1.6,0.00,0.00,0.00,0.74,3669,639389,23,a,WOL (A),2
20,Thomas,Thomas,Arsenal,MID,50,3,90,2025-01-25T15:00:00Z,0,0,1,0,0,0,0,0,0,0,14,13.4,5.3,3.0,2.2,0.03,0.02,0.05,0.74,2224,4560,23,a,WOL (A),2
21,Kieran,Tierney,Arsenal,DEF,43,1,3,2025-01-25T15:00:00Z,0,0,0,0,0,0,0,0,0,0,3,0.0,0.5,0.0,0.1,0.00,0.00,0.00,0.00,278,223,23,a,WOL (A),2
22,Tomiyasu,Tomiyasu,Arsenal,DEF,48,0,0,2025-01-25T15:00:00Z,0,0,0,0,0,0,0,0,0,0,0,0.0,0.0,0.0,0.0,0.00,0.00,0.00,0.00,32,60,23,i,WOL (A),2
23,Leandro,Trossard,Arsenal,MID,68,3,90,2025-01-25T15:00:00Z,0,0,1,0,0,0,0,0,0,0,18,12.6,31.7,4.0,4.8,0.00,0.23,0.23,0.74,89087,11749,23,a,WOL (A),2
24,Benjamin,White,Arsenal,DEF,61,0,0,2025-01-25T15:00:00Z,0,0,0,0,0,0,0,0,0,0,0,0.0,0.0,0.0,0.0,0.00,0.00,0.00,0.00,118,3119,23,i,WOL (A),2
25,Oleksandr,Zinchenko,Arsenal,DEF,48,0,0,2025-01-25T15:00:00Z,0,0,0,0,0,0,0,0,0,0,0,0.0,0.0,0.0,0.0,0.00,0.00,0.00,0.00,857,1227,23,a,WOL (A),2
73,Norberto,Neto,Arsenal,GK,41,0,0,2025-01-25T15:00:00Z,0,0,0,0,0,0,0,0,0,0,0,0.0,0.0,0.0,0.0,0.00,0.00,0.00,0.00,492,1575,23,a,WOL (A),2
186,Raheem,Sterling,Arsenal,MID,67,0,0,2025-01-25T15:00:00Z,0,0,0,0,0,0,0,0,0,0,0,0.0,0.0,0.0,0.0,0.00,0.00,0.00,0.00,452,880,23,a,WOL (A),2
578,Riccardo,Calafiori,Arsenal,DEF,58,7,45,2025-01-25T15:00:00Z,1,0,0,0,0,0,0,0,0,0,19,37.0,4.3,19.0,6.0,0.10,0.01,0.11,0.29,1963,3858,23,a,WOL (A),2
597,Myles,Lewis-Skelly,Arsenal,MID,45,-2,42,2025-01-25T15:00:00Z,0,0,0,0,0,0,0,1,0,0,-1,0.6,1.6,2.0,0.4,0.00,0.03,0.03,0.42,4563,3352,23,a,WOL (A),2
633,Mikel,Merino,Arsenal,MID,60,0,0,2025-01-25T15:00:00Z,0,0,0,0,0,0,0,0,0,0,0,0.0,0.0,0.0,0.0,0.00,0.00,0.00,0.00,685,753,23,a,WOL (A),2
638,Salah-Eddine,Oulad M'hand,Arsenal,MID,45,0,0,2025-01-25T15:00:00Z,0,0,0,0,0,0,0,0,0,0,0,0.0,0.0,0.0,0.0,0.00,0.00,0.00,0.00,53,48,23,a,WOL (A),2
639,Tommy,Setford,Arsenal,GK,45,0,0,2025-01-25T15:00:00Z,0,0,0,0,0,0,0,0,0,0,0,0.0,0.0,0.0,0.0,0.00,0.00,0.00,0.00,107,167,23,a,WOL (A),2
657,Maldini,Kacurri,Arsenal,DEF,40,0,0,2025-01-25T15:00:00Z,0,0,0,0,0,0,0,0,0,0,0,0.0,0.0,0.0,0.0,0.00,0.00,0.00,0.00,328,318,23,a,WOL (A),2
658,Ayden,Heaven,Arsenal,DEF,40,0,0,2025-01-25T15:00:00Z,0,0,0,0,0,0,0,0,0,0,0,0.0,0.0,0.0,0.0,0.00,0.00,0.00,0.00,183,175,23,a,WOL (A),2
659,Ismeal,Kabia,Arsenal,MID,45,0,0,2025-01-25T15:00:00Z,0,0,0,0,0,0,0,0,0,0,0,0.0,0.0,0.0,0.0,0.00,0.00,0.00,0.00,91,84,23,a,WOL (A),2
662,Josh,Nichols,Arsenal,DEF,40,0,0,2025-01-25T15:00:00Z,0,0,0,0,0,0,0,0,0,0,0,0.0,0.0,0.0,0.0,0.00,0.00,0.00,0.00,143,145,23,a,WOL (A),2
665,Nathan,Butler-Oyedeji,Arsenal,FWD,45,0,0,2025-01-25T15:00:00Z,0,0,0,0,0,0,0,0,0,0,0,0.0,0.0,0.0,0.0,0.00,0.00,0.00,0.00,1083,1658,23,a,WOL (A),2
28,Leon,Bailey,Aston Villa,MID,62,3,64,2025-01-26T16:30:00Z,0,0,1,0,0,0,0,0,0,0,10,5.4,22.7,23.0,5.1,0.13,0.12,0.25,0.85,2550,3618,23,a,WHU (H),2
29,Ross,Barkley,Aston Villa,MID,52,0,0,2025-01-26T16:30:00Z,0,0,0,0,0,0,0,0,0,0,0,0.0,0.0,0.0,0.0,0.00,0.00,0.00,0.00,25,1592,23,d,WHU (H),2
30,Enzo,Barrenechea,Aston Villa,MID,49,0,0,2025-01-26T16:30:00Z,0,0,0,0,0,0,0,0,0,0,0,0.0,0.0,0.0,0.0,0.00,0.00,0.00,0.00,0,12,23,u,WHU (H),2
31,Emiliano,Buendia,Aston Villa,MID,51,1,18,2025-01-26T16:30:00Z,0,0,0,0,0,0,0,0,0,0,1,0.0,0.8,1.0,0.1,0.02,0.01,0.03,0.27,261,205,23,a,WHU (H),2
32,Matty,Cash,Aston Villa,DEF,44,2,90,2025-01-26T16:30:00Z,0,0,0,1,0,0,0,0,0,0,10,14.8,22.0,4.0,4.1,0.00,0.01,0.01,1.31,24657,4461,23,a,WHU (H),2
33,Leander,Dendoncker,Aston Villa,MID,45,0,0,2025-01-26T16:30:00Z,0,0,0,0,0,0,0,0,0,0,0,0.0,0.0,0.0,0.0,0.00,0.00,0.00,0.00,0,298,23,u,WHU (H),2
34,Moussa,Diaby,Aston Villa,MID,65,0,0,2025-01-26T16:30:00Z,0,0,0,0,0,0,0,0,0,0,0,0.0,0.0,0.0,0.0,0.00,0.00,0.00,0.00,0,8,23,u,WHU (H),2
35,Diego Carlos,Diego Carlos,Aston Villa,DEF,45,0,0,2025-01-26T16:30:00Z,0,0,0,0,0,0,0,0,0,0,0,0.0,0.0,0.0,0.0,0.00,0.00,0.00,0.00,26,2434,23,u,WHU (H),2
36,Lucas,Digne,Aston Villa,DEF,46,2,90,2025-01-26T16:30:00Z,0,0,0,1,0,0,0,0,0,0,9,21.0,15.7,3.0,4.0,0.09,0.07,0.16,1.31,48691,30570,23,a,WHU (H),2
37,Lewis,Dobbin,Aston Villa,MID,50,0,0,2025-01-26T16:30:00Z,0,0,0,0,0,0,0,0,0,0,0,0.0,0.0,0.0,0.0,0.00,0.00,0.00,0.00,0,2,23,u,WHU (H),2
38,Jhon,Duran,Aston Villa,FWD,58,1,24,2025-01-26T16:30:00Z,0,0,0,1,0,0,0,0,0,0,0,0.4,1.8,9.0,1.1,0.09,0.01,0.10,0.46,14361,26292,23,a,WHU (H),2
39,Joe,Gauci,Aston Villa,GK,40,0,0,2025-01-26T16:30:00Z,0,0,0,0,0,0,0,0,0,0,0,0.0,0.0,0.0,0.0,0.00,0.00,0.00,0.00,351,1598,23,a,WHU (H),2
40,Kortney,Hause,Aston Villa,DEF,39,0,0,2025-01-26T16:30:00Z,0,0,0,0,0,0,0,0,0,0,0,0.0,0.0,0.0,0.0,0.00,0.00,0.00,0.00,2258,1669,23,a,WHU (H),2
41,Samuel,Iling Jr,Aston Villa,MID,54,0,0,2025-01-26T16:30:00Z,0,0,0,0,0,0,0,0,0,0,0,0.0,0.0,0.0,0.0,0.00,0.00,0.00,0.00,0,9,23,u,WHU (H),2
42,Boubacar,Kamara,Aston Villa,MID,50,3,90,2025-01-26T16:30:00Z,0,0,0,1,0,0,0,0,0,1,17,30.8,5.0,5.0,4.1,0.10,0.05,0.15,1.31,496,317,23,a,WHU (H),2
43,Kaine,Kesler-Hayden,Aston Villa,DEF,40,0,0,2025-01-26T16:30:00Z,0,0,0,0,0,0,0,0,0,0,0,0.0,0.0,0.0,0.0,0.00,0.00,0.00,0.00,0,10,23,u,WHU (H),2
44,Ezri,Konsa,Aston Villa,DEF,44,2,90,2025-01-26T16:30:00Z,0,0,0,1,0,0,0,0,0,0,15,18.2,0.3,2.0,2.1,0.00,0.00,0.00,1.31,18521,20241,23,a,WHU (H),2
45,Ian,Maatsen,Aston Villa,DEF,45,1,52,2025-01-26T16:30:00Z,0,0,0,1,0,0,0,0,0,0,1,9.0,12.0,7.0,2.8,0.04,0.03,0.07,1.11,1702,2610,23,a,WHU (H),2
46,Filip,Marschall,Aston Villa,GK,40,0,0,2025-01-26T16:30:00Z,0,0,0,0,0,0,0,0,0,0,0,0.0,0.0,0.0,0.0,0.00,0.00,0.00,0.00,0,6,23,u,WHU (H),2
47,Emiliano,Martinez,Aston Villa,GK,50,2,90,2025-01-26T16:30:00Z,0,0,0,1,0,0,0,0,2,0,8,13.4,0.0,0.0,1.3,0.00,0.00,0.00,1.31,49294,26158,23,a,WHU (H),2
48,John,McGinn,Aston Villa,MID,52,1,17,2025-01-26T16:30:00Z,0,0,0,0,0,0,0,0,0,0,0,0.0,0.5,2.0,0.2,0.00,0.00,0.00,0.27,90,3475,23,a,WHU (H),2
49,Tyrone,Mings,Aston Villa,DEF,44,1,37,2025-01-26T16:30:00Z,0,0,0,0,0,0,0,0,0,0,7,14.0,0.8,0.0,1.5,0.00,0.00,0.00,0.20,5405,935,23,d,WHU (H),2
50,Kosta,Nedeljkovic,Aston Villa,DEF,39,0,0,2025-01-26T16:30:00Z,0,0,0,0,0,0,0,0,0,0,0,0.0,0.0,0.0,0.0,0.00,0.00,0.00,0.00,1656,3284,23,a,WHU (H),2
51,Robin,Olsen,Aston Villa,GK,45,0,0,2025-01-26T16:30:00Z,0,0,0,0,0,0,0,0,0,0,0,0.0,0.0,0.0,0.0,0.00,0.00,0.00,0.00,338,443,23,a,WHU (H),2
52,Pau,Pau,Aston Villa,DEF,42,0,0,2025-01-26T16:30:00Z,0,0,0,0,0,0,0,0,0,0,0,0.0,0.0,0.0,0.0,0.00,0.00,0.00,0.00,78,7375,23,i,WHU (H),2
53,Jacob,Ramsey,Aston Villa,MID,54,10,72,2025-01-26T16:30:00Z,1,0,0,1,0,0,0,0,0,3,32,47.4,26.9,21.0,9.5,0.18,0.05,0.23,1.04,924,634,23,a,WHU (H),2
54,Morgan,Rogers,Aston Villa,MID,56,1,71,2025-01-26T16:30:00Z,0,0,0,1,0,0,1,0,0,0,0,2.4,7.8,14.0,2.4,0.00,0.05,0.05,1.04,241424,96866,23,a,WHU (H),2
55,Viljami,Sinisalo,Aston Villa,GK,40,0,0,2025-01-26T16:30:00Z,0,0,0,0,0,0,0,0,0,0,0,0.0,0.0,0.0,0.0,0.00,0.00,0.00,0.00,0,2,23,u,WHU (H),2
56,Lino,Sousa,Aston Villa,DEF,40,0,0,2025-01-26T16:30:00Z,0,0,0,0,0,0,0,0,0,0,0,0.0,0.0,0.0,0.0,0.00,0.00,0.00,0.00,0,90,23,u,WHU (H),2
57,Youri,Tielemans,Aston Villa,MID,55,1,90,2025-01-26T16:30:00Z,0,0,0,1,0,0,1,0,0,0,13,26.0,18.1,3.0,4.7,0.04,0.13,0.17,1.31,7078,3618,23,a,WHU (H),2
58,Ollie,Watkins,Aston Villa,FWD,89,5,65,2025-01-26T16:30:00Z,0,1,1,0,0,0,0,0,0,0,15,18.8,23.5,23.0,6.5,0.13,0.04,0.17,0.85,221317,56635,23,a,WHU (H),2
233,Amadou,Onana,Aston Villa,MID,48,0,0,2025-01-26T16:30:00Z,0,0,0,0,0,0,0,0,0,0,0,0.0,0.0,0.0,0.0,0.00,0.00,0.00,0.00,697,11619,23,d,WHU (H),2
569,Jaden,Jaden,Aston Villa,MID,53,2,78,2025-01-25T15:00:00Z,0,0,0,4,0,0,0,0,0,0,6,8.6,4.8,4.0,1.7,0.00,0.01,0.01,1.94,224,166,23,a,WHU (H),2
598,Lamare,Bogarde,Aston Villa,DEF,40,0,0,2025-01-26T16:30:00Z,0,0,0,0,0,0,0,0,0,0,0,0.0,0.0,0.0,0.0,0.00,0.00,0.00,0.00,1039,905,23,a,WHU (H),2
640,Sil,Swinkels,Aston Villa,DEF,40,0,0,2025-01-26T16:30:00Z,0,0,0,0,0,0,0,0,0,0,0,0.0,0.0,0.0,0.0,0.00,0.00,0.00,0.00,172,202,23,a,WHU (H),2
641,Oliwier,Zych,Aston Villa,GK,40,0,0,2025-01-26T16:30:00Z,0,0,0,0,0,0,0,0,0,0,0,0.0,0.0,0.0,0.0,0.00,0.00,0.00,0.00,174,1485,23,a,WHU (H),2
656,Kadan,Young,Aston Villa,MID,45,0,0,2025-01-26T16:30:00Z,0,0,0,0,0,0,0,0,0,0,0,0.0,0.0,0.0,0.0,0.00,0.00,0.00,0.00,890,1300,23,a,WHU (H),2
679,Ben,Broggio,Aston Villa,MID,45,0,0,2025-01-26T16:30:00Z,0,0,0,0,0,0,0,0,0,0,0,0.0,0.0,0.0,0.0,0.00,0.00,0.00,0.00,148,82,23,a,WHU (H),2
59,Max,Aarons,Bournemouth,DEF,43,0,0,2025-01-25T15:00:00Z,0,0,0,0,0,0,0,0,0,0,0,0.0,0.0,0.0,0.0,0.00,0.00,0.00,0.00,0,1581,23,u,NFO (H),3
60,Tyler,Adams,Bournemouth,MID,49,9,90,2025-01-25T15:00:00Z,0,2,1,0,0,0,0,0,0,0,31,54.0,21.9,0.0,7.6,0.00,0.04,0.04,0.98,828,237,23,a,NFO (H),3
61,Jaidon,Anthony,Bournemouth,MID,45,0,0,2025-01-25T15:00:00Z,0,0,0,0,0,0,0,0,0,0,0,0.0,0.0,0.0,0.0,0.00,0.00,0.00,0.00,0,158,23,u,NFO (H),3
62,David,Brooks,Bournemouth,MID,49,3,79,2025-01-25T15:00:00Z,0,0,1,0,0,0,0,0,0,0,11,4.0,13.9,10.0,2.8,0.06,0.03,0.09,0.89,1190,415,23,a,NFO (H),3
63,Ryan,Christie,Bournemouth,MID,49,3,90,2025-01-25T15:00:00Z,0,0,1,0,0,0,0,0,0,0,22,24.6,13.1,9.0,4.7,0.07,0.04,0.11,0.98,1718,1750,23,a,NFO (H),3
64,Lewis,Cook,Bournemouth,MID,50,2,90,2025-01-25T15:00:00Z,0,0,1,0,0,0,1,0,0,0,7,10.4,1.2,0.0,1.2,0.00,0.02,0.02,0.98,741,1174,23,a,NFO (H),3
65,Enes,Enes Ünal,Bournemouth,FWD,54,0,0,2025-01-25T15:00:00Z,0,0,0,0,0,0,0,0,0,0,0,0.0,0.0,0.0,0.0,0.00,0.00,0.00,0.00,66,2860,23,i,NFO (H),3
66,Romain,Faivre,Bournemouth,MID,50,0,0,2025-01-25T15:00:00Z,0,0,0,0,0,0,0,0,0,0,0,0.0,0.0,0.0,0.0,0.00,0.00,0.00,0.00,0,3,23,u,NFO (H),3
67,Hamed,H.Traorè,Bournemouth,MID,45,0,0,2025-01-25T15:00:00Z,0,0,0,0,0,0,0,0,0,0,0,0.0,0.0,0.0,0.0,0.00,0.00,0.00,0.00,0,71,23,u,NFO (H),3
68,James,Hill,Bournemouth,DEF,39,0,0,2025-01-25T15:00:00Z,0,0,0,0,0,0,0,0,0,0,0,0.0,0.0,0.0,0.0,0.00,0.00,0.00,0.00,1314,10790,23,i,NFO (H),3
69,Daniel,Jebbison,Bournemouth,FWD,45,1,2,2025-01-25T15:00:00Z,0,0,0,0,0,0,0,0,0,0,4,5.2,1.8,0.0,0.7,0.00,0.00,0.00,0.06,10289,4868,23,a,NFO (H),3
70,Milos,Kerkez,Bournemouth,DEF,48,6,90,2025-01-25T15:00:00Z,0,0,1,0,0,0,0,0,0,0,17,11.0,2.7,2.0,1.6,0.00,0.01,0.01,0.98,193370,25197,23,a,NFO (H),3
71,Justin,Kluivert,Bournemouth,MID,56,13,87,2025-01-25T15:00:00Z,1,1,1,0,0,0,0,0,0,2,45,58.2,19.0,24.0,10.1,0.18,0.43,0.61,0.92,615533,20658,23,a,NFO (H),3
72,Chris,Mepham,Bournemouth,DEF,44,0,0,2025-01-25T15:00:00Z,0,0,0,0,0,0,0,0,0,0,0,0.0,0.0,0.0,0.0,0.00,0.00,0.00,0.00,0,23,23,u,NFO (H),3
74,Dango,O.Dango,Bournemouth,MID,50,21,90,2025-01-25T15:00:00Z,3,0,1,0,0,0,0,0,0,3,67,110.2,2.7,102.0,21.5,0.95,0.01,0.96,0.94,6753,3185,23,a,NFO (H),3
75,Alex,Paulsen,Bournemouth,GK,40,0,0,2025-01-25T15:00:00Z,0,0,0,0,0,0,0,0,0,0,0,0.0,0.0,0.0,0.0,0.00,0.00,0.00,0.00,0,30,23,u,NFO (H),3
76,Philip,Philip,Bournemouth,MID,48,0,0,2025-01-25T15:00:00Z,0,0,0,0,0,0,0,0,0,0,0,0.0,0.0,0.0,0.0,0.00,0.00,0.00,0.00,0,395,23,u,NFO (H),3
77,Alex,Scott,Bournemouth,MID,47,0,0,2025-01-25T15:00:00Z,0,0,0,0,0,0,0,0,0,0,0,0.0,0.0,0.0,0.0,0.00,0.00,0.00,0.00,18,55,23,i,NFO (H),3
78,Antoine,Semenyo,Bournemouth,MID,56,9,90,2025-01-25T15:00:00Z,1,0,1,0,0,0,0,0,0,1,38,57.4,39.5,62.0,15.9,0.23,0.19,0.42,0.98,57024,39011,23,a,NFO (H),3
79,Marcos,Senesi,Bournemouth,DEF,46,0,0,2025-01-25T15:00:00Z,0,0,0,0,0,0,0,0,0,0,0,0.0,0.0,0.0,0.0,0.00,0.00,0.00,0.00,63,1021,23,i,NFO (H),3
80,Luis,Sinisterra,Bournemouth,MID,48,0,0,2025-01-25T15:00:00Z,0,0,0,0,0,0,0,0,0,0,0,0.0,0.0,0.0,0.0,0.00,0.00,0.00,0.00,22,242,23,i,NFO (H),3
81,Adam,Smith,Bournemouth,DEF,44,0,0,2025-01-25T15:00:00Z,0,0,0,0,0,0,0,0,0,0,0,0.0,0.0,0.0,0.0,0.00,0.00,0.00,0.00,62,816,23,i,NFO (H),3
83,Marcus,Tavernier,Bournemouth,MID,54,7,10,2025-01-25T15:00:00Z,0,2,0,0,0,0,0,0,0,0,25,19.8,12.4,8.0,4.0,0.22,0.04,0.26,0.09,60,605,23,a,NFO (H),3
84,Mark,Travers,Bournemouth,GK,44,0,0,2025-01-25T15:00:00Z,0,0,0,0,0,0,0,0,0,0,0,0.0,0.0,0.0,0.0,0.00,0.00,0.00,0.00,416,1343,23,a,NFO (H),3
85,Illia,Zabarnyi,Bournemouth,DEF,44,5,90,2025-01-25T15:00:00Z,0,0,1,0,0,0,1,0,0,0,25,22.0,1.0,0.0,2.3,0.00,0.01,0.01,0.98,4223,4090,23,a,NFO (H),3
152,Kepa,Arrizabalaga,Bournemouth,GK,45,7,90,2025-01-25T15:00:00Z,0,0,1,0,0,0,0,0,4,0,32,31.0,0.0,0.0,3.1,0.00,0.00,0.00,0.98,16019,10995,23,a,NFO (H),3
580,Dean,Huijsen,Bournemouth,DEF,44,6,90,2025-01-25T15:00:00Z,0,0,1,0,0,0,0,0,0,0,28,25.0,1.8,2.0,2.9,0.00,0.04,0.04,0.98,31906,26605,23,a,NFO (H),3
592,Julián,J.Araujo,Bournemouth,DEF,43,0,0,2025-01-25T15:00:00Z,0,0,0,0,0,0,0,0,0,0,0,0.0,0.0,0.0,0.0,0.00,0.00,0.00,0.00,14,210,23,i,NFO (H),3
599,Will,Dennis,Bournemouth,GK,40,0,0,2025-01-25T15:00:00Z,0,0,0,0,0,0,0,0,0,0,0,0.0,0.0,0.0,0.0,0.00,0.00,0.00,0.00,228,1163,23,a,NFO (H),3
617,Francisco Evanilson,Evanilson,Bournemouth,FWD,57,0,0,2025-01-25T15:00:00Z,0,0,0,0,0,0,0,0,0,0,0,0.0,0.0,0.0,0.0,0.00,0.00,0.00,0.00,227,37487,23,i,NFO (H),3
680,Max,Kinsey,Bournemouth,DEF,40,0,0,2025-01-25T15:00:00Z,0,0,0,0,0,0,0,0,0,0,0,0.0,0.0,0.0,0.0,0.00,0.00,0.00,0.00,399,301,23,a,NFO (H),3
687,Ben,Winterburn,Bournemouth,MID,45,0,0,2025-01-25T15:00:00Z,0,0,0,0,0,0,0,0,0,0,0,0.0,0.0,0.0,0.0,0.00,0.00,0.00,0.00,174,199,23,a,NFO (H),3
86,Kristoffer,Ajer,Brentford,DEF,44,0,0,2025-01-26T14:00:00Z,0,0,0,0,0,0,0,0,0,0,0,0.0,0.0,0.0,0.0,0.00,0.00,0.00,0.00,156,361,23,a,CRY (A),3
87,Ethan,Brierley,Brentford,MID,44,0,0,2025-01-26T14:00:00Z,0,0,0,0,0,0,0,0,0,0,0,0.0,0.0,0.0,0.0,0.00,0.00,0.00,0.00,278,431,23,a,CRY (A),3
88,Nathan,Collins,Brentford,DEF,45,7,90,2025-01-26T14:00:00Z,0,1,0,1,0,0,0,0,0,2,25,20.2,25.1,6.0,5.1,0.00,0.06,0.06,1.08,6328,14400,23,a,CRY (A),3
89,Mikkel,Damsgaard,Brentford,MID,50,7,90,2025-01-26T14:00:00Z,0,1,0,1,0,0,0,0,0,2,25,38.2,57.2,4.0,9.9,0.00,0.27,0.27,1.00,20367,15759,23,a,CRY (A),3
90,Josh,Dasilva,Brentford,MID,48,0,0,2025-01-26T14:00:00Z,0,0,0,0,0,0,0,0,0,0,0,0.0,0.0,0.0,0.0,0.00,0.00,0.00,0.00,6,17,23,i,CRY (A),3
91,Mark,Flekken,Brentford,GK,44,3,90,2025-01-26T14:00:00Z,0,0,0,1,0,0,0,0,4,0,12,29.2,0.0,0.0,2.9,0.00,0.00,0.00,1.08,33162,30889,23,a,CRY (A),3
92,Rico,Henry,Brentford,DEF,43,0,0,2025-01-26T14:00:00Z,0,0,0,0,0,0,0,0,0,0,0,0.0,0.0,0.0,0.0,0.00,0.00,0.00,0.00,333,160,23,d,CRY (A),3
93,Aaron,Hickey,Brentford,DEF,43,0,0,2025-01-26T14:00:00Z,0,0,0,0,0,0,0,0,0,0,0,0.0,0.0,0.0,0.0,0.00,0.00,0.00,0.00,15,53,23,i,CRY (A),3
94,Vitaly,Janelt,Brentford,MID,49,1,90,2025-01-26T14:00:00Z,0,0,0,1,0,0,1,0,0,0,9,12.0,4.2,6.0,2.2,0.00,0.05,0.05,1.08,516,1893,23,a,CRY (A),3
95,Mathias,Jensen,Brentford,MID,53,1,36,2025-01-26T14:00:00Z,0,0,0,1,0,0,0,0,0,0,6,11.4,2.2,2.0,1.6,0.00,0.03,0.03,0.72,218,156,23,a,CRY (A),3
96,Kim,Ji-soo,Brentford,DEF,39,0,0,2025-01-26T14:00:00Z,0,0,0,0,0,0,0,0,0,0,0,0.0,0.0,0.0,0.0,0.00,0.00,0.00,0.00,1017,1918,23,a,CRY (A),3
97,Yunus Emre,Konak,Brentford,MID,44,0,0,2025-01-26T14:00:00Z,0,0,0,0,0,0,0,0,0,0,0,0.0,0.0,0.0,0.0,0.00,0.00,0.00,0.00,162,233,23,a,CRY (A),3
98,Keane,Lewis-Potter,Brentford,MID,50,1,90,2025-01-26T14:00:00Z,0,0,0,1,0,0,1,0,0,0,6,17.2,1.7,9.0,2.8,0.03,0.12,0.15,1.08,2684,957,23,a,CRY (A),3
99,Bryan,Mbeumo,Brentford,MID,78,7,90,2025-01-26T14:00:00Z,1,0,0,1,0,0,0,0,0,0,24,34.6,16.7,34.0,8.5,1.13,0.03,1.16,1.08,229893,148307,23,a,CRY (A),3
100,Ben,Mee,Brentford,DEF,42,1,1,2025-01-26T14:00:00Z,0,0,0,0,0,0,0,0,0,0,4,3.0,0.0,0.0,0.3,0.00,0.00,0.00,0.08,761,832,23,a,CRY (A),3
101,Christian,Nørgaard,Brentford,MID,48,1,53,2025-01-26T14:00:00Z,0,0,0,0,0,0,0,0,0,0,10,6.6,2.6,8.0,1.7,0.00,0.01,0.01,0.36,4504,2251,23,d,CRY (A),3
102,Frank,Onyeka,Brentford,MID,49,0,0,2025-01-26T14:00:00Z,0,0,0,0,0,0,0,0,0,0,0,0.0,0.0,0.0,0.0,0.00,0.00,0.00,0.00,0,8,23,u,CRY (A),3
103,Myles,Peart-Harris,Brentford,MID,45,0,0,2025-01-26T14:00:00Z,0,0,0,0,0,0,0,0,0,0,0,0.0,0.0,0.0,0.0,0.00,0.00,0.00,0.00,0,22,23,u,CRY (A),3
104,Ethan,Pinnock,Brentford,DEF,44,0,0,2025-01-26T14:00:00Z,0,0,0,0,0,0,0,0,0,0,0,0.0,0.0,0.0,0.0,0.00,0.00,0.00,0.00,26,2747,23,i,CRY (A),3
105,Mads,Roerslev,Brentford,DEF,43,2,90,2025-01-26T14:00:00Z,0,0,0,1,0,0,0,0,0,0,5,14.0,15.5,1.0,3.1,0.03,0.10,0.13,1.08,3352,1233,23,u,CRY (A),3
106,Kevin,Schade,Brentford,MID,51,11,83,2025-01-26T14:00:00Z,1,0,1,0,0,0,0,0,0,3,31,38.8,15.7,44.0,9.9,0.12,0.08,0.20,0.68,2291,12413,23,d,CRY (A),3
107,Igor Thiago,Thiago,Brentford,FWD,59,0,0,2025-01-26T14:00:00Z,0,0,0,0,0,0,0,0,0,0,0,0.0,0.0,0.0,0.0,0.00,0.00,0.00,0.00,28,123,23,i,CRY (A),3
108,Ivan,Toney,Brentford,FWD,73,0,0,2025-01-26T14:00:00Z,0,0,0,0,0,0,0,0,0,0,0,0.0,0.0,0.0,0.0,0.00,0.00,0.00,0.00,0,635,23,u,CRY (A),3
109,Hákon,Valdimarsson,Brentford,GK,39,0,0,2025-01-26T14:00:00Z,0,0,0,0,0,0,0,0,0,0,0,0.0,0.0,0.0,0.0,0.00,0.00,0.00,0.00,9945,13287,23,a,CRY (A),3
110,Yoane,Wissa,Brentford,FWD,63,2,90,2025-01-26T14:00:00Z,0,0,0,1,0,0,0,0,0,0,12,13.8,10.9,27.0,5.2,0.16,0.36,0.52,1.08,190510,97380,23,a,CRY (A),3
111,Yehor,Yarmoliuk,Brentford,MID,44,1,6,2025-01-26T14:00:00Z,0,0,0,1,0,0,0,0,0,0,4,3.0,0.0,0.0,0.3,0.00,0.00,0.00,0.40,7216,18361,23,a,CRY (A),3
112,Mathias,Zanka,Brentford,DEF,45,0,0,2025-01-26T14:00:00Z,0,0,0,0,0,0,0,0,0,0,0,0.0,0.0,0.0,0.0,0.00,0.00,0.00,0.00,0,10,23,u,CRY (A),3
314,Fábio,Carvalho,Brentford,MID,46,0,0,2025-01-26T14:00:00Z,0,0,0,0,0,0,0,0,0,0,0,0.0,0.0,0.0,0.0,0.00,0.00,0.00,0.00,945,2691,23,a,CRY (A),3
338,Sepp,Van den Berg,Brentford,DEF,41,2,90,2025-01-26T14:00:00Z,0,0,0,1,0,0,0,0,0,0,12,22.6,0.5,10.0,3.3,0.06,0.01,0.07,1.08,20364,11271,23,a,CRY (A),3
602,Ryan,Trevitt,Brentford,MID,44,0,0,2025-01-26T14:00:00Z,0,0,0,0,0,0,0,0,0,0,0,0.0,0.0,0.0,0.0,0.00,0.00,0.00,0.00,197,348,23,a,CRY (A),3
634,Gustavo,G.Nunes,Brentford,MID,49,0,0,2025-01-26T14:00:00Z,0,0,0,0,0,0,0,0,0,0,0,0.0,0.0,0.0,0.0,0.00,0.00,0.00,0.00,12,26,23,i,CRY (A),3
649,Jayden,Meghoma,Brentford,DEF,40,0,0,2025-01-26T14:00:00Z,0,0,0,0,0,0,0,0,0,0,0,0.0,0.0,0.0,0.0,0.00,0.00,0.00,0.00,0,506,23,u,CRY (A),3
661,Tony,Yogane,Brentford,MID,45,0,0,2025-01-26T14:00:00Z,0,0,0,0,0,0,0,0,0,0,0,0.0,0.0,0.0,0.0,0.00,0.00,0.00,0.00,44,93,23,u,CRY (A),3
674,Paris,Maghoma,Brentford,MID,45,0,0,2025-01-26T14:00:00Z,0,0,0,0,0,0,0,0,0,0,0,0.0,0.0,0.0,0.0,0.00,0.00,0.00,0.00,106,85,23,a,CRY (A),3
113,Simon,Adingra,Brighton,MID,52,0,0,2025-01-25T15:00:00Z,0,0,0,0,0,0,0,0,0,0,0,0.0,0.0,0.0,0.0,0.00,0.00,0.00,0.00,756,1457,23,a,EVE (H),2
114,Benicio,Baker-Boaitey,Brighton,MID,45,0,0,2025-01-25T15:00:00Z,0,0,0,0,0,0,0,0,0,0,0,0.0,0.0,0.0,0.0,0.00,0.00,0.00,0.00,0,2,23,u,EVE (H),2
115,Carlos,Baleba,Brighton,MID,50,1,90,2025-01-25T15:00:00Z,0,0,0,1,0,0,1,0,0,0,9,9.0,14.8,4.0,2.8,0.07,0.06,0.13,0.85,1225,1280,23,a,EVE (H),2
116,Valentín,Barco,Brighton,DEF,40,0,0,2025-01-25T15:00:00Z,0,0,0,0,0,0,0,0,0,0,0,0.0,0.0,0.0,0.0,0.00,0.00,0.00,0.00,0,4332,23,u,EVE (H),2
118,Amario,Cozier-Duberry,Brighton,MID,45,0,0,2025-01-25T15:00:00Z,0,0,0,0,0,0,0,0,0,0,0,0.0,0.0,0.0,0.0,0.00,0.00,0.00,0.00,0,27,23,u,EVE (H),2
119,Mahmoud,Dahoud,Brighton,MID,49,0,0,2025-01-25T15:00:00Z,0,0,0,0,0,0,0,0,0,0,0,0.0,0.0,0.0,0.0,0.00,0.00,0.00,0.00,0,5,23,u,EVE (H),2
120,Lewis,Dunk,Brighton,DEF,43,2,90,2025-01-25T15:00:00Z,0,0,0,1,0,0,0,0,0,0,12,29.8,5.6,0.0,3.5,0.00,0.09,0.09,0.85,6827,17553,23,a,EVE (H),2
121,Julio,Enciso,Brighton,MID,54,3,11,2025-01-25T15:00:00Z,0,1,0,0,0,0,1,0,0,0,13,15.0,14.3,0.0,2.9,0.00,0.22,0.22,0.04,741,504,23,a,EVE (H),2
122,Pervis,Estupiñan,Brighton,DEF,50,0,0,2025-01-25T15:00:00Z,0,0,0,0,0,0,0,0,0,0,0,0.0,0.0,0.0,0.0,0.00,0.00,0.00,0.00,21452,11001,23,d,EVE (H),2
123,Evan,Ferguson,Brighton,FWD,55,0,0,2025-01-25T15:00:00Z,0,0,0,0,0,0,0,0,0,0,0,0.0,0.0,0.0,0.0,0.00,0.00,0.00,0.00,91,1244,23,i,EVE (H),2
124,Billy,Gilmour,Brighton,MID,50,0,0,2025-01-25T15:00:00Z,0,0,0,0,0,0,0,0,0,0,0,0.0,0.0,0.0,0.0,0.00,0.00,0.00,0.00,0,24,23,u,EVE (H),2
125,Pascal,Gross,Brighton,MID,65,0,0,2025-01-25T15:00:00Z,0,0,0,0,0,0,0,0,0,0,0,0.0,0.0,0.0,0.0,0.00,0.00,0.00,0.00,0,9,23,u,EVE (H),2
126,Jack,Hinshelwood,Brighton,MID,49,1,15,2025-01-25T15:00:00Z,0,0,0,0,0,0,0,0,0,0,3,1.2,1.9,2.0,0.5,0.00,0.04,0.04,0.04,11,111,23,a,EVE (H),2
127,Ibrahim,I.Osman,Brighton,MID,50,0,0,2025-01-25T15:00:00Z,0,0,0,0,0,0,0,0,0,0,0,0.0,0.0,0.0,0.0,0.00,0.00,0.00,0.00,0,4,23,u,EVE (H),2
128,Igor Julio,Igor,Brighton,DEF,44,0,0,2025-01-25T15:00:00Z,0,0,0,0,0,0,0,0,0,0,0,0.0,0.0,0.0,0.0,0.00,0.00,0.00,0.00,34,601,23,i,EVE (H),2
129,João Pedro,João Pedro,Brighton,FWD,56,1,90,2025-01-25T15:00:00Z,0,0,0,1,0,0,1,0,0,0,1,2.0,5.6,29.0,3.7,0.20,0.06,0.26,0.85,126883,136257,23,a,EVE (H),2
130,Kacper,Kozlowski,Brighton,MID,45,0,0,2025-01-25T15:00:00Z,0,0,0,0,0,0,0,0,0,0,0,0.0,0.0,0.0,0.0,0.00,0.00,0.00,0.00,0,0,23,u,EVE (H),2
131,Tariq,Lamptey,Brighton,DEF,44,2,73,2025-01-25T15:00:00Z,0,0,0,1,0,0,0,0,0,0,9,6.8,17.6,6.0,3.0,0.06,0.07,0.13,0.81,1109,3395,23,a,EVE (H),2
132,Solly,March,Brighton,MID,65,0,0,2025-01-25T15:00:00Z,0,0,0,0,0,0,0,0,0,0,0,0.0,0.0,0.0,0.0,0.00,0.00,0.00,0.00,956,609,23,d,EVE (H),2
133,Adrian,Mazilu,Brighton,MID,45,0,0,2025-01-25T15:00:00Z,0,0,0,0,0,0,0,0,0,0,0,0.0,0.0,0.0,0.0,0.00,0.00,0.00,0.00,0,16,23,u,EVE (H),2
134,James,Milner,Brighton,MID,50,0,0,2025-01-25T15:00:00Z,0,0,0,0,0,0,0,0,0,0,0,0.0,0.0,0.0,0.0,0.00,0.00,0.00,0.00,30,47,23,i,EVE (H),2
135,Yankuba,Minteh,Brighton,MID,50,0,16,2025-01-25T15:00:00Z,0,0,0,0,0,0,1,0,0,0,3,6.4,1.2,2.0,1.0,0.00,0.01,0.01,0.04,8417,1223,23,a,EVE (H),2
136,Mitoma,Mitoma,Brighton,MID,63,2,90,2025-01-25T15:00:00Z,0,0,0,1,0,0,0,0,0,0,1,0.0,11.3,18.0,2.9,0.07,0.07,0.14,0.85,103898,19591,23,a,EVE (H),2
137,Jakub,Moder,Brighton,MID,44,0,0,2025-01-25T15:00:00Z,0,0,0,0,0,0,0,0,0,0,0,0.0,0.0,0.0,0.0,0.00,0.00,0.00,0.00,197,5204,23,u,EVE (H),2
138,Mark,O’Mahony,Brighton,FWD,45,0,0,2025-01-25T15:00:00Z,0,0,0,0,0,0,0,0,0,0,0,0.0,0.0,0.0,0.0,0.00,0.00,0.00,0.00,0,407,23,u,EVE (H),2
139,Odeluga,Offiah,Brighton,DEF,40,0,0,2025-01-25T15:00:00Z,0,0,0,0,0,0,0,0,0,0,0,0.0,0.0,0.0,0.0,0.00,0.00,0.00,0.00,0,80,23,u,EVE (H),2
140,Cameron,Peupion,Brighton,MID,44,0,0,2025-01-25T15:00:00Z,0,0,0,0,0,0,0,0,0,0,0,0.0,0.0,0.0,0.0,0.00,0.00,0.00,0.00,201,312,23,a,EVE (H),2
141,Jeremy,Sarmiento,Brighton,MID,49,0,0,2025-01-25T15:00:00Z,0,0,0,0,0,0,0,0,0,0,0,0.0,0.0,0.0,0.0,0.00,0.00,0.00,0.00,0,9,23,u,EVE (H),2
142,Jason,Steele,Brighton,GK,41,0,0,2025-01-25T15:00:00Z,0,0,0,0,0,0,0,0,0,0,0,0.0,0.0,0.0,0.0,0.00,0.00,0.00,0.00,703,4229,23,i,EVE (H),2
143,Deniz,Undav,Brighton,FWD,55,0,0,2025-01-25T15:00:00Z,0,0,0,0,0,0,0,0,0,0,0,0.0,0.0,0.0,0.0,0.00,0.00,0.00,0.00,0,5,23,u,EVE (H),2
144,Jan Paul,Van Hecke,Brighton,DEF,45,2,90,2025-01-25T15:00:00Z,0,0,0,1,0,0,0,0,0,0,14,30.2,29.9,0.0,6.0,0.00,0.11,0.11,0.85,14534,5870,23,a,EVE (H),2
145,Joël,Veltman,Brighton,DEF,44,2,83,2025-01-25T15:00:00Z,0,0,0,1,0,0,0,0,0,0,9,21.0,37.8,3.0,6.2,0.07,0.10,0.17,0.85,7121,6823,23,a,EVE (H),2
146,Bart,Verbruggen,Brighton,GK,45,1,90,2025-01-25T15:00:00Z,0,0,0,1,0,0,1,0,0,0,8,4.2,0.0,0.0,0.4,0.00,0.01,0.01,0.85,29581,15285,23,a,EVE (H),2
147,Adam,Webster,Brighton,DEF,43,1,1,2025-01-25T15:00:00Z,0,0,0,0,0,0,0,0,0,0,2,0.0,0.3,2.0,0.2,0.00,0.02,0.02,0.00,310,189,23,a,EVE (H),2
148,Danny,Welbeck,Brighton,FWD,55,2,90,2025-01-25T15:00:00Z,0,0,0,1,0,0,0,0,0,0,5,4.2,5.0,8.0,1.7,0.05,0.02,0.07,0.85,19595,21327,23,a,EVE (H),2
149,Mats,Wieffer,Brighton,MID,47,0,0,2025-01-25T15:00:00Z,0,0,0,0,0,0,0,0,0,0,0,0.0,0.0,0.0,0.0,0.00,0.00,0.00,0.00,35,345,23,d,EVE (H),2
595,Brajan,Gruda,Brighton,MID,54,1,45,2025-01-25T15:00:00Z,0,0,0,1,0,0,0,0,0,0,8,7.4,12.9,2.0,2.2,0.00,0.01,0.01,0.81,38,114,23,a,EVE (H),2
600,Yasin,Ayari,Brighton,MID,50,2,74,2025-01-25T15:00:00Z,0,0,0,1,0,0,0,0,0,0,8,5.8,29.3,8.0,4.3,0.13,0.04,0.17,0.81,338,171,23,a,EVE (H),2
601,Andrew,Moran,Brighton,MID,50,0,0,2025-01-25T15:00:00Z,0,0,0,0,0,0,0,0,0,0,0,0.0,0.0,0.0,0.0,0.00,0.00,0.00,0.00,0,1,23,u,EVE (H),2
615,Carl,Rushworth,Brighton,GK,40,0,0,2025-01-25T15:00:00Z,0,0,0,0,0,0,0,0,0,0,0,0.0,0.0,0.0,0.0,0.00,0.00,0.00,0.00,0,103,23,u,EVE (H),2
618,Georginio,Georginio,Brighton,MID,51,1,45,2025-01-25T15:00:00Z,0,0,0,0,0,0,0,0,0,0,2,2.0,1.2,16.0,1.9,0.05,0.05,0.10,0.04,6813,3795,23,a,EVE (H),2
628,Ferdi,F.Kadıoğlu,Brighton,DEF,45,0,0,2025-01-25T15:00:00Z,0,0,0,0,0,0,0,0,0,0,0,0.0,0.0,0.0,0.0,0.00,0.00,0.00,0.00,52,736,23,i,EVE (H),2
629,Matt,O'Riley,Brighton,MID,55,1,6,2025-01-25T15:00:00Z,0,0,0,0,0,0,0,0,0,0,2,0.0,1.1,6.0,0.6,0.03,0.01,0.04,0.00,176,707,23,a,EVE (H),2
663,Imari,Samuels,Brighton,DEF,40,0,0,2025-01-25T15:00:00Z,0,0,0,0,0,0,0,0,0,0,0,0.0,0.0,0.0,0.0,0.00,0.00,0.00,0.00,0,410,23,u,EVE (H),2
668,Killian,Cahill,Brighton,GK,39,0,0,2025-01-25T15:00:00Z,0,0,0,0,0,0,0,0,0,0,0,0.0,0.0,0.0,0.0,0.00,0.00,0.00,0.00,1333,3698,23,a,EVE (H),2
681,Ruairi,McConville,Brighton,DEF,40,0,0,2025-01-25T15:00:00Z,0,0,0,0,0,0,0,0,0,0,0,0.0,0.0,0.0,0.0,0.00,0.00,0.00,0.00,179,116,23,a,EVE (H),2
685,Jacob,Slater,Brighton,DEF,40,0,0,2025-01-25T15:00:00Z,0,0,0,0,0,0,0,0,0,0,0,0.0,0.0,0.0,0.0,0.00,0.00,0.00,0.00,159,103,23,a,EVE (H),2
150,Andrey,Andrey Santos,Chelsea,MID,45,0,0,2025-01-25T17:30:00Z,0,0,0,0,0,0,0,0,0,0,0,0.0,0.0,0.0,0.0,0.00,0.00,0.00,0.00,0,2,23,u,MCI (A),5
151,Ângelo Gabriel,Ângelo,Chelsea,MID,45,0,0,2025-01-25T17:30:00Z,0,0,0,0,0,0,0,0,0,0,0,0.0,0.0,0.0,0.0,0.00,0.00,0.00,0.00,0,190,23,u,MCI (A),5
153,Benoît,B.Badiashile,Chelsea,DEF,43,0,0,2025-01-25T17:30:00Z,0,0,0,0,0,0,0,0,0,0,0,0.0,0.0,0.0,0.0,0.00,0.00,0.00,0.00,19,221,23,i,MCI (A),5
154,Lucas,Bergström,Chelsea,GK,39,0,0,2025-01-25T17:30:00Z,0,0,0,0,0,0,0,0,0,0,0,0.0,0.0,0.0,0.0,0.00,0.00,0.00,0.00,551,624,23,a,MCI (A),5
155,Marcus,Bettinelli,Chelsea,GK,39,0,0,2025-01-25T17:30:00Z,0,0,0,0,0,0,0,0,0,0,0,0.0,0.0,0.0,0.0,0.00,0.00,0.00,0.00,391,866,23,a,MCI (A),5
157,Moisés,Caicedo,Chelsea,MID,49,1,90,2025-01-25T17:30:00Z,0,0,0,3,0,0,1,0,0,0,10,5.0,6.3,2.0,1.3,0.00,0.01,0.01,2.50,3955,11429,23,a,MCI (A),5
158,Cesare,Casadei,Chelsea,MID,44,0,0,2025-01-25T17:30:00Z,0,0,0,0,0,0,0,0,0,0,0,0.0,0.0,0.0,0.0,0.00,0.00,0.00,0.00,320,588,23,a,MCI (A),5
160,Ben,Chilwell,Chelsea,DEF,46,0,0,2025-01-25T17:30:00Z,0,0,0,0,0,0,0,0,0,0,0,0.0,0.0,0.0,0.0,0.00,0.00,0.00,0.00,641,1377,23,a,MCI (A),5
161,Carney,Chukwuemeka,Chelsea,MID,47,0,0,2025-01-25T17:30:00Z,0,0,0,0,0,0,0,0,0,0,0,0.0,0.0,0.0,0.0,0.00,0.00,0.00,0.00,95,135,23,a,MCI (A),5
162,Levi,Colwill,Chelsea,DEF,45,0,90,2025-01-25T17:30:00Z,0,0,0,3,0,0,1,0,0,0,-8,0.2,0.5,4.0,0.5,0.05,0.00,0.05,2.50,538,110976,23,a,MCI (A),5
163,Marc,Cucurella,Chelsea,DEF,52,1,90,2025-01-25T17:30:00Z,0,0,0,3,0,0,0,0,0,0,2,9.0,14.5,4.0,2.8,0.04,0.18,0.22,2.50,19032,56248,23,a,MCI (A),5
164,David Datro,D.D.Fofana,Chelsea,FWD,54,0,0,2025-01-25T17:30:00Z,0,0,0,0,0,0,0,0,0,0,0,0.0,0.0,0.0,0.0,0.00,0.00,0.00,0.00,0,41,23,u,MCI (A),5
165,Deivid Washington,Deivid,Chelsea,FWD,49,0,0,2025-01-25T17:30:00Z,0,0,0,0,0,0,0,0,0,0,0,0.0,0.0,0.0,0.0,0.00,0.00,0.00,0.00,218,448,23,a,MCI (A),5
166,Kiernan,Dewsbury-Hall,Chelsea,MID,55,0,0,2025-01-25T17:30:00Z,0,0,0,0,0,0,0,0,0,0,0,0.0,0.0,0.0,0.0,0.00,0.00,0.00,0.00,144,175,23,a,MCI (A),5
167,Axel,Disasi,Chelsea,DEF,42,0,0,2025-01-25T17:30:00Z,0,0,0,0,0,0,0,0,0,0,0,0.0,0.0,0.0,0.0,0.00,0.00,0.00,0.00,732,3060,23,a,MCI (A),5
168,Enzo,Enzo,Chelsea,MID,49,2,90,2025-01-25T17:30:00Z,0,0,0,3,0,0,0,0,0,0,15,14.8,22.8,4.0,4.2,0.04,0.01,0.05,2.50,2755,171962,23,a,MCI (A),5
169,Conor,Gallagher,Chelsea,MID,59,0,0,2025-01-25T17:30:00Z,0,0,0,0,0,0,0,0,0,0,0,0.0,0.0,0.0,0.0,0.00,0.00,0.00,0.00,0,78,23,u,MCI (A),5
170,Alfie,Gilchrist,Chelsea,DEF,40,0,0,2025-01-25T17:30:00Z,0,0,0,0,0,0,0,0,0,0,0,0.0,0.0,0.0,0.0,0.00,0.00,0.00,0.00,0,31,23,u,MCI (A),5
171,Malo,Gusto,Chelsea,DEF,49,1,17,2025-01-25T17:30:00Z,0,0,0,1,0,0,0,0,0,0,1,2.4,0.8,0.0,0.3,0.00,0.00,0.00,0.25,1613,22247,23,a,MCI (A),5
172,Reece,James,Chelsea,DEF,48,1,72,2025-01-25T17:30:00Z,0,0,0,2,0,0,0,0,0,0,0,11.6,0.8,1.0,1.3,0.02,0.00,0.02,2.25,20445,4673,23,a,MCI (A),5
173,Omari,Kellyman,Chelsea,MID,43,0,0,2025-01-25T17:30:00Z,0,0,0,0,0,0,0,0,0,0,0,0.0,0.0,0.0,0.0,0.00,0.00,0.00,0.00,884,158,23,i,MCI (A),5
174,Roméo,Lavia,Chelsea,MID,45,0,0,2025-01-25T17:30:00Z,0,0,0,0,0,0,0,0,0,0,0,0.0,0.0,0.0,0.0,0.00,0.00,0.00,0.00,188,3499,23,i,MCI (A),5
175,Romelu,Lukaku,Chelsea,FWD,63,0,0,2025-01-25T17:30:00Z,0,0,0,0,0,0,0,0,0,0,0,0.0,0.0,0.0,0.0,0.00,0.00,0.00,0.00,0,82,23,u,MCI (A),5
176,Malang,M.Sarr,Chelsea,DEF,45,0,0,2025-01-25T17:30:00Z,0,0,0,0,0,0,0,0,0,0,0,0.0,0.0,0.0,0.0,0.00,0.00,0.00,0.00,0,0,23,u,MCI (A),5
177,Noni,Madueke,Chelsea,MID,61,9,90,2025-01-25T17:30:00Z,1,0,0,3,0,0,0,0,0,2,28,39.4,12.7,34.0,8.6,0.97,0.02,0.99,2.50,5097,33877,23,a,MCI (A),5
178,Marc,Marc Guiu,Chelsea,FWD,47,0,0,2025-01-25T17:30:00Z,0,0,0,0,0,0,0,0,0,0,0,0.0,0.0,0.0,0.0,0.00,0.00,0.00,0.00,2407,3618,23,a,MCI (A),5
179,Mykhailo,Mudryk,Chelsea,MID,62,0,0,2025-01-25T17:30:00Z,0,0,0,0,0,0,0,0,0,0,0,0.0,0.0,0.0,0.0,0.00,0.00,0.00,0.00,48,278,23,s,MCI (A),5
180,Nicolas,N.Jackson,Chelsea,FWD,79,5,60,2025-01-25T17:30:00Z,0,1,0,1,0,0,0,0,0,0,21,27.6,21.0,38.0,8.7,0.38,0.57,0.95,2.07,13444,562744,23,a,MCI (A),5
181,Christopher,Nkunku,Chelsea,MID,58,1,29,2025-01-25T17:30:00Z,0,0,0,2,0,0,0,0,0,0,6,6.0,0.9,0.0,0.7,0.00,0.00,0.00,0.43,657,4937,23,a,MCI (A),5
182,Cole,Palmer,Chelsea,MID,113,2,90,2025-01-25T17:30:00Z,0,0,0,3,0,0,0,0,0,0,16,10.8,12.3,11.0,3.4,0.07,0.14,0.21,2.50,42785,297406,23,a,MCI (A),5
183,Đorđe,Petrović,Chelsea,GK,44,0,0,2025-01-25T17:30:00Z,0,0,0,0,0,0,0,0,0,0,0,0.0,0.0,0.0,0.0,0.00,0.00,0.00,0.00,0,150,23,u,MCI (A),5
184,Renato,Renato Veiga,Chelsea,MID,44,0,0,2025-01-25T17:30:00Z,0,0,0,0,0,0,0,0,0,0,0,0.0,0.0,0.0,0.0,0.00,0.00,0.00,0.00,383,689,23,u,MCI (A),5
185,Robert,Sánchez,Chelsea,GK,48,2,90,2025-01-25T17:30:00Z,0,0,0,3,0,0,0,0,3,0,-3,20.4,0.0,0.0,2.0,0.00,0.00,0.00,2.50,7253,159692,23,a,MCI (A),5
187,Tosin,Tosin,Chelsea,DEF,42,0,0,2025-01-25T17:30:00Z,0,0,0,0,0,0,0,0,0,0,0,0.0,0.0,0.0,0.0,0.00,0.00,0.00,0.00,6909,3453,23,a,MCI (A),5
189,Wesley,W.Fofana,Chelsea,DEF,44,0,0,2025-01-25T17:30:00Z,0,0,0,0,0,0,0,0,0,0,0,0.0,0.0,0.0,0.0,0.00,0.00,0.00,0.00,21,583,23,i,MCI (A),5
386,Jadon,Sancho,Chelsea,MID,62,2,72,2025-01-25T17:30:00Z,0,0,0,2,0,0,0,0,0,0,5,4.8,11.2,9.0,2.5,0.24,0.04,0.28,2.25,3420,19771,23,a,MCI (A),5
560,Pedro,Neto,Chelsea,MID,62,1,17,2025-01-25T17:30:00Z,0,0,0,1,0,0,0,0,0,0,3,0.8,1.3,0.0,0.2,0.00,0.01,0.01,0.25,1118,4906,23,a,MCI (A),5
575,Caleb,Wiley,Chelsea,DEF,40,0,0,2025-01-25T17:30:00Z,0,0,0,0,0,0,0,0,0,0,0,0.0,0.0,0.0,0.0,0.00,0.00,0.00,0.00,0,22,23,u,MCI (A),5
581,Filip,Jørgensen,Chelsea,GK,42,0,0,2025-01-25T17:30:00Z,0,0,0,0,0,0,0,0,0,0,0,0.0,0.0,0.0,0.0,0.00,0.00,0.00,0.00,235,757,23,a,MCI (A),5
621,João,João Félix,Chelsea,MID,60,0,0,2025-01-25T17:30:00Z,0,0,0,0,0,0,0,0,0,0,0,0.0,0.0,0.0,0.0,0.00,0.00,0.00,0.00,634,1984,23,a,MCI (A),5
11,Eddie,Nketiah,Crystal Palace,FWD,59,1,18,2025-01-26T14:00:00Z,0,0,0,1,0,0,0,0,0,0,0,0.0,0.8,4.0,0.4,0.09,0.06,0.15,0.36,2374,2555,23,a,BRE (H),2
159,Trevoh,Chalobah,Crystal Palace,DEF,44,1,90,2025-01-25T17:30:00Z,0,0,0,3,0,0,0,0,0,0,4,10.8,3.7,2.0,1.7,0.00,0.17,0.17,2.50,28177,11249,23,a,BRE (H),2
190,Naouirou,Ahamada,Crystal Palace,MID,45,0,0,2025-01-26T14:00:00Z,0,0,0,0,0,0,0,0,0,0,0,0.0,0.0,0.0,0.0,0.00,0.00,0.00,0.00,0,146,23,u,BRE (H),2
193,Cheick,C.Doucouré,Crystal Palace,MID,49,0,0,2025-01-26T14:00:00Z,0,0,0,0,0,0,0,0,0,0,0,0.0,0.0,0.0,0.0,0.00,0.00,0.00,0.00,90,312,23,i,BRE (H),2
194,Chris,C.Richards,Crystal Palace,DEF,44,1,83,2025-01-26T14:00:00Z,0,0,0,2,0,0,0,0,0,0,8,21.2,10.7,19.0,5.1,0.02,0.04,0.06,1.23,1305,323,23,a,BRE (H),2
195,Chadi,Chadi Riad,Crystal Palace,DEF,43,0,0,2025-01-26T14:00:00Z,0,0,0,0,0,0,0,0,0,0,0,0.0,0.0,0.0,0.0,0.00,0.00,0.00,0.00,96,162,23,i,BRE (H),2
196,Nathaniel,Clyne,Crystal Palace,DEF,43,0,0,2025-01-26T14:00:00Z,0,0,0,0,0,0,0,0,0,0,0,0.0,0.0,0.0,0.0,0.00,0.00,0.00,0.00,213,265,23,a,BRE (H),2
197,Malcolm,Ebiowei,Crystal Palace,MID,45,0,0,2025-01-26T14:00:00Z,0,0,0,0,0,0,0,0,0,0,0,0.0,0.0,0.0,0.0,0.00,0.00,0.00,0.00,0,4,23,u,BRE (H),2
199,Eberechi,Eze,Crystal Palace,MID,67,2,90,2025-01-26T14:00:00Z,0,0,0,2,0,0,0,0,0,0,15,14.4,63.9,16.0,9.4,0.30,0.12,0.42,1.53,54605,41547,23,a,BRE (H),2
200,Marc,Guéhi,Crystal Palace,DEF,46,1,90,2025-01-26T14:00:00Z,0,0,0,2,0,0,0,0,0,0,4,12.4,1.8,4.0,1.8,0.00,0.04,0.04,1.53,162346,18757,23,a,BRE (H),2
201,Dean,Henderson,Crystal Palace,GK,45,1,90,2025-01-26T14:00:00Z,0,0,0,2,0,0,1,0,4,0,6,23.4,0.0,0.0,2.3,0.00,0.01,0.01,1.53,75465,31252,23,a,BRE (H),2
202,Rob,Holding,Crystal Palace,DEF,42,0,0,2025-01-26T14:00:00Z,0,0,0,0,0,0,0,0,0,0,0,0.0,0.0,0.0,0.0,0.00,0.00,0.00,0.00,140,166,23,a,BRE (H),2
203,Will,Hughes,Crystal Palace,MID,49,2,82,2025-01-26T14:00:00Z,0,0,0,2,0,0,0,0,0,0,13,8.2,12.3,6.0,2.7,0.04,0.03,0.07,1.23,447,554,23,a,BRE (H),2
205,Daichi,Kamada,Crystal Palace,MID,51,1,6,2025-01-26T14:00:00Z,0,0,0,0,0,0,0,0,0,0,2,0.2,0.2,0.0,0.0,0.00,0.00,0.00,0.29,173,213,23,a,BRE (H),2
206,Jefferson,Lerma,Crystal Palace,MID,48,2,90,2025-01-26T14:00:00Z,0,0,0,2,0,0,0,0,0,0,11,10.4,1.4,11.0,2.3,0.05,0.02,0.07,1.53,22,509,23,a,BRE (H),2
207,Jean-Philippe,Mateta,Crystal Palace,FWD,74,2,90,2025-01-26T14:00:00Z,0,0,0,2,0,0,0,0,0,0,4,1.4,2.7,19.0,2.3,0.03,0.00,0.03,1.53,269453,37702,23,a,BRE (H),2
208,Matheus,M.França,Crystal Palace,MID,44,0,0,2025-01-26T14:00:00Z,0,0,0,0,0,0,0,0,0,0,0,0.0,0.0,0.0,0.0,0.00,0.00,0.00,0.00,32,1200,23,i,BRE (H),2
209,Remi,Matthews,Crystal Palace,GK,39,0,0,2025-01-26T14:00:00Z,0,0,0,0,0,0,0,0,0,0,0,0.0,0.0,0.0,0.0,0.00,0.00,0.00,0.00,701,1197,23,a,BRE (H),2
210,Tyrick,Mitchell,Crystal Palace,DEF,48,1,90,2025-01-26T14:00:00Z,0,0,0,2,0,0,0,0,0,0,-1,7.0,11.6,0.0,1.9,0.00,0.02,0.02,1.53,10261,10140,23,a,BRE (H),2
211,Daniel,Muñoz,Crystal Palace,DEF,48,4,90,2025-01-26T14:00:00Z,0,1,0,2,0,0,0,0,0,0,24,30.6,21.6,8.0,6.0,0.02,0.64,0.66,1.53,56582,29775,23,a,BRE (H),2
212,David,Ozoh,Crystal Palace,MID,45,0,0,2025-01-26T14:00:00Z,0,0,0,0,0,0,0,0,0,0,0,0.0,0.0,0.0,0.0,0.00,0.00,0.00,0.00,0,1,23,u,BRE (H),2
213,Jesurun,Rak-Sakyi,Crystal Palace,MID,45,0,0,2025-01-26T14:00:00Z,0,0,0,0,0,0,0,0,0,0,0,0.0,0.0,0.0,0.0,0.00,0.00,0.00,0.00,0,41,23,u,BRE (H),2
214,Jeffrey,Schlupp,Crystal Palace,MID,46,0,0,2025-01-26T14:00:00Z,0,0,0,0,0,0,0,0,0,0,0,0.0,0.0,0.0,0.0,0.00,0.00,0.00,0.00,270,334,23,a,BRE (H),2
215,Joel,Ward,Crystal Palace,DEF,43,0,0,2025-01-26T14:00:00Z,0,0,0,0,0,0,0,0,0,0,0,0.0,0.0,0.0,0.0,0.00,0.00,0.00,0.00,101,292,23,i,BRE (H),2
216,Adam,Wharton,Crystal Palace,MID,47,0,0,2025-01-26T14:00:00Z,0,0,0,0,0,0,0,0,0,0,0,0.0,0.0,0.0,0.0,0.00,0.00,0.00,0.00,20,300,23,i,BRE (H),2
445,Matt,Turner,Crystal Palace,GK,39,0,0,2025-01-26T14:00:00Z,0,0,0,0,0,0,0,0,0,0,0,0.0,0.0,0.0,0.0,0.00,0.00,0.00,0.00,7129,17915,23,a,BRE (H),2
585,Ismaïla,I.Sarr,Crystal Palace,MID,58,2,71,2025-01-26T14:00:00Z,0,0,0,1,0,0,0,0,0,0,8,5.8,1.5,4.0,1.1,0.00,0.15,0.15,1.17,9625,77097,23,a,BRE (H),2
644,Franco,Umeh-Chibueze,Crystal Palace,MID,44,0,0,2025-01-26T14:00:00Z,0,0,0,0,0,0,0,0,0,0,0,0.0,0.0,0.0,0.0,0.00,0.00,0.00,0.00,345,157,23,a,BRE (H),2
645,Justin,Devenny,Crystal Palace,MID,45,0,0,2025-01-26T14:00:00Z,0,0,0,0,0,0,0,0,0,0,0,0.0,0.0,0.0,0.0,0.00,0.00,0.00,0.00,360,1550,23,a,BRE (H),2
646,Asher,Agbinone,Crystal Palace,MID,45,0,0,2025-01-26T14:00:00Z,0,0,0,0,0,0,0,0,0,0,0,0.0,0.0,0.0,0.0,0.00,0.00,0.00,0.00,54,345,23,u,BRE (H),2
647,Kaden,Rodney,Crystal Palace,MID,45,0,0,2025-01-26T14:00:00Z,0,0,0,0,0,0,0,0,0,0,0,0.0,0.0,0.0,0.0,0.00,0.00,0.00,0.00,63,104,23,a,BRE (H),2
650,Maxence,Lacroix,Crystal Palace,DEF,45,0,90,2025-01-26T14:00:00Z,0,0,0,2,0,0,1,0,0,0,1,14.2,0.5,13.0,2.8,0.20,0.01,0.21,1.53,12124,3242,23,a,BRE (H),2
666,Caleb,Kporha,Crystal Palace,DEF,40,0,0,2025-01-26T14:00:00Z,0,0,0,0,0,0,0,0,0,0,0,0.0,0.0,0.0,0.0,0.00,0.00,0.00,0.00,122,202,23,a,BRE (H),2
676,Zach,Marsh,Crystal Palace,FWD,45,0,0,2025-01-26T14:00:00Z,0,0,0,0,0,0,0,0,0,0,0,0.0,0.0,0.0,0.0,0.00,0.00,0.00,0.00,1806,3606,23,a,BRE (H),2
156,Armando,Broja,Everton,FWD,54,0,0,2025-01-25T15:00:00Z,0,0,0,0,0,0,0,0,0,0,0,0.0,0.0,0.0,0.0,0.00,0.00,0.00,0.00,44,414,23,i,BHA (A),3
217,Abdoulaye,A.Doucoure,Everton,MID,51,3,77,2025-01-25T15:00:00Z,0,0,1,0,0,0,0,0,0,0,3,1.6,2.4,2.0,0.6,0.00,0.04,0.04,0.67,3820,1319,23,a,BHA (A),3
218,Norberto Bercique,Beto,Everton,FWD,49,2,77,2025-01-25T15:00:00Z,0,0,1,0,0,0,0,0,0,0,1,1.2,0.8,10.0,1.2,0.04,0.00,0.04,0.66,2748,3439,23,a,BHA (A),3
219,Jarrad,Branthwaite,Everton,DEF,48,8,90,2025-01-25T15:00:00Z,0,0,1,0,0,0,0,0,0,2,31,35.2,1.1,2.0,3.8,0.00,0.02,0.02,0.73,6582,5056,23,a,BHA (A),3
220,Dominic,Calvert-Lewin,Everton,FWD,54,1,12,2025-01-25T15:00:00Z,0,0,0,0,0,0,0,0,0,0,2,0.0,0.1,0.0,0.0,0.00,0.00,0.00,0.08,60470,8353,23,d,BHA (A),3
221,Séamus,Coleman,Everton,DEF,43,0,0,2025-01-25T15:00:00Z,0,0,0,0,0,0,0,0,0,0,0,0.0,0.0,0.0,0.0,0.00,0.00,0.00,0.00,75,216,23,i,BHA (A),3
222,Idrissa,Gana,Everton,MID,48,3,90,2025-01-25T15:00:00Z,0,0,1,0,0,0,0,0,0,0,13,24.6,11.8,0.0,3.6,0.00,0.01,0.01,0.73,16850,1795,23,a,BHA (A),3
223,James,Garner,Everton,MID,49,1,12,2025-01-25T15:00:00Z,0,0,0,0,0,0,0,0,0,0,5,1.2,0.0,0.0,0.1,0.00,0.00,0.00,0.06,22,27,23,a,BHA (A),3
224,Jack,Harrison,Everton,MID,52,0,0,2025-01-25T15:00:00Z,0,0,0,0,0,0,0,0,0,0,0,0.0,0.0,0.0,0.0,0.00,0.00,0.00,0.00,652,485,23,a,BHA (A),3
225,Mason,Holgate,Everton,DEF,40,0,0,2025-01-25T15:00:00Z,0,0,0,0,0,0,0,0,0,0,0,0.0,0.0,0.0,0.0,0.00,0.00,0.00,0.00,0,303,23,u,BHA (A),3
226,Tim,Iroegbunam,Everton,MID,43,0,0,2025-01-25T15:00:00Z,0,0,0,0,0,0,0,0,0,0,0,0.0,0.0,0.0,0.0,0.00,0.00,0.00,0.00,2911,2199,23,d,BHA (A),3
227,João,J.Virginia,Everton,GK,39,0,0,2025-01-25T15:00:00Z,0,0,0,0,0,0,0,0,0,0,0,0.0,0.0,0.0,0.0,0.00,0.00,0.00,0.00,1036,1687,23,a,BHA (A),3
228,Michael,Keane,Everton,DEF,39,0,0,2025-01-25T15:00:00Z,0,0,0,0,0,0,0,0,0,0,0,0.0,0.0,0.0,0.0,0.00,0.00,0.00,0.00,29938,24819,23,a,BHA (A),3
229,Neal,Maupay,Everton,FWD,49,0,0,2025-01-25T15:00:00Z,0,0,0,0,0,0,0,0,0,0,0,0.0,0.0,0.0,0.0,0.00,0.00,0.00,0.00,0,286,23,u,BHA (A),3
230,Dwight,McNeil,Everton,MID,51,0,0,2025-01-25T15:00:00Z,0,0,0,0,0,0,0,0,0,0,0,0.0,0.0,0.0,0.0,0.00,0.00,0.00,0.00,183,11171,23,i,BHA (A),3
231,Vitalii,Mykolenko,Everton,DEF,43,6,90,2025-01-25T15:00:00Z,0,0,1,0,0,0,0,0,0,0,21,24.8,1.5,0.0,2.6,0.00,0.00,0.00,0.73,67497,29322,23,a,BHA (A),3
232,Iliman,Ndiaye,Everton,FWD,54,8,77,2025-01-25T15:00:00Z,1,0,1,0,0,0,1,0,0,3,34,39.0,3.7,17.0,6.0,0.79,0.00,0.79,0.67,51399,8669,23,a,BHA (A),3
234,Nathan,Patterson,Everton,DEF,44,1,28,2025-01-25T15:00:00Z,0,0,0,0,0,0,0,0,0,0,2,0.0,0.0,0.0,0.0,0.00,0.00,0.00,0.38,142,94,23,a,BHA (A),3
235,Jordan,Pickford,Everton,GK,50,5,90,2025-01-25T15:00:00Z,0,0,1,0,0,0,1,0,1,0,20,12.0,0.0,0.0,1.2,0.00,0.00,0.00,0.73,93734,47379,23,a,BHA (A),3
236,James,Tarkowski,Everton,DEF,48,7,90,2025-01-25T15:00:00Z,0,0,1,0,0,0,0,0,0,1,30,33.8,0.2,0.0,3.4,0.00,0.02,0.02,0.73,12857,8796,23,a,BHA (A),3
237,Youssef,Y. Chermiti,Everton,FWD,49,0,0,2025-01-25T15:00:00Z,0,0,0,0,0,0,0,0,0,0,0,0.0,0.0,0.0,0.0,0.00,0.00,0.00,0.00,96,137,23,i,BHA (A),3
238,Ashley,Young,Everton,DEF,46,1,12,2025-01-25T15:00:00Z,0,0,0,0,0,0,0,0,0,0,2,2.0,0.0,0.0,0.2,0.00,0.00,0.00,0.06,14933,38720,23,a,BHA (A),3
577,Jesper,Lindstrøm,Everton,MID,50,2,61,2025-01-25T15:00:00Z,0,0,1,0,0,0,1,0,0,0,1,7.6,0.3,0.0,0.8,0.00,0.00,0.00,0.35,1376,215,23,a,BHA (A),3
582,Jake,O'Brien,Everton,DEF,45,5,90,2025-01-25T15:00:00Z,0,0,1,0,0,0,1,0,0,0,28,23.4,0.4,0.0,2.4,0.00,0.00,0.00,0.73,736,286,23,a,BHA (A),3
603,Harrison,Armstrong,Everton,MID,44,0,0,2025-01-25T15:00:00Z,0,0,0,0,0,0,0,0,0,0,0,0.0,0.0,0.0,0.0,0.00,0.00,0.00,0.00,553,636,23,a,BHA (A),3
614,Jenson,Metcalfe,Everton,MID,45,0,0,2025-01-25T15:00:00Z,0,0,0,0,0,0,0,0,0,0,0,0.0,0.0,0.0,0.0,0.00,0.00,0.00,0.00,0,3,23,u,BHA (A),3
624,Asmir,Begovic,Everton,GK,40,0,0,2025-01-25T15:00:00Z,0,0,0,0,0,0,0,0,0,0,0,0.0,0.0,0.0,0.0,0.00,0.00,0.00,0.00,473,830,23,a,BHA (A),3
627,Roman,Dixon,Everton,DEF,40,0,0,2025-01-25T15:00:00Z,0,0,0,0,0,0,0,0,0,0,0,0.0,0.0,0.0,0.0,0.00,0.00,0.00,0.00,223,228,23,a,BHA (A),3
651,Orel,Mangala,Everton,MID,50,3,90,2025-01-25T15:00:00Z,0,0,1,0,0,0,0,0,0,0,8,9.6,0.9,1.0,1.2,0.02,0.00,0.02,0.67,392,268,23,d,BHA (A),3
678,Callum,Bates,Everton,MID,45,0,0,2025-01-25T15:00:00Z,0,0,0,0,0,0,0,0,0,0,0,0.0,0.0,0.0,0.0,0.00,0.00,0.00,0.00,124,68,23,a,BHA (A),3
10,Reiss,Nelson,Fulham,MID,50,0,0,2025-01-26T19:00:00Z,0,0,0,0,0,0,0,0,0,0,0,0.0,0.0,0.0,0.0,0.00,0.00,0.00,0.00,6,120,23,d,MUN (H),3
19,Emile,Smith Rowe,Fulham,MID,52,2,81,2025-01-26T19:00:00Z,0,0,0,1,0,0,0,0,0,0,2,5.4,13.4,6.0,2.5,0.07,0.03,0.10,0.25,22628,36391,23,a,MUN (H),3
191,Joachim,Andersen,Fulham,DEF,42,2,90,2025-01-26T19:00:00Z,0,0,0,1,0,0,0,0,0,0,6,11.4,0.9,10.0,2.2,0.11,0.01,0.12,0.25,6917,8631,23,a,MUN (H),3
239,Adama,Adama,Fulham,MID,47,1,37,2025-01-26T19:00:00Z,0,0,0,1,0,0,0,0,0,0,5,3.4,5.8,8.0,1.7,0.06,0.03,0.09,0.06,11603,10495,23,a,MUN (H),3
240,Andreas,Andreas,Fulham,MID,50,1,8,2025-01-26T19:00:00Z,0,0,0,0,0,0,0,0,0,0,4,2.4,18.7,0.0,2.1,0.00,0.08,0.08,0.00,891,6943,23,a,MUN (H),3
241,Calvin,Bassey,Fulham,DEF,45,2,90,2025-01-26T19:00:00Z,0,0,0,1,0,0,0,0,0,0,13,18.6,2.1,0.0,2.1,0.00,0.02,0.02,0.25,2354,4674,23,a,MUN (H),3
242,Steven,Benda,Fulham,GK,40,0,0,2025-01-26T19:00:00Z,0,0,0,0,0,0,0,0,0,0,0,0.0,0.0,0.0,0.0,0.00,0.00,0.00,0.00,194,984,23,a,MUN (H),3
243,Tom,Cairney,Fulham,MID,48,1,8,2025-01-26T19:00:00Z,0,0,0,0,0,0,0,0,0,0,3,0.8,2.6,0.0,0.3,0.00,0.01,0.01,0.00,128,214,23,a,MUN (H),3
244,Timothy,Castagne,Fulham,DEF,42,2,90,2025-01-26T19:00:00Z,0,0,0,1,0,0,0,0,0,0,9,10.2,15.5,4.0,3.0,0.00,0.04,0.04,0.25,10164,15137,23,a,MUN (H),3
245,Issa,Diop,Fulham,DEF,44,0,0,2025-01-26T19:00:00Z,0,0,0,0,0,0,0,0,0,0,0,0.0,0.0,0.0,0.0,0.00,0.00,0.00,0.00,283,1444,23,a,MUN (H),3
246,Luke,Harris,Fulham,MID,45,0,0,2025-01-26T19:00:00Z,0,0,0,0,0,0,0,0,0,0,0,0.0,0.0,0.0,0.0,0.00,0.00,0.00,0.00,0,3,23,u,MUN (H),3
247,Alex,Iwobi,Fulham,MID,59,2,90,2025-01-26T19:00:00Z,0,0,0,1,0,0,0,0,0,0,10,15.0,21.4,42.0,7.8,0.09,0.04,0.13,0.25,37316,168616,23,a,MUN (H),3
248,Bernd,Leno,Fulham,GK,50,2,90,2025-01-26T19:00:00Z,0,0,0,1,0,0,0,0,0,0,4,3.0,0.0,0.0,0.3,0.00,0.00,0.00,0.25,5668,29312,23,a,MUN (H),3
249,Saša,Lukić,Fulham,MID,48,2,82,2025-01-26T19:00:00Z,0,0,0,1,0,0,0,0,0,0,17,8.2,7.4,2.0,1.8,0.00,0.01,0.01,0.25,674,405,23,a,MUN (H),3
250,Kevin,Mbabu,Fulham,DEF,40,0,0,2025-01-26T19:00:00Z,0,0,0,0,0,0,0,0,0,0,0,0.0,0.0,0.0,0.0,0.00,0.00,0.00,0.00,0,224,23,u,MUN (H),3
251,Rodrigo,Muniz,Fulham,FWD,55,1,26,2025-01-26T19:00:00Z,0,0,0,1,0,0,0,0,0,0,0,0.0,1.2,10.0,0.9,0.26,0.00,0.26,0.02,2390,13172,23,a,MUN (H),3
252,Raúl,Raúl,Fulham,FWD,57,2,63,2025-01-26T19:00:00Z,0,0,1,0,0,0,0,0,0,0,3,0.0,11.8,7.0,1.7,0.08,0.00,0.08,0.24,56895,306798,23,a,MUN (H),3
253,Tim,Ream,Fulham,DEF,45,0,0,2025-01-26T19:00:00Z,0,0,0,0,0,0,0,0,0,0,0,0.0,0.0,0.0,0.0,0.00,0.00,0.00,0.00,0,6,23,u,MUN (H),3
254,Harrison,Reed,Fulham,MID,47,0,0,2025-01-26T19:00:00Z,0,0,0,0,0,0,0,0,0,0,0,0.0,0.0,0.0,0.0,0.00,0.00,0.00,0.00,84,52,23,a,MUN (H),3
255,Antonee,Robinson,Fulham,DEF,51,2,90,2025-01-26T19:00:00Z,0,0,0,1,0,0,0,0,0,0,9,14.2,22.4,2.0,3.9,0.00,0.15,0.15,0.25,105058,105069,23,a,MUN (H),3
256,Jay,Stansfield,Fulham,FWD,50,0,0,2025-01-26T19:00:00Z,0,0,0,0,0,0,0,0,0,0,0,0.0,0.0,0.0,0.0,0.00,0.00,0.00,0.00,0,29,23,u,MUN (H),3
257,Kenny,Tete,Fulham,DEF,44,0,0,2025-01-26T19:00:00Z,0,0,0,0,0,0,0,0,0,0,0,0.0,0.0,0.0,0.0,0.00,0.00,0.00,0.00,34,984,23,i,MUN (H),3
258,Carlos Vinícius,Vinicius,Fulham,FWD,50,0,0,2025-01-26T19:00:00Z,0,0,0,0,0,0,0,0,0,0,0,0.0,0.0,0.0,0.0,0.00,0.00,0.00,0.00,1268,1864,23,a,MUN (H),3
259,Harry,Wilson,Fulham,MID,52,1,52,2025-01-26T19:00:00Z,0,0,0,0,0,0,0,0,0,0,5,1.2,1.7,0.0,0.3,0.00,0.01,0.01,0.19,10368,16211,23,d,MUN (H),3
579,Ryan,Sessegnon,Fulham,DEF,41,0,0,2025-01-26T19:00:00Z,0,0,0,0,0,0,0,0,0,0,0,0.0,0.0,0.0,0.0,0.00,0.00,0.00,0.00,435,302,23,a,MUN (H),3
586,Jorge,J.Cuenca,Fulham,DEF,44,0,0,2025-01-26T19:00:00Z,0,0,0,0,0,0,0,0,0,0,0,0.0,0.0,0.0,0.0,0.00,0.00,0.00,0.00,56,103,23,a,MUN (H),3
604,Josh,King,Fulham,MID,45,0,0,2025-01-26T19:00:00Z,0,0,0,0,0,0,0,0,0,0,0,0.0,0.0,0.0,0.0,0.00,0.00,0.00,0.00,225,378,23,a,MUN (H),3
605,Martial,Godo,Fulham,MID,44,0,0,2025-01-26T19:00:00Z,0,0,0,0,0,0,0,0,0,0,0,0.0,0.0,0.0,0.0,0.00,0.00,0.00,0.00,224,225,23,a,MUN (H),3
622,Sander,Berge,Fulham,MID,50,2,90,2025-01-26T19:00:00Z,0,0,0,1,0,0,0,0,0,0,16,14.6,16.8,0.0,3.1,0.00,0.02,0.02,0.25,99,53,23,a,MUN (H),3
690,Samuel,Amissah,Fulham,DEF,40,0,0,2025-01-26T19:00:00Z,0,0,0,0,0,0,0,0,0,0,0,0.0,0.0,0.0,0.0,0.00,0.00,0.00,0.00,128,231,23,a,MUN (H),3
260,Ali,Al-Hamadi,Ipswich,FWD,47,0,0,2025-01-25T15:00:00Z,0,0,0,0,0,0,0,0,0,0,0,0.0,0.0,0.0,0.0,0.00,0.00,0.00,0.00,1886,1977,23,u,LIV (A),5
261,Elkan,Baggott,Ipswich,DEF,40,0,0,2025-01-25T15:00:00Z,0,0,0,0,0,0,0,0,0,0,0,0.0,0.0,0.0,0.0,0.00,0.00,0.00,0.00,0,16,23,u,LIV (A),5
262,Nathan,Broadhead,Ipswich,MID,49,1,11,2025-01-25T15:00:00Z,0,0,0,0,0,0,0,0,0,0,7,7.8,0.6,0.0,0.8,0.00,0.00,0.00,0.04,42,114,23,a,LIV (A),5
263,Cameron,Burgess,Ipswich,DEF,39,0,0,2025-01-25T15:00:00Z,0,0,0,0,0,0,0,0,0,0,0,0.0,0.0,0.0,0.0,0.00,0.00,0.00,0.00,1525,10678,23,a,LIV (A),5
264,Wes,Burns,Ipswich,MID,48,1,28,2025-01-25T15:00:00Z,0,0,0,1,0,0,0,0,0,0,4,0.0,1.0,0.0,0.0,0.00,0.00,0.00,0.24,202,268,23,d,LIV (A),5
265,Conor,Chaplin,Ipswich,MID,51,0,0,2025-01-25T15:00:00Z,0,0,0,0,0,0,0,0,0,0,0,0.0,0.0,0.0,0.0,0.00,0.00,0.00,0.00,32,407,23,d,LIV (A),5
266,Harry,H.Clarke,Ipswich,DEF,40,0,0,2025-01-25T15:00:00Z,0,0,0,0,0,0,0,0,0,0,0,0.0,0.0,0.0,0.0,0.00,0.00,0.00,0.00,246,372,23,a,LIV (A),5
267,Leif,Davis,Ipswich,DEF,44,0,45,2025-01-25T15:00:00Z,0,0,0,3,0,0,0,0,0,0,-3,15.8,0.5,0.0,1.6,0.00,0.00,0.00,1.25,2880,13679,23,a,LIV (A),5
268,Liam,Delap,Ipswich,FWD,56,1,78,2025-01-25T15:00:00Z,0,0,0,4,0,0,1,0,0,0,-4,0.0,0.1,4.0,0.2,0.00,0.00,0.00,1.94,23769,53761,23,a,LIV (A),5
269,George,Edmundson,Ipswich,DEF,40,0,0,2025-01-25T15:00:00Z,0,0,0,0,0,0,0,0,0,0,0,0.0,0.0,0.0,0.0,0.00,0.00,0.00,0.00,0,82,23,u,LIV (A),5
270,Jacob,Greaves,Ipswich,DEF,39,6,90,2025-01-25T15:00:00Z,1,0,0,4,0,0,0,0,0,0,12,55.6,0.0,33.0,8.9,0.25,0.00,0.25,1.98,19674,20234,23,a,LIV (A),5
271,Marcus,Harness,Ipswich,MID,49,0,0,2025-01-25T15:00:00Z,0,0,0,0,0,0,0,0,0,0,0,0.0,0.0,0.0,0.0,0.00,0.00,0.00,0.00,0,5,23,u,LIV (A),5
272,George,Hirst,Ipswich,FWD,54,1,11,2025-01-25T15:00:00Z,0,0,0,0,0,0,0,0,0,0,2,3.0,0.3,17.0,2.0,0.20,0.00,0.20,0.04,215,148,23,a,LIV (A),5
273,Cameron,Humphreys,Ipswich,MID,45,0,0,2025-01-25T15:00:00Z,0,0,0,0,0,0,0,0,0,0,0,0.0,0.0,0.0,0.0,0.00,0.00,0.00,0.00,0,25,23,u,LIV (A),5
274,Omari,Hutchinson,Ipswich,MID,52,2,78,2025-01-25T15:00:00Z,0,0,0,4,0,0,0,0,0,0,7,5.4,2.2,7.0,1.5,0.03,0.01,0.04,1.94,2281,1871,23,a,LIV (A),5
275,Ben,Johnson,Ipswich,DEF,39,1,61,2025-01-25T15:00:00Z,0,0,0,3,0,0,0,0,0,0,-4,3.8,0.6,0.0,0.4,0.00,0.00,0.00,1.74,2890,9805,23,a,LIV (A),5
276,Freddie,Ladapo,Ipswich,FWD,45,0,0,2025-01-25T15:00:00Z,0,0,0,0,0,0,0,0,0,0,0,0.0,0.0,0.0,0.0,0.00,0.00,0.00,0.00,0,1064,23,u,LIV (A),5
277,Massimo,Luongo,Ipswich,MID,44,0,0,2025-01-25T15:00:00Z,0,0,0,0,0,0,0,0,0,0,0,0.0,0.0,0.0,0.0,0.00,0.00,0.00,0.00,432,738,23,a,LIV (A),5
278,Sam,Morsy,Ipswich,MID,49,2,90,2025-01-25T15:00:00Z,0,0,0,4,0,0,0,0,0,0,11,13.0,0.8,0.0,1.4,0.00,0.00,0.00,1.98,729,942,23,a,LIV (A),5
279,Corrie,Ndaba,Ipswich,DEF,40,0,0,2025-01-25T15:00:00Z,0,0,0,0,0,0,0,0,0,0,0,0.0,0.0,0.0,0.0,0.00,0.00,0.00,0.00,0,3,23,u,LIV (A),5
280,Cieran,Slicker,Ipswich,GK,39,0,0,2025-01-25T15:00:00Z,0,0,0,0,0,0,0,0,0,0,0,0.0,0.0,0.0,0.0,0.00,0.00,0.00,0.00,1546,1423,23,a,LIV (A),5
281,Jack,Taylor,Ipswich,MID,48,0,0,2025-01-25T15:00:00Z,0,0,0,0,0,0,0,0,0,0,0,0.0,0.0,0.0,0.0,0.00,0.00,0.00,0.00,75,147,23,a,LIV (A),5
282,Axel,Tuanzebe,Ipswich,DEF,39,0,90,2025-01-25T15:00:00Z,0,0,0,4,0,0,0,0,0,0,-9,20.8,0.8,0.0,2.2,0.00,0.00,0.00,1.98,10344,6036,23,a,LIV (A),5
283,Christian,Walton,Ipswich,GK,43,0,90,2025-01-25T15:00:00Z,0,0,0,4,0,0,0,0,2,0,-3,15.2,0.0,0.0,1.5,0.00,0.00,0.00,1.98,1486,964,23,a,LIV (A),5
284,Luke,Woolfenden,Ipswich,DEF,40,0,0,2025-01-25T15:00:00Z,0,0,0,0,0,0,0,0,0,0,0,0.0,0.0,0.0,0.0,0.00,0.00,0.00,0.00,951,3558,23,a,LIV (A),5
359,Kalvin,Phillips,Ipswich,MID,48,2,90,2025-01-25T15:00:00Z,0,0,0,4,0,0,0,0,0,0,20,25.4,0.8,0.0,2.6,0.00,0.01,0.01,1.98,187,217,23,a,LIV (A),5
568,Arijanet,Muric,Ipswich,GK,44,0,0,2025-01-25T15:00:00Z,0,0,0,0,0,0,0,0,0,0,0,0.0,0.0,0.0,0.0,0.00,0.00,0.00,0.00,1987,6518,23,a,LIV (A),5
583,Conor,Townsend,Ipswich,DEF,39,1,45,2025-01-25T15:00:00Z,0,0,0,1,0,0,0,0,0,0,9,11.4,15.1,2.0,2.9,0.00,0.07,0.07,0.73,3114,2930,23,a,LIV (A),5
611,Sam,Szmodics,Ipswich,MID,57,0,0,2025-01-25T15:00:00Z,0,0,0,0,0,0,0,0,0,0,0,0.0,0.0,0.0,0.0,0.00,0.00,0.00,0.00,85,2115,23,d,LIV (A),5
619,Jens,Cajuste,Ipswich,MID,45,0,0,2025-01-25T15:00:00Z,0,0,0,0,0,0,0,0,0,0,0,0.0,0.0,0.0,0.0,0.00,0.00,0.00,0.00,3074,1767,23,a,LIV (A),5
630,Dara,O'Shea,Ipswich,DEF,40,0,90,2025-01-25T15:00:00Z,0,0,0,4,0,0,0,0,0,0,-2,16.2,0.0,0.0,1.6,0.00,0.00,0.00,1.98,5112,11817,23,a,LIV (A),5
631,Jack,J.Clarke,Ipswich,MID,54,0,0,2025-01-25T15:00:00Z,0,0,0,0,0,0,0,0,0,0,0,0.0,0.0,0.0,0.0,0.00,0.00,0.00,0.00,163,218,23,a,LIV (A),5
632,Chiedozie,Ogbene,Ipswich,MID,48,0,0,2025-01-25T15:00:00Z,0,0,0,0,0,0,0,0,0,0,0,0.0,0.0,0.0,0.0,0.00,0.00,0.00,0.00,32,83,23,i,LIV (A),5
117,Facundo,Buonanotte,Leicester,MID,47,0,13,2025-01-26T14:00:00Z,0,0,0,0,0,0,1,0,0,0,0,3.2,0.1,0.0,0.3,0.00,0.00,0.00,0.14,3878,8015,23,a,TOT (A),4
192,Jordan,J.Ayew,Leicester,MID,52,2,86,2025-01-26T14:00:00Z,0,0,0,1,0,0,0,0,0,0,10,7.8,16.6,11.0,3.5,0.12,0.10,0.22,0.95,386,994,23,a,TOT (A),4
198,Odsonne,Edouard,Leicester,FWD,51,0,0,2025-01-26T14:00:00Z,0,0,0,0,0,0,0,0,0,0,0,0.0,0.0,0.0,0.0,0.00,0.00,0.00,0.00,428,693,23,a,TOT (A),4
285,Boubakary,B.Soumaré,Leicester,MID,44,2,90,2025-01-26T14:00:00Z,0,0,0,1,0,0,0,0,0,0,22,15.8,20.2,1.0,3.7,0.02,0.04,0.06,1.04,1695,3670,23,a,TOT (A),4
286,Tom,Cannon,Leicester,FWD,45,0,0,2025-01-26T14:00:00Z,0,0,0,0,0,0,0,0,0,0,0,0.0,0.0,0.0,0.0,0.00,0.00,0.00,0.00,0,689,23,u,TOT (A),4
287,Hamza,Choudhury,Leicester,MID,43,0,0,2025-01-26T14:00:00Z,0,0,0,0,0,0,0,0,0,0,0,0.0,0.0,0.0,0.0,0.00,0.00,0.00,0.00,29275,25311,23,u,TOT (A),4
288,Conor,Coady,Leicester,DEF,40,1,3,2025-01-26T14:00:00Z,0,0,0,0,0,0,0,0,0,0,5,2.6,0.0,0.0,0.3,0.00,0.00,0.00,0.09,628,2588,23,a,TOT (A),4
289,Patson,Daka,Leicester,FWD,48,1,13,2025-01-26T14:00:00Z,0,0,0,0,0,0,0,0,0,0,4,3.0,0.3,0.0,0.3,0.00,0.00,0.00,0.14,7659,11365,23,a,TOT (A),4
290,Bobby,De Cordova-Reid,Leicester,MID,52,7,85,2025-01-26T14:00:00Z,0,2,0,1,0,0,1,0,0,0,27,38.4,43.6,8.0,9.0,0.00,0.01,0.01,0.95,36,263,23,a,TOT (A),4
291,Wout,Faes,Leicester,DEF,40,2,90,2025-01-26T14:00:00Z,0,0,0,1,0,0,0,0,0,0,13,16.4,0.5,7.0,2.4,0.11,0.00,0.11,1.04,5065,36949,23,a,TOT (A),4
292,Michael,Golding,Leicester,MID,44,0,0,2025-01-26T14:00:00Z,0,0,0,0,0,0,0,0,0,0,0,0.0,0.0,0.0,0.0,0.00,0.00,0.00,0.00,117,808,23,a,TOT (A),4
293,Mads,Hermansen,Leicester,GK,44,0,0,2025-01-26T14:00:00Z,0,0,0,0,0,0,0,0,0,0,0,0.0,0.0,0.0,0.0,0.00,0.00,0.00,0.00,103,3099,23,i,TOT (A),4
294,Daniel,Iversen,Leicester,GK,39,0,0,2025-01-26T14:00:00Z,0,0,0,0,0,0,0,0,0,0,0,0.0,0.0,0.0,0.0,0.00,0.00,0.00,0.00,1050,2592,23,a,TOT (A),4
295,James,Justin,Leicester,DEF,42,1,90,2025-01-26T14:00:00Z,0,0,0,1,0,0,1,0,0,0,10,14.0,2.8,16.0,3.3,0.09,0.02,0.11,0.95,5009,15098,23,a,TOT (A),4
296,Victor,Kristiansen,Leicester,DEF,45,2,90,2025-01-26T14:00:00Z,0,0,0,1,0,0,0,0,0,0,5,20.0,12.8,2.0,3.5,0.00,0.03,0.03,1.04,175,935,23,a,TOT (A),4
297,Wanya,Marcal,Leicester,MID,45,0,0,2025-01-26T14:00:00Z,0,0,0,0,0,0,0,0,0,0,0,0.0,0.0,0.0,0.0,0.00,0.00,0.00,0.00,0,19,23,u,TOT (A),4
298,Stephy,Mavididi,Leicester,MID,51,0,0,2025-01-26T14:00:00Z,0,0,0,0,0,0,0,0,0,0,0,0.0,0.0,0.0,0.0,0.00,0.00,0.00,0.00,782,2863,23,a,TOT (A),4
299,Kasey,McAteer,Leicester,MID,47,0,0,2025-01-26T14:00:00Z,0,0,0,0,0,0,0,0,0,0,0,0.0,0.0,0.0,0.0,0.00,0.00,0.00,0.00,72,335,23,a,TOT (A),4
300,Wilfred,Ndidi,Leicester,MID,49,0,0,2025-01-26T14:00:00Z,0,0,0,0,0,0,0,0,0,0,0,0.0,0.0,0.0,0.0,0.00,0.00,0.00,0.00,16,676,23,d,TOT (A),4
301,Caleb,Okoli,Leicester,DEF,40,0,0,2025-01-26T14:00:00Z,0,0,0,0,0,0,0,0,0,0,0,0.0,0.0,0.0,0.0,0.00,0.00,0.00,0.00,236,4323,23,a,TOT (A),4
302,Ricardo,Ricardo,Leicester,DEF,41,0,0,2025-01-26T14:00:00Z,0,0,0,0,0,0,0,0,0,0,0,0.0,0.0,0.0,0.0,0.00,0.00,0.00,0.00,27,192,23,i,TOT (A),4
303,Harry,Souttar,Leicester,DEF,40,0,0,2025-01-26T14:00:00Z,0,0,0,0,0,0,0,0,0,0,0,0.0,0.0,0.0,0.0,0.00,0.00,0.00,0.00,0,10,23,u,TOT (A),4
304,Jakub,Stolarczyk,Leicester,GK,40,2,90,2025-01-26T14:00:00Z,0,0,0,1,0,0,1,0,5,0,17,31.4,0.0,0.0,3.1,0.00,0.00,0.00,1.04,8926,4309,23,a,TOT (A),4
305,Luke,Thomas,Leicester,DEF,39,0,0,2025-01-26T14:00:00Z,0,0,0,0,0,0,0,0,0,0,0,0.0,0.0,0.0,0.0,0.00,0.00,0.00,0.00,2128,7890,23,a,TOT (A),4
306,Jamie,Vardy,Leicester,FWD,55,9,76,2025-01-26T14:00:00Z,1,0,0,1,0,0,0,0,0,3,36,42.4,0.5,43.0,8.6,1.13,0.04,1.17,0.89,10073,63333,23,a,TOT (A),4
307,Jannik,Vestergaard,Leicester,DEF,39,2,90,2025-01-26T14:00:00Z,0,0,0,1,0,0,0,0,0,0,10,25.4,10.7,0.0,3.6,0.00,0.00,0.00,1.04,20304,5722,23,a,TOT (A),4
308,Danny,Ward,Leicester,GK,39,0,0,2025-01-26T14:00:00Z,0,0,0,0,0,0,0,0,0,0,0,0.0,0.0,0.0,0.0,0.00,0.00,0.00,0.00,20615,5207,23,a,TOT (A),4
309,Harry,Winks,Leicester,MID,44,1,90,2025-01-26T14:00:00Z,0,0,0,1,0,0,1,0,0,0,12,17.4,17.9,0.0,3.5,0.00,0.04,0.04,1.04,22983,23449,23,a,TOT (A),4
501,Oliver,Skipp,Leicester,MID,47,1,4,2025-01-26T14:00:00Z,0,0,0,0,0,0,0,0,0,0,3,1.0,0.0,0.0,0.1,0.00,0.00,0.00,0.09,66,130,23,a,TOT (A),4
570,Abdul,A.Fatawu,Leicester,MID,52,0,0,2025-01-26T14:00:00Z,0,0,0,0,0,0,0,0,0,0,0,0.0,0.0,0.0,0.0,0.00,0.00,0.00,0.00,9,338,23,i,TOT (A),4
606,Will,Alves,Leicester,MID,44,0,0,2025-01-26T14:00:00Z,0,0,0,0,0,0,0,0,0,0,0,0.0,0.0,0.0,0.0,0.00,0.00,0.00,0.00,140,249,23,a,TOT (A),4
616,Ben,Nelson,Leicester,DEF,40,0,0,2025-01-26T14:00:00Z,0,0,0,0,0,0,0,0,0,0,0,0.0,0.0,0.0,0.0,0.00,0.00,0.00,0.00,0,27,23,u,TOT (A),4
635,Bilal,El Khannouss,Leicester,MID,48,9,76,2025-01-26T14:00:00Z,1,0,0,1,0,0,0,0,0,2,32,40.4,2.2,11.0,5.4,0.07,0.01,0.08,0.89,773,2934,23,a,TOT (A),4
310,Alisson,A.Becker,Liverpool,GK,55,2,90,2025-01-25T15:00:00Z,0,0,0,1,0,0,0,0,2,0,9,15.4,0.0,0.0,1.5,0.00,0.00,0.00,0.48,197105,17648,23,a,IPS (H),2
311,Trent,Alexander-Arnold,Liverpool,DEF,73,5,90,2025-01-25T15:00:00Z,0,1,0,1,0,0,0,0,0,0,21,27.6,27.4,13.0,6.8,0.13,0.49,0.62,0.48,535224,30434,23,a,IPS (H),2
312,Stefan,Bajcetic,Liverpool,MID,45,0,0,2025-01-25T15:00:00Z,0,0,0,0,0,0,0,0,0,0,0,0.0,0.0,0.0,0.0,0.00,0.00,0.00,0.00,0,50,23,u,IPS (H),2
313,Conor,Bradley,Liverpool,DEF,47,0,0,2025-01-25T15:00:00Z,0,0,0,0,0,0,0,0,0,0,0,0.0,0.0,0.0,0.0,0.00,0.00,0.00,0.00,1044,933,23,a,IPS (H),2
315,Bobby,Clark,Liverpool,MID,45,0,0,2025-01-25T15:00:00Z,0,0,0,0,0,0,0,0,0,0,0,0.0,0.0,0.0,0.0,0.00,0.00,0.00,0.00,0,17,23,u,IPS (H),2
316,Darwin,Darwin,Liverpool,FWD,70,1,22,2025-01-25T15:00:00Z,0,0,0,1,0,0,0,0,0,0,5,0.2,0.7,2.0,0.3,0.00,0.02,0.02,0.45,56516,6312,23,a,IPS (H),2
317,Diogo,Diogo J.,Liverpool,MID,72,0,0,2025-01-25T15:00:00Z,0,0,0,0,0,0,0,0,0,0,0,0.0,0.0,0.0,0.0,0.00,0.00,0.00,0.00,1620,49482,23,i,IPS (H),2
318,Ben,Doak,Liverpool,MID,45,0,0,2025-01-25T15:00:00Z,0,0,0,0,0,0,0,0,0,0,0,0.0,0.0,0.0,0.0,0.00,0.00,0.00,0.00,0,14,23,u,IPS (H),2
319,Harvey,Elliott,Liverpool,MID,52,1,22,2025-01-25T15:00:00Z,0,0,0,1,0,0,0,0,0,0,2,0.0,3.8,4.0,0.8,0.03,0.02,0.05,0.45,1681,462,23,a,IPS (H),2
320,Endo,Endo,Liverpool,MID,46,1,22,2025-01-25T15:00:00Z,0,0,0,1,0,0,0,0,0,0,4,0.2,0.7,0.0,0.1,0.00,0.01,0.01,0.45,349,593,23,a,IPS (H),2
321,Cody,Gakpo,Liverpool,FWD,75,16,67,2025-01-25T15:00:00Z,2,1,1,0,0,0,0,0,0,3,69,87.0,18.3,69.0,17.4,1.09,0.06,1.15,0.03,498637,94478,23,a,IPS (H),2
322,Joe,Gomez,Liverpool,DEF,47,0,0,2025-01-25T15:00:00Z,0,0,0,0,0,0,0,0,0,0,0,0.0,0.0,0.0,0.0,0.00,0.00,0.00,0.00,39,10224,23,i,IPS (H),2
323,Ryan,Gravenberch,Liverpool,MID,50,3,67,2025-01-25T15:00:00Z,0,0,1,0,0,0,0,0,0,0,17,7.8,17.7,0.0,2.6,0.00,0.29,0.29,0.03,7356,5700,23,a,IPS (H),2
324,Curtis,Jones,Liverpool,MID,53,0,0,2025-01-25T15:00:00Z,0,0,0,0,0,0,0,0,0,0,0,0.0,0.0,0.0,0.0,0.00,0.00,0.00,0.00,1221,15383,23,i,IPS (H),2
325,Caoimhin,Kelleher,Liverpool,GK,41,0,0,2025-01-25T15:00:00Z,0,0,0,0,0,0,0,0,0,0,0,0.0,0.0,0.0,0.0,0.00,0.00,0.00,0.00,2118,18115,23,a,IPS (H),2
326,Ibrahima,Konaté,Liverpool,DEF,52,5,90,2025-01-25T15:00:00Z,0,1,0,1,0,0,0,0,0,0,23,45.2,30.7,0.0,7.6,0.00,0.10,0.10,0.48,202626,14123,23,a,IPS (H),2
327,Luis,Luis Díaz,Liverpool,MID,75,3,85,2025-01-25T15:00:00Z,0,0,1,0,0,0,0,0,0,0,8,3.6,7.5,14.0,2.5,0.00,0.03,0.03,0.23,177274,140591,23,a,IPS (H),2
328,Mohamed,M.Salah,Liverpool,MID,137,8,90,2025-01-25T15:00:00Z,1,0,0,1,0,0,0,0,0,1,33,45.2,21.8,61.0,12.8,0.23,0.12,0.35,0.48,77380,20059,23,a,IPS (H),2
329,Alexis,Mac Allister,Liverpool,MID,62,3,79,2025-01-25T15:00:00Z,0,0,1,0,0,0,0,0,0,0,17,13.2,38.3,11.0,6.3,0.02,0.15,0.17,0.03,26431,13030,23,a,IPS (H),2
330,James,McConnell,Liverpool,MID,44,0,0,2025-01-25T15:00:00Z,0,0,0,0,0,0,0,0,0,0,0,0.0,0.0,0.0,0.0,0.00,0.00,0.00,0.00,107,265,23,a,IPS (H),2
331,Tyler,Morton,Liverpool,MID,44,0,0,2025-01-25T15:00:00Z,0,0,0,0,0,0,0,0,0,0,0,0.0,0.0,0.0,0.0,0.00,0.00,0.00,0.00,165,679,23,a,IPS (H),2
332,Nathaniel,N.Phillips,Liverpool,DEF,40,0,0,2025-01-25T15:00:00Z,0,0,0,0,0,0,0,0,0,0,0,0.0,0.0,0.0,0.0,0.00,0.00,0.00,0.00,0,88,23,u,IPS (H),2
333,Jarell,Quansah,Liverpool,DEF,39,0,0,2025-01-25T15:00:00Z,0,0,0,0,0,0,0,0,0,0,0,0.0,0.0,0.0,0.0,0.00,0.00,0.00,0.00,4988,22962,23,a,IPS (H),2
334,Rhys,R.Williams,Liverpool,DEF,40,0,0,2025-01-25T15:00:00Z,0,0,0,0,0,0,0,0,0,0,0,0.0,0.0,0.0,0.0,0.00,0.00,0.00,0.00,0,65,23,u,IPS (H),2
335,Andrew,Robertson,Liverpool,DEF,59,2,90,2025-01-25T15:00:00Z,0,0,0,1,0,0,0,0,0,0,13,18.6,38.2,4.0,6.1,0.00,0.09,0.09,0.48,21466,29588,23,a,IPS (H),2
336,Dominik,Szoboszlai,Liverpool,MID,63,13,67,2025-01-25T15:00:00Z,1,1,1,0,0,0,0,0,0,2,43,36.2,15.3,38.0,9.0,0.67,0.04,0.71,0.03,22316,8573,23,a,IPS (H),2
337,Konstantinos,Tsimikas,Liverpool,DEF,46,0,0,2025-01-25T15:00:00Z,0,0,0,0,0,0,0,0,0,0,0,0.0,0.0,0.0,0.0,0.00,0.00,0.00,0.00,7461,1241,23,a,IPS (H),2
339,Virgil,Virgil,Liverpool,DEF,64,2,90,2025-01-25T15:00:00Z,0,0,0,1,0,0,0,0,0,0,14,27.2,11.1,11.0,4.9,0.07,0.10,0.17,0.48,159423,69430,23,a,IPS (H),2
636,Federico,Chiesa,Liverpool,MID,68,1,4,2025-01-25T15:00:00Z,0,0,0,1,0,0,0,0,0,0,3,0.2,0.1,0.0,0.0,0.00,0.00,0.00,0.25,1319,531,23,a,IPS (H),2
660,Vítezslav,Jaros,Liverpool,GK,40,0,0,2025-01-25T15:00:00Z,0,0,0,0,0,0,0,0,0,0,0,0.0,0.0,0.0,0.0,0.00,0.00,0.00,0.00,55,1575,23,a,IPS (H),2
669,Harvey,Davies,Liverpool,GK,40,0,0,2025-01-25T15:00:00Z,0,0,0,0,0,0,0,0,0,0,0,0.0,0.0,0.0,0.0,0.00,0.00,0.00,0.00,67,123,23,a,IPS (H),2
688,Treymaurice,Nyoni,Liverpool,MID,45,0,0,2025-01-25T15:00:00Z,0,0,0,0,0,0,0,0,0,0,0,0.0,0.0,0.0,0.0,0.00,0.00,0.00,0.00,42,49,23,a,IPS (H),2
692,Amara,Nallo,Liverpool,DEF,40,0,0,2025-01-25T15:00:00Z,0,0,0,0,0,0,0,0,0,0,0,0.0,0.0,0.0,0.0,0.00,0.00,0.00,0.00,51,84,23,a,IPS (H),2
340,Manuel,Akanji,Man City,DEF,53,2,90,2025-01-25T17:30:00Z,0,0,0,1,0,0,0,0,0,0,10,11.4,1.5,0.0,1.3,0.00,0.01,0.01,1.80,6680,9553,23,a,CHE (H),3
341,Nathan,Aké,Man City,DEF,53,0,0,2025-01-25T17:30:00Z,0,0,0,0,0,0,0,0,0,0,0,0.0,0.0,0.0,0.0,0.00,0.00,0.00,0.00,742,10057,23,i,CHE (H),3
342,Bernardo,Bernardo,Man City,MID,62,1,90,2025-01-25T17:30:00Z,0,0,0,1,0,0,1,0,0,0,15,12.0,18.9,4.0,3.5,0.00,0.08,0.08,1.80,2728,35797,23,a,CHE (H),3
343,Oscar,Bobb,Man City,MID,47,0,0,2025-01-25T17:30:00Z,0,0,0,0,0,0,0,0,0,0,0,0.0,0.0,0.0,0.0,0.00,0.00,0.00,0.00,119,149,23,d,CHE (H),3
344,Scott,Carson,Man City,GK,40,0,0,2025-01-25T17:30:00Z,0,0,0,0,0,0,0,0,0,0,0,0.0,0.0,0.0,0.0,0.00,0.00,0.00,0.00,154,431,23,a,CHE (H),3
345,Kevin,De Bruyne,Man City,MID,94,1,16,2025-01-25T17:30:00Z,0,0,0,0,0,0,0,0,0,0,2,0.6,1.3,0.0,0.2,0.00,0.01,0.01,0.05,26661,22889,23,a,CHE (H),3
346,Jérémy,Doku,Man City,MID,62,0,0,2025-01-25T17:30:00Z,0,0,0,0,0,0,0,0,0,0,0,0.0,0.0,0.0,0.0,0.00,0.00,0.00,0.00,7340,11016,23,i,CHE (H),3
347,Ederson,Ederson M.,Man City,GK,53,8,90,2025-01-25T17:30:00Z,0,1,0,1,0,0,0,0,3,2,28,46.2,10.0,0.0,5.6,0.00,0.00,0.00,1.80,4163,7314,23,a,CHE (H),3
348,Phil,Foden,Man City,MID,93,7,90,2025-01-25T17:30:00Z,1,0,0,1,0,0,0,0,0,0,21,34.4,3.4,31.0,6.9,0.46,0.02,0.48,1.80,229455,59583,23,a,CHE (H),3
349,Jack,Grealish,Man City,MID,64,0,0,2025-01-25T17:30:00Z,0,0,0,0,0,0,0,0,0,0,0,0.0,0.0,0.0,0.0,0.00,0.00,0.00,0.00,828,728,23,a,CHE (H),3
350,Joško,Gvardiol,Man City,DEF,59,8,90,2025-01-25T17:30:00Z,1,0,0,1,0,0,0,0,0,0,17,41.8,2.8,49.0,9.4,1.10,0.01,1.11,1.80,37991,191528,23,a,CHE (H),3
351,Erling,Haaland,Man City,FWD,147,12,90,2025-01-25T17:30:00Z,1,1,0,1,0,0,0,0,0,3,55,61.2,31.8,33.0,12.6,0.33,0.03,0.36,1.80,30560,187389,23,a,CHE (H),3
352,Julián,J.Alvarez,Man City,FWD,70,0,0,2025-01-25T17:30:00Z,0,0,0,0,0,0,0,0,0,0,0,0.0,0.0,0.0,0.0,0.00,0.00,0.00,0.00,0,31,23,u,CHE (H),3
353,João,João Cancelo,Man City,DEF,53,0,0,2025-01-25T17:30:00Z,0,0,0,0,0,0,0,0,0,0,0,0.0,0.0,0.0,0.0,0.00,0.00,0.00,0.00,0,115,23,u,CHE (H),3
354,Mateo,Kovačić,Man City,MID,54,1,90,2025-01-25T17:30:00Z,0,0,0,1,0,0,1,0,0,0,14,13.4,29.3,4.0,4.7,0.05,0.02,0.07,1.80,8182,3700,23,a,CHE (H),3
355,Rico,Lewis,Man City,DEF,45,0,0,2025-01-25T17:30:00Z,0,0,0,0,0,0,0,0,0,0,0,0.0,0.0,0.0,0.0,0.00,0.00,0.00,0.00,5130,100898,23,a,CHE (H),3
356,Matheus Luiz,Matheus N.,Man City,MID,49,5,90,2025-01-25T17:30:00Z,0,1,0,1,0,0,0,0,0,0,25,40.8,23.8,27.0,9.2,0.36,0.04,0.40,1.80,688,780,23,a,CHE (H),3
357,James,McAtee,Man City,MID,46,0,0,2025-01-25T17:30:00Z,0,0,0,0,0,0,0,0,0,0,0,0.0,0.0,0.0,0.0,0.00,0.00,0.00,0.00,3888,1175,23,a,CHE (H),3
358,Stefan,Ortega Moreno,Man City,GK,52,0,0,2025-01-25T17:30:00Z,0,0,0,0,0,0,0,0,0,0,0,0.0,0.0,0.0,0.0,0.00,0.00,0.00,0.00,431,7756,23,a,CHE (H),3
360,Rodrigo 'Rodri',Rodrigo,Man City,MID,62,0,0,2025-01-25T17:30:00Z,0,0,0,0,0,0,0,0,0,0,0,0.0,0.0,0.0,0.0,0.00,0.00,0.00,0.00,38,566,23,i,CHE (H),3
361,Rúben,Rúben,Man City,DEF,54,0,0,2025-01-25T17:30:00Z,0,0,0,0,0,0,0,0,0,0,0,0.0,0.0,0.0,0.0,0.00,0.00,0.00,0.00,3275,4297,23,i,CHE (H),3
362,John,Stones,Man City,DEF,53,1,36,2025-01-25T17:30:00Z,0,0,0,0,0,0,0,0,0,0,4,4.6,0.3,0.0,0.5,0.00,0.00,0.00,0.11,675,1847,23,a,CHE (H),3
363,Kyle,Walker,Man City,DEF,51,0,0,2025-01-25T17:30:00Z,0,0,0,0,0,0,0,0,0,0,0,0.0,0.0,0.0,0.0,0.00,0.00,0.00,0.00,1203,8802,23,u,CHE (H),3
571,Sávio 'Savinho',Sávio,Man City,MID,65,0,0,2025-01-25T17:30:00Z,0,0,0,0,0,0,0,0,0,0,0,0.0,0.0,0.0,0.0,0.00,0.00,0.00,0.00,30432,213220,23,a,CHE (H),3
607,Nico,O’Reilly,Man City,MID,49,0,0,2025-01-25T17:30:00Z,0,0,0,0,0,0,0,0,0,0,0,0.0,0.0,0.0,0.0,0.00,0.00,0.00,0.00,33,45,23,a,CHE (H),3
625,Ilkay,Gündogan,Man City,MID,64,2,90,2025-01-25T17:30:00Z,0,0,0,1,0,0,0,0,0,0,21,13.4,19.8,7.0,4.0,0.04,0.19,0.23,1.80,612,1595,23,a,CHE (H),3
626,Issa,Kaboré,Man City,DEF,45,0,0,2025-01-25T17:30:00Z,0,0,0,0,0,0,0,0,0,0,0,0.0,0.0,0.0,0.0,0.00,0.00,0.00,0.00,0,1,23,u,CHE (H),3
671,Jacob,Wright,Man City,MID,45,0,0,2025-01-25T17:30:00Z,0,0,0,0,0,0,0,0,0,0,0,0.0,0.0,0.0,0.0,0.00,0.00,0.00,0.00,93,103,23,a,CHE (H),3
672,Jahmai,Simpson-Pusey,Man City,DEF,40,0,0,2025-01-25T17:30:00Z,0,0,0,0,0,0,0,0,0,0,0,0.0,0.0,0.0,0.0,0.00,0.00,0.00,0.00,234,279,23,a,CHE (H),3
675,Josh,Wilson-Esbrand,Man City,DEF,40,0,0,2025-01-25T17:30:00Z,0,0,0,0,0,0,0,0,0,0,0,0.0,0.0,0.0,0.0,0.00,0.00,0.00,0.00,91,199,23,u,CHE (H),3
364,Amad,Amad,Man Utd,MID,56,3,90,2025-01-26T19:00:00Z,0,0,1,0,0,0,0,0,0,0,11,3.8,5.2,0.0,0.9,0.00,0.01,0.01,0.67,215052,150211,23,a,FUL (A),3
365,Antony Matheus,Antony,Man Utd,MID,57,0,0,2025-01-26T19:00:00Z,0,0,0,0,0,0,0,0,0,0,0,0.0,0.0,0.0,0.0,0.00,0.00,0.00,0.00,313,658,23,u,FUL (A),3
366,Bruno,B.Fernandes,Man Utd,MID,84,3,90,2025-01-26T19:00:00Z,0,0,1,0,0,0,0,0,0,0,9,9.2,22.2,5.0,3.6,0.06,0.23,0.29,0.67,34881,112437,23,a,FUL (A),3
367,Altay,Bayindir,Man Utd,GK,43,0,0,2025-01-26T19:00:00Z,0,0,0,0,0,0,0,0,0,0,0,0.0,0.0,0.0,0.0,0.00,0.00,0.00,0.00,1380,1006,23,a,FUL (A),3
368,Carlos Henrique,Casemiro,Man Utd,MID,47,0,0,2025-01-26T19:00:00Z,0,0,0,0,0,0,0,0,0,0,0,0.0,0.0,0.0,0.0,0.00,0.00,0.00,0.00,515,1831,23,a,FUL (A),3
369,Diogo,Dalot,Man Utd,DEF,50,7,90,2025-01-26T19:00:00Z,0,0,1,0,0,0,0,0,0,1,27,9.4,3.9,0.0,1.3,0.00,0.01,0.01,0.67,5503,40911,23,a,FUL (A),3
370,Christian,Eriksen,Man Utd,MID,53,0,0,2025-01-26T19:00:00Z,0,0,0,0,0,0,0,0,0,0,0,0.0,0.0,0.0,0.0,0.00,0.00,0.00,0.00,261,430,23,a,FUL (A),3
371,Jonny,Evans,Man Utd,DEF,44,0,0,2025-01-26T19:00:00Z,0,0,0,0,0,0,0,0,0,0,0,0.0,0.0,0.0,0.0,0.00,0.00,0.00,0.00,17,334,23,i,FUL (A),3
372,Alejandro,Garnacho,Man Utd,MID,59,3,80,2025-01-26T19:00:00Z,0,0,1,0,0,0,0,0,0,0,6,0.6,3.3,6.0,1.0,0.00,0.04,0.04,0.30,2847,17678,23,a,FUL (A),3
373,Hannibal,Hannibal,Man Utd,MID,45,0,0,2025-01-26T19:00:00Z,0,0,0,0,0,0,0,0,0,0,0,0.0,0.0,0.0,0.0,0.00,0.00,0.00,0.00,0,44,23,u,FUL (A),3
374,Tom,Heaton,Man Utd,GK,39,0,0,2025-01-26T19:00:00Z,0,0,0,0,0,0,0,0,0,0,0,0.0,0.0,0.0,0.0,0.00,0.00,0.00,0.00,2190,625,23,a,FUL (A),3
375,Rasmus,Højlund,Man Utd,FWD,69,1,57,2025-01-26T19:00:00Z,0,0,0,0,0,0,0,0,0,0,1,0.0,2.2,2.0,0.2,0.00,0.01,0.01,0.24,1975,25095,23,a,FUL (A),3
376,Victor,Lindelof,Man Utd,DEF,43,0,0,2025-01-26T19:00:00Z,0,0,0,0,0,0,0,0,0,0,0,0.0,0.0,0.0,0.0,0.00,0.00,0.00,0.00,9,96,23,a,FUL (A),3
377,Harry,Maguire,Man Utd,DEF,49,8,90,2025-01-26T19:00:00Z,0,0,1,0,0,0,0,0,0,2,29,24.0,0.4,0.0,2.4,0.00,0.00,0.00,0.67,3212,4526,23,a,FUL (A),3
378,Kobbie,Mainoo,Man Utd,MID,52,1,9,2025-01-26T19:00:00Z,0,0,0,0,0,0,0,0,0,0,2,0.2,0.7,0.0,0.1,0.00,0.00,0.00,0.37,1618,3163,23,a,FUL (A),3
379,Tyrell,Malacia,Man Utd,DEF,44,1,9,2025-01-26T19:00:00Z,0,0,0,0,0,0,0,0,0,0,5,3.2,0.1,0.0,0.3,0.00,0.00,0.00,0.37,67,153,23,a,FUL (A),3
380,Lisandro,Martinez,Man Utd,DEF,44,15,90,2025-01-26T19:00:00Z,1,0,1,0,0,0,0,0,0,3,43,46.8,2.4,7.0,5.6,0.02,0.02,0.04,0.67,5943,20301,23,a,FUL (A),3
381,Scott,McTominay,Man Utd,MID,49,0,0,2025-01-26T19:00:00Z,0,0,0,0,0,0,0,0,0,0,0,0.0,0.0,0.0,0.0,0.00,0.00,0.00,0.00,0,89,23,u,FUL (A),3
382,Mason,Mount,Man Utd,MID,63,0,0,2025-01-26T19:00:00Z,0,0,0,0,0,0,0,0,0,0,0,0.0,0.0,0.0,0.0,0.00,0.00,0.00,0.00,33,133,23,i,FUL (A),3
383,André,Onana,Man Utd,GK,51,6,90,2025-01-26T19:00:00Z,0,0,1,0,0,0,0,0,2,0,23,19.4,0.0,0.0,1.9,0.00,0.00,0.00,0.67,3725,70250,23,a,FUL (A),3
384,Facundo,Pellistri,Man Utd,MID,50,0,0,2025-01-26T19:00:00Z,0,0,0,0,0,0,0,0,0,0,0,0.0,0.0,0.0,0.0,0.00,0.00,0.00,0.00,0,6,23,u,FUL (A),3
385,Marcus,Rashford,Man Utd,MID,66,0,0,2025-01-26T19:00:00Z,0,0,0,0,0,0,0,0,0,0,0,0.0,0.0,0.0,0.0,0.00,0.00,0.00,0.00,685,5572,23,a,FUL (A),3
387,Luke,Shaw,Man Utd,DEF,49,0,0,2025-01-26T19:00:00Z,0,0,0,0,0,0,0,0,0,0,0,0.0,0.0,0.0,0.0,0.00,0.00,0.00,0.00,46,200,23,i,FUL (A),3
389,Joshua,Zirkzee,Man Utd,FWD,65,1,32,2025-01-26T19:00:00Z,0,0,0,0,0,0,0,0,0,0,1,2.4,1.7,0.0,0.4,0.00,0.00,0.00,0.43,3572,6046,23,a,FUL (A),3
572,Leny,Yoro,Man Utd,DEF,43,1,32,2025-01-26T19:00:00Z,0,0,0,0,0,0,0,0,0,0,5,9.4,0.3,0.0,1.0,0.00,0.00,0.00,0.43,1217,2889,23,a,FUL (A),3
593,Matthijs,De Ligt,Man Utd,DEF,49,1,57,2025-01-26T19:00:00Z,0,0,0,0,0,0,0,0,0,0,8,6.2,0.5,7.0,1.4,0.18,0.00,0.18,0.24,2857,20463,23,a,FUL (A),3
594,Noussair,Mazraoui,Man Utd,DEF,44,6,80,2025-01-26T19:00:00Z,0,0,1,0,0,0,0,0,0,0,18,4.0,2.6,4.0,1.1,0.00,0.01,0.01,0.30,6259,152273,23,a,FUL (A),3
613,Toby,Collyer,Man Utd,MID,45,1,14,2025-01-26T19:00:00Z,0,0,0,0,0,0,0,0,0,0,6,6.0,1.2,0.0,0.7,0.00,0.00,0.00,0.37,574,201,23,a,FUL (A),3
648,Ethan,Wheatley,Man Utd,FWD,45,0,0,2025-01-26T19:00:00Z,0,0,0,0,0,0,0,0,0,0,0,0.0,0.0,0.0,0.0,0.00,0.00,0.00,0.00,6009,10148,23,u,FUL (A),3
652,Manuel,Ugarte,Man Utd,MID,49,2,75,2025-01-26T19:00:00Z,0,0,1,0,0,0,1,0,0,0,11,8.8,4.2,0.0,1.3,0.00,0.01,0.01,0.30,874,1028,23,d,FUL (A),3
667,Jack,Fletcher,Man Utd,MID,45,0,0,2025-01-26T19:00:00Z,0,0,0,0,0,0,0,0,0,0,0,0.0,0.0,0.0,0.0,0.00,0.00,0.00,0.00,43,53,23,a,FUL (A),3
670,Harry,Amass,Man Utd,DEF,40,0,0,2025-01-26T19:00:00Z,0,0,0,0,0,0,0,0,0,0,0,0.0,0.0,0.0,0.0,0.00,0.00,0.00,0.00,144,169,23,a,FUL (A),3
673,Jayce,Fitzgerald,Man Utd,MID,45,0,0,2025-01-26T19:00:00Z,0,0,0,0,0,0,0,0,0,0,0,0.0,0.0,0.0,0.0,0.00,0.00,0.00,0.00,35,39,23,a,FUL (A),3
691,Godwill,Kukonki,Man Utd,DEF,40,0,0,2025-01-26T19:00:00Z,0,0,0,0,0,0,0,0,0,0,0,0.0,0.0,0.0,0.0,0.00,0.00,0.00,0.00,50,61,23,a,FUL (A),3
390,Alex,A.Murphy,Newcastle,DEF,40,0,0,2025-01-25T15:00:00Z,0,0,0,0,0,0,0,0,0,0,0,0.0,0.0,0.0,0.0,0.00,0.00,0.00,0.00,645,5630,23,u,SOU (A),2
391,Miguel,Almirón,Newcastle,MID,54,1,2,2025-01-25T15:00:00Z,0,0,0,0,0,0,0,0,0,0,7,6.0,10.6,19.0,3.6,0.05,0.02,0.07,0.04,444,981,23,a,SOU (A),2
392,Harvey,Barnes,Newcastle,MID,59,0,0,2025-01-25T15:00:00Z,0,0,0,0,0,0,0,0,0,0,0,0.0,0.0,0.0,0.0,0.00,0.00,0.00,0.00,29,11133,23,i,SOU (A),2
393,Sven,Botman,Newcastle,DEF,44,0,0,2025-01-25T15:00:00Z,0,0,0,0,0,0,0,0,0,0,0,0.0,0.0,0.0,0.0,0.00,0.00,0.00,0.00,2478,1311,23,a,SOU (A),2
394,Bruno,Bruno G.,Newcastle,MID,61,2,78,2025-01-25T15:00:00Z,0,0,0,1,0,0,0,0,0,0,14,10.6,33.9,8.0,5.3,0.00,0.73,0.73,0.66,37962,8661,23,a,SOU (A),2
395,Dan,Burn,Newcastle,DEF,44,2,90,2025-01-25T15:00:00Z,0,0,0,1,0,0,0,0,0,0,1,11.4,10.2,4.0,2.6,0.13,0.00,0.13,0.76,39650,35510,23,a,SOU (A),2
396,Martin,Dúbravka,Newcastle,GK,43,3,90,2025-01-25T15:00:00Z,0,0,0,1,0,0,0,0,4,0,11,31.0,0.0,0.0,3.1,0.00,0.00,0.00,0.76,57159,18050,23,a,SOU (A),2
398,Anthony,Gordon,Newcastle,MID,77,5,87,2025-01-25T15:00:00Z,0,1,0,1,0,0,0,0,0,0,16,18.0,20.4,12.0,5.0,0.10,0.17,0.27,0.72,191436,116416,23,a,SOU (A),2
399,Lewis,Hall,Newcastle,DEF,51,2,90,2025-01-25T15:00:00Z,0,0,0,1,0,0,0,0,0,0,9,7.8,4.1,6.0,1.8,0.05,0.04,0.09,0.76,328232,34182,23,a,SOU (A),2
400,Isaac,Hayden,Newcastle,MID,44,0,0,2025-01-25T15:00:00Z,0,0,0,0,0,0,0,0,0,0,0,0.0,0.0,0.0,0.0,0.00,0.00,0.00,0.00,0,695,23,u,SOU (A),2
401,Alexander,Isak,Newcastle,FWD,95,13,78,2025-01-25T15:00:00Z,2,0,0,1,0,0,0,0,0,3,67,78.6,15.2,76.0,17.0,1.50,0.25,1.75,0.66,257142,36619,23,a,SOU (A),2
402,Jacob,J.Murphy,Newcastle,MID,51,6,90,2025-01-25T15:00:00Z,0,1,0,1,0,0,0,0,0,1,29,29.0,48.1,14.0,9.1,0.04,0.23,0.27,0.72,36325,74867,23,a,SOU (A),2
403,Joelinton Cássio,Joelinton,Newcastle,MID,60,2,90,2025-01-25T15:00:00Z,0,0,0,1,0,0,0,0,0,0,19,26.8,4.2,8.0,3.9,0.35,0.01,0.36,0.76,9078,18204,23,a,SOU (A),2
404,Lloyd,Kelly,Newcastle,DEF,42,0,0,2025-01-25T15:00:00Z,0,0,0,0,0,0,0,0,0,0,0,0.0,0.0,0.0,0.0,0.00,0.00,0.00,0.00,189,305,23,a,SOU (A),2
405,Emil,Krafth,Newcastle,DEF,43,0,0,2025-01-25T15:00:00Z,0,0,0,0,0,0,0,0,0,0,0,0.0,0.0,0.0,0.0,0.00,0.00,0.00,0.00,90,90,23,a,SOU (A),2
406,Garang,Kuol,Newcastle,MID,44,0,0,2025-01-25T15:00:00Z,0,0,0,0,0,0,0,0,0,0,0,0.0,0.0,0.0,0.0,0.00,0.00,0.00,0.00,362,377,23,a,SOU (A),2
407,Jamaal,Lascelles,Newcastle,DEF,45,0,0,2025-01-25T15:00:00Z,0,0,0,0,0,0,0,0,0,0,0,0.0,0.0,0.0,0.0,0.00,0.00,0.00,0.00,26,40,23,i,SOU (A),2
408,Jamal,Lewis,Newcastle,DEF,40,0,0,2025-01-25T15:00:00Z,0,0,0,0,0,0,0,0,0,0,0,0.0,0.0,0.0,0.0,0.00,0.00,0.00,0.00,0,294,23,u,SOU (A),2
409,Tino,Livramento,Newcastle,DEF,45,2,90,2025-01-25T15:00:00Z,0,0,0,1,0,0,0,0,0,0,15,14.6,22.9,5.0,4.3,0.02,0.02,0.04,0.76,11011,9512,23,a,SOU (A),2
410,Sean,Longstaff,Newcastle,MID,46,1,1,2025-01-25T15:00:00Z,0,0,0,0,0,0,0,0,0,0,3,0.0,0.0,0.0,0.0,0.00,0.00,0.00,0.04,894,2644,23,a,SOU (A),2
411,Lewis,Miley,Newcastle,MID,50,1,11,2025-01-25T15:00:00Z,0,0,0,0,0,0,0,0,0,0,3,0.8,1.1,0.0,0.2,0.00,0.01,0.01,0.10,53,97,23,a,SOU (A),2
412,Odysseas,Odysseas,Newcastle,GK,43,0,0,2025-01-25T15:00:00Z,0,0,0,0,0,0,0,0,0,0,0,0.0,0.0,0.0,0.0,0.00,0.00,0.00,0.00,75,252,23,a,SOU (A),2
413,Nick,Pope,Newcastle,GK,49,0,0,2025-01-25T15:00:00Z,0,0,0,0,0,0,0,0,0,0,0,0.0,0.0,0.0,0.0,0.00,0.00,0.00,0.00,1181,10058,23,a,SOU (A),2
414,John,Ruddy,Newcastle,GK,40,0,0,2025-01-25T15:00:00Z,0,0,0,0,0,0,0,0,0,0,0,0.0,0.0,0.0,0.0,0.00,0.00,0.00,0.00,112,723,23,a,SOU (A),2
415,Fabian,Schär,Newcastle,DEF,54,2,90,2025-01-25T15:00:00Z,0,0,0,1,0,0,0,0,0,0,9,26.2,10.4,19.0,5.6,0.07,0.01,0.08,0.76,11651,15347,23,a,SOU (A),2
416,Matt,Targett,Newcastle,DEF,40,0,0,2025-01-25T15:00:00Z,0,0,0,0,0,0,0,0,0,0,0,0.0,0.0,0.0,0.0,0.00,0.00,0.00,0.00,397,934,23,a,SOU (A),2
417,Sandro,Tonali,Newcastle,MID,55,9,90,2025-01-25T15:00:00Z,1,0,0,1,0,0,0,0,0,2,34,55.0,8.0,21.0,8.4,0.59,0.02,0.61,0.76,2416,4051,23,a,SOU (A),2
418,Kieran,Trippier,Newcastle,DEF,56,0,0,2025-01-25T15:00:00Z,0,0,0,0,0,0,0,0,0,0,0,0.0,0.0,0.0,0.0,0.00,0.00,0.00,0.00,7088,9638,23,a,SOU (A),2
419,Joe,White,Newcastle,MID,45,0,0,2025-01-25T15:00:00Z,0,0,0,0,0,0,0,0,0,0,0,0.0,0.0,0.0,0.0,0.00,0.00,0.00,0.00,0,190,23,u,SOU (A),2
420,Joe,Willock,Newcastle,MID,47,1,11,2025-01-25T15:00:00Z,0,0,0,0,0,0,0,0,0,0,5,2.0,11.3,5.0,1.8,0.01,0.02,0.03,0.10,769,764,23,a,SOU (A),2
421,Callum,Wilson,Newcastle,FWD,69,0,0,2025-01-25T15:00:00Z,0,0,0,0,0,0,0,0,0,0,0,0.0,0.0,0.0,0.0,0.00,0.00,0.00,0.00,59,133,23,i,SOU (A),2
574,Miodrag,Pivas,Newcastle,DEF,40,0,0,2025-01-25T15:00:00Z,0,0,0,0,0,0,0,0,0,0,0,0.0,0.0,0.0,0.0,0.00,0.00,0.00,0.00,0,97,23,u,SOU (A),2
590,William,Osula,Newcastle,FWD,49,0,0,2025-01-25T15:00:00Z,0,0,0,0,0,0,0,0,0,0,0,0.0,0.0,0.0,0.0,0.00,0.00,0.00,0.00,601,750,23,a,SOU (A),2
26,Álex,Alex Moreno,Nottingham Forest,DEF,43,0,24,2025-01-25T15:00:00Z,0,0,0,2,0,0,0,0,0,0,-5,7.2,5.2,2.0,1.4,0.00,0.01,0.01,0.82,1071,2274,23,a,BOU (A),3
422,Ola,Aina,Nottingham Forest,DEF,54,1,78,2025-01-25T15:00:00Z,0,0,0,3,0,0,0,0,0,0,-5,11.0,1.3,2.0,1.4,0.00,0.02,0.02,0.94,238738,62337,23,a,BOU (A),3
423,Elliot,Anderson,Nottingham Forest,MID,50,2,90,2025-01-25T15:00:00Z,0,0,0,5,0,0,0,0,0,0,11,5.6,10.1,3.0,1.9,0.01,0.37,0.38,1.69,5923,1788,23,a,BOU (A),3
424,Taiwo,Awoniyi,Nottingham Forest,FWD,55,1,11,2025-01-25T15:00:00Z,0,0,0,2,0,0,0,0,0,0,4,2.2,10.8,2.0,1.5,0.00,0.01,0.01,0.76,1756,2148,23,a,BOU (A),3
425,Willy,Boly,Nottingham Forest,DEF,42,0,0,2025-01-25T15:00:00Z,0,0,0,0,0,0,0,0,0,0,0,0.0,0.0,0.0,0.0,0.00,0.00,0.00,0.00,340,414,23,a,BOU (A),3
426,Josh,Bowler,Nottingham Forest,MID,45,0,0,2025-01-25T15:00:00Z,0,0,0,0,0,0,0,0,0,0,0,0.0,0.0,0.0,0.0,0.00,0.00,0.00,0.00,0,25,23,u,BOU (A),3
427,Carlos Miguel,C.Miguel,Nottingham Forest,GK,42,0,0,2025-01-25T15:00:00Z,0,0,0,0,0,0,0,0,0,0,0,0.0,0.0,0.0,0.0,0.00,0.00,0.00,0.00,339,529,23,a,BOU (A),3
428,Eric,Da Silva Moreira,Nottingham Forest,MID,44,0,0,2025-01-25T15:00:00Z,0,0,0,0,0,0,0,0,0,0,0,0.0,0.0,0.0,0.0,0.00,0.00,0.00,0.00,322,563,23,a,BOU (A),3
429,Danilo,Danilo,Nottingham Forest,MID,47,0,0,2025-01-25T15:00:00Z,0,0,0,0,0,0,0,0,0,0,0,0.0,0.0,0.0,0.0,0.00,0.00,0.00,0.00,292,113,23,a,BOU (A),3
430,Emmanuel,Dennis,Nottingham Forest,FWD,49,0,0,2025-01-25T15:00:00Z,0,0,0,0,0,0,0,0,0,0,0,0.0,0.0,0.0,0.0,0.00,0.00,0.00,0.00,774,1281,23,a,BOU (A),3
431,Nicolás,Dominguez,Nottingham Forest,MID,48,1,45,2025-01-25T15:00:00Z,0,0,0,4,0,0,0,0,0,0,5,3.6,14.7,0.0,1.8,0.00,0.04,0.04,1.44,387,233,23,a,BOU (A),3
432,Anthony,Elanga,Nottingham Forest,MID,53,2,90,2025-01-25T15:00:00Z,0,0,0,5,0,0,0,0,0,0,12,13.0,66.8,32.0,11.2,0.17,0.20,0.37,1.69,63681,76970,23,a,BOU (A),3
433,Morgan,Gibbs-White,Nottingham Forest,MID,64,2,78,2025-01-25T15:00:00Z,0,0,0,3,0,0,0,0,0,0,10,10.4,52.1,17.0,8.0,0.32,0.17,0.49,0.94,49924,51454,23,a,BOU (A),3
434,Callum,Hudson-Odoi,Nottingham Forest,MID,52,0,0,2025-01-25T15:00:00Z,0,0,0,0,0,0,0,0,0,0,0,0.0,0.0,0.0,0.0,0.00,0.00,0.00,0.00,4537,11769,23,d,BOU (A),3
435,Alex,Mighten,Nottingham Forest,MID,45,0,0,2025-01-25T15:00:00Z,0,0,0,0,0,0,0,0,0,0,0,0.0,0.0,0.0,0.0,0.00,0.00,0.00,0.00,0,12,23,u,BOU (A),3
436,Murillo,Murillo,Nottingham Forest,DEF,47,0,90,2025-01-25T15:00:00Z,0,0,0,5,0,0,0,0,0,0,-11,7.2,3.8,3.0,1.4,0.01,0.01,0.02,1.69,40963,22808,23,a,BOU (A),3
437,Neco,N.Williams,Nottingham Forest,DEF,44,1,65,2025-01-25T15:00:00Z,0,0,0,3,0,0,0,0,0,0,-7,2.6,1.2,4.0,0.8,0.06,0.00,0.06,0.87,19779,13582,23,a,BOU (A),3
438,Omar,O.Richards,Nottingham Forest,DEF,45,0,0,2025-01-25T15:00:00Z,0,0,0,0,0,0,0,0,0,0,0,0.0,0.0,0.0,0.0,0.00,0.00,0.00,0.00,0,13,23,u,BOU (A),3
439,Lewis,O'Brien,Nottingham Forest,MID,50,0,0,2025-01-25T15:00:00Z,0,0,0,0,0,0,0,0,0,0,0,0.0,0.0,0.0,0.0,0.00,0.00,0.00,0.00,0,1,23,u,BOU (A),3
440,Andrew,Omobamidele,Nottingham Forest,DEF,42,0,0,2025-01-25T15:00:00Z,0,0,0,0,0,0,0,0,0,0,0,0.0,0.0,0.0,0.0,0.00,0.00,0.00,0.00,86,107,23,u,BOU (A),3
441,Jonathan,Panzo,Nottingham Forest,DEF,40,0,0,2025-01-25T15:00:00Z,0,0,0,0,0,0,0,0,0,0,0,0.0,0.0,0.0,0.0,0.00,0.00,0.00,0.00,0,2,23,u,BOU (A),3
442,Ibrahim,Sangaré,Nottingham Forest,MID,43,0,0,2025-01-25T15:00:00Z,0,0,0,0,0,0,0,0,0,0,0,0.0,0.0,0.0,0.0,0.00,0.00,0.00,0.00,5363,4711,23,i,BOU (A),3
443,Matz,Sels,Nottingham Forest,GK,50,1,90,2025-01-25T15:00:00Z,0,0,0,5,0,0,0,0,5,0,-5,29.6,0.0,0.0,3.0,0.00,0.00,0.00,1.69,145152,63300,23,a,BOU (A),3
444,Harry,Toffolo,Nottingham Forest,DEF,42,0,0,2025-01-25T15:00:00Z,0,0,0,0,0,0,0,0,0,0,0,0.0,0.0,0.0,0.0,0.00,0.00,0.00,0.00,121,141,23,a,BOU (A),3
446,Hwang,Ui-jo,Nottingham Forest,FWD,45,0,0,2025-01-25T15:00:00Z,0,0,0,0,0,0,0,0,0,0,0,0.0,0.0,0.0,0.0,0.00,0.00,0.00,0.00,0,2885,23,u,BOU (A),3
447,Chris,Wood,Nottingham Forest,FWD,71,2,90,2025-01-25T15:00:00Z,0,0,0,5,0,0,0,0,0,0,6,5.2,12.9,4.0,2.2,0.00,0.01,0.01,1.69,422467,94230,23,a,BOU (A),3
448,Joe,Worrall,Nottingham Forest,DEF,45,0,0,2025-01-25T15:00:00Z,0,0,0,0,0,0,0,0,0,0,0,0.0,0.0,0.0,0.0,0.00,0.00,0.00,0.00,0,18,23,u,BOU (A),3
449,Ryan,Yates,Nottingham Forest,MID,49,1,45,2025-01-25T15:00:00Z,0,0,0,1,0,0,0,0,0,0,4,10.8,0.7,11.0,2.3,0.02,0.01,0.03,0.25,363,730,23,a,BOU (A),3
531,James,Ward-Prowse,Nottingham Forest,MID,61,0,0,2025-01-25T15:00:00Z,0,0,0,0,0,0,0,0,0,0,0,0.0,0.0,0.0,0.0,0.00,0.00,0.00,0.00,1057,1407,23,a,BOU (A),3
573,Nikola,Milenković,Nottingham Forest,DEF,48,0,90,2025-01-25T15:00:00Z,0,0,0,5,0,0,0,0,0,0,-3,19.8,0.3,30.0,5.0,0.24,0.01,0.25,1.69,60334,60833,23,a,BOU (A),3
596,João Pedro,Jota Silva,Nottingham Forest,MID,59,1,65,2025-01-25T15:00:00Z,0,0,0,3,0,0,1,0,0,0,10,10.2,0.4,9.0,2.0,0.03,0.00,0.03,0.87,472,528,23,a,BOU (A),3
620,Ramón,Sosa,Nottingham Forest,MID,55,0,11,2025-01-25T15:00:00Z,0,0,0,2,0,0,1,0,0,0,1,2.0,0.3,19.0,2.1,0.02,0.00,0.02,0.76,229,243,23,a,BOU (A),3
653,Felipe,Morato,Nottingham Forest,DEF,45,-1,24,2025-01-25T15:00:00Z,0,0,0,2,0,0,1,0,0,0,-10,0.0,0.3,5.0,0.5,0.10,0.00,0.10,0.82,786,973,23,a,BOU (A),3
14,Aaron,Ramsdale,Southampton,GK,44,0,0,2025-01-25T15:00:00Z,0,0,0,0,0,0,0,0,0,0,0,0.0,0.0,0.0,0.0,0.00,0.00,0.00,0.00,2386,7294,23,d,NEW (H),3
27,Cameron,Archer,Southampton,FWD,50,1,30,2025-01-25T15:00:00Z,0,0,0,0,0,0,0,0,0,0,2,0.0,0.5,6.0,0.6,0.04,0.01,0.05,0.64,4779,14276,23,a,NEW (H),3
188,Lesley,Ugochukwu,Southampton,MID,44,2,78,2025-01-25T15:00:00Z,0,0,0,3,0,0,0,0,0,0,9,8.2,3.3,2.0,1.4,0.02,0.02,0.04,2.62,4277,1350,23,a,NEW (H),3
397,Ryan,Fraser,Southampton,MID,48,1,2,2025-01-25T15:00:00Z,0,0,0,0,0,0,0,0,0,0,3,0.0,0.3,0.0,0.0,0.00,0.00,0.00,0.27,61,62,23,a,NEW (H),3
450,Carlos,Alcaraz,Southampton,MID,49,0,0,2025-01-25T15:00:00Z,0,0,0,0,0,0,0,0,0,0,0,0.0,0.0,0.0,0.0,0.00,0.00,0.00,0.00,0,17,23,u,NEW (H),3
451,Samuel,Amo-Ameyaw,Southampton,MID,44,0,0,2025-01-25T15:00:00Z,0,0,0,0,0,0,0,0,0,0,0,0.0,0.0,0.0,0.0,0.00,0.00,0.00,0.00,364,643,23,a,NEW (H),3
452,Joe,Aribo,Southampton,MID,49,2,87,2025-01-25T15:00:00Z,0,0,0,3,0,0,0,0,0,0,7,0.8,4.0,0.0,0.5,0.00,0.02,0.02,2.66,704,384,23,a,NEW (H),3
453,Adam,Armstrong,Southampton,FWD,51,1,59,2025-01-25T15:00:00Z,0,0,0,3,0,0,0,0,0,0,3,0.6,0.7,8.0,0.9,0.05,0.00,0.05,2.30,8556,13107,23,a,NEW (H),3
454,Gavin,Bazunu,Southampton,GK,43,0,0,2025-01-25T15:00:00Z,0,0,0,0,0,0,0,0,0,0,0,0.0,0.0,0.0,0.0,0.00,0.00,0.00,0.00,222,132,23,a,NEW (H),3
455,Jan,Bednarek,Southampton,DEF,40,7,90,2025-01-25T15:00:00Z,1,0,0,3,0,0,0,0,0,0,16,59.8,0.8,17.0,7.8,0.22,0.00,0.22,2.93,22704,9673,23,a,NEW (H),3
456,Armel,Bella-Kotchap,Southampton,DEF,39,0,0,2025-01-25T15:00:00Z,0,0,0,0,0,0,0,0,0,0,0,0.0,0.0,0.0,0.0,0.00,0.00,0.00,0.00,1003,1562,23,a,NEW (H),3
457,James,Bree,Southampton,DEF,39,4,87,2025-01-25T15:00:00Z,0,1,0,3,0,0,0,0,0,0,17,35.0,26.9,4.0,6.6,0.03,0.14,0.17,2.66,3458,1749,23,a,NEW (H),3
458,Shea,Charles,Southampton,MID,45,0,0,2025-01-25T15:00:00Z,0,0,0,0,0,0,0,0,0,0,0,0.0,0.0,0.0,0.0,0.00,0.00,0.00,0.00,0,29,23,u,NEW (H),3
459,Samuel,Edozie,Southampton,MID,49,0,0,2025-01-25T15:00:00Z,0,0,0,0,0,0,0,0,0,0,0,0.0,0.0,0.0,0.0,0.00,0.00,0.00,0.00,0,6,23,u,NEW (H),3
460,Ronnie,Edwards,Southampton,DEF,39,0,0,2025-01-25T15:00:00Z,0,0,0,0,0,0,0,0,0,0,0,0.0,0.0,0.0,0.0,0.00,0.00,0.00,0.00,0,1753,23,u,NEW (H),3
461,Taylor,Harwood-Bellis,Southampton,DEF,41,1,90,2025-01-25T15:00:00Z,0,0,0,3,0,0,0,0,0,0,6,23.8,15.8,34.0,7.4,0.23,0.07,0.30,2.93,7769,33747,23,a,NEW (H),3
462,Kamaldeen,Kamaldeen,Southampton,MID,50,0,0,2025-01-25T15:00:00Z,0,0,0,0,0,0,0,0,0,0,0,0.0,0.0,0.0,0.0,0.00,0.00,0.00,0.00,219,328,23,d,NEW (H),3
463,Adam,Lallana,Southampton,MID,50,1,2,2025-01-25T15:00:00Z,0,0,0,0,0,0,0,0,0,0,2,0.2,0.3,0.0,0.1,0.00,0.00,0.00,0.27,87,94,23,a,NEW (H),3
464,Juan,Larios,Southampton,DEF,39,0,0,2025-01-25T15:00:00Z,0,0,0,0,0,0,0,0,0,0,0,0.0,0.0,0.0,0.0,0.00,0.00,0.00,0.00,305,162,23,i,NEW (H),3
465,Mateusz,Lis,Southampton,GK,40,0,0,2025-01-25T15:00:00Z,0,0,0,0,0,0,0,0,0,0,0,0.0,0.0,0.0,0.0,0.00,0.00,0.00,0.00,0,138,23,u,NEW (H),3
466,Joe,Lumley,Southampton,GK,40,0,0,2025-01-25T15:00:00Z,0,0,0,0,0,0,0,0,0,0,0,0.0,0.0,0.0,0.0,0.00,0.00,0.00,0.00,921,2437,23,a,NEW (H),3
467,Ryan,Manning,Southampton,DEF,43,0,59,2025-01-25T15:00:00Z,0,0,0,3,0,0,0,0,0,0,-4,15.6,30.7,0.0,4.6,0.00,0.05,0.05,2.30,172,120,23,a,NEW (H),3
468,Sékou,Mara,Southampton,FWD,50,0,0,2025-01-25T15:00:00Z,0,0,0,0,0,0,0,0,0,0,0,0.0,0.0,0.0,0.0,0.00,0.00,0.00,0.00,0,29,23,u,NEW (H),3
469,Alex,McCarthy,Southampton,GK,43,2,90,2025-01-25T15:00:00Z,0,0,0,3,0,0,0,0,5,0,7,39.8,0.0,0.0,4.0,0.00,0.00,0.00,2.93,459,277,23,a,NEW (H),3
470,Paul,Onuachu,Southampton,FWD,49,2,90,2025-01-25T15:00:00Z,0,0,0,3,0,0,0,0,0,0,6,14.2,26.1,6.0,4.6,0.00,0.06,0.06,2.93,6467,2179,23,a,NEW (H),3
471,Will,Smallbone,Southampton,MID,50,1,11,2025-01-25T15:00:00Z,0,0,0,0,0,0,0,0,0,0,3,2.2,0.3,0.0,0.3,0.00,0.00,0.00,0.31,48,42,23,a,NEW (H),3
472,Jack,Stephens,Southampton,DEF,40,0,0,2025-01-25T15:00:00Z,0,0,0,0,0,0,0,0,0,0,0,0.0,0.0,0.0,0.0,0.00,0.00,0.00,0.00,143,2420,23,d,NEW (H),3
473,Ross,Stewart,Southampton,FWD,44,0,0,2025-01-25T15:00:00Z,0,0,0,0,0,0,0,0,0,0,0,0.0,0.0,0.0,0.0,0.00,0.00,0.00,0.00,22393,22926,23,i,NEW (H),3
474,Sugawara,Sugawara,Southampton,DEF,43,1,30,2025-01-25T15:00:00Z,0,0,0,0,0,0,0,0,0,0,2,4.4,1.3,2.0,0.8,0.00,0.01,0.01,0.64,381,527,23,a,NEW (H),3
475,Charlie,Taylor,Southampton,DEF,39,0,0,2025-01-25T15:00:00Z,0,0,0,0,0,0,0,0,0,0,0,0.0,0.0,0.0,0.0,0.00,0.00,0.00,0.00,3944,14801,23,a,NEW (H),3
476,Kyle,Walker-Peters,Southampton,DEF,43,1,90,2025-01-25T15:00:00Z,0,0,0,3,0,0,0,0,0,0,0,9.8,28.8,8.0,4.7,0.03,0.03,0.06,2.93,1502,1359,23,a,NEW (H),3
477,Nathan,Wood,Southampton,DEF,40,0,0,2025-01-25T15:00:00Z,0,0,0,0,0,0,0,0,0,0,0,0.0,0.0,0.0,0.0,0.00,0.00,0.00,0.00,1009,4255,23,a,NEW (H),3
515,Maxwel,Cornet,Southampton,MID,47,0,0,2025-01-25T15:00:00Z,0,0,0,0,0,0,0,0,0,0,0,0.0,0.0,0.0,0.0,0.00,0.00,0.00,0.00,13,85,23,u,NEW (H),3
518,Flynn,Downes,Southampton,MID,47,0,0,2025-01-25T15:00:00Z,0,0,0,0,0,0,0,0,0,0,0,0.0,0.0,0.0,0.0,0.00,0.00,0.00,0.00,225,215,23,a,NEW (H),3
584,Ben,Brereton Díaz,Southampton,MID,48,0,0,2025-01-25T15:00:00Z,0,0,0,0,0,0,0,0,0,0,0,0.0,0.0,0.0,0.0,0.00,0.00,0.00,0.00,40,466,23,u,NEW (H),3
608,Tyler,Dibling,Southampton,MID,45,0,0,2025-01-25T15:00:00Z,0,0,0,0,0,0,0,0,0,0,0,0.0,0.0,0.0,0.0,0.00,0.00,0.00,0.00,5767,42985,23,i,NEW (H),3
623,Mateus Gonçalo,M.Fernandes,Southampton,MID,50,1,90,2025-01-25T15:00:00Z,0,0,0,3,0,0,1,0,0,0,15,16.4,22.1,24.0,6.3,0.14,0.11,0.25,2.93,1566,383,23,a,NEW (H),3
693,Joseph,O'Brien-Whitmarsh,Southampton,MID,45,0,0,2025-01-25T15:00:00Z,0,0,0,0,0,0,0,0,0,0,0,0.0,0.0,0.0,0.0,0.00,0.00,0.00,0.00,70,66,23,a,NEW (H),3
82,Dominic,Solanke,Spurs,FWD,74,0,0,2025-01-26T14:00:00Z,0,0,0,0,0,0,0,0,0,0,0,0.0,0.0,0.0,0.0,0.00,0.00,0.00,0.00,10427,320175,23,i,LEI (H),2
478,Ashley,A.Phillips,Spurs,DEF,40,0,0,2025-01-26T14:00:00Z,0,0,0,0,0,0,0,0,0,0,0,0.0,0.0,0.0,0.0,0.00,0.00,0.00,0.00,0,232,23,u,LEI (H),2
479,Brandon,Austin,Spurs,GK,40,0,0,2025-01-26T14:00:00Z,0,0,0,0,0,0,0,0,0,0,0,0.0,0.0,0.0,0.0,0.00,0.00,0.00,0.00,961,1298,23,a,LEI (H),2
480,Rodrigo,Bentancur,Spurs,MID,49,2,90,2025-01-26T14:00:00Z,0,0,0,2,0,0,0,0,0,0,11,16.2,3.7,6.0,2.6,0.05,0.02,0.07,1.56,443,283,23,a,LEI (H),2
481,Lucas,Bergvall,Spurs,MID,44,2,90,2025-01-26T14:00:00Z,0,0,0,2,0,0,0,0,0,0,18,12.0,24.2,9.0,4.5,0.05,0.04,0.09,1.56,13080,7524,23,a,LEI (H),2
482,Yves,Bissouma,Spurs,MID,49,0,0,2025-01-26T14:00:00Z,0,0,0,0,0,0,0,0,0,0,0,0.0,0.0,0.0,0.0,0.00,0.00,0.00,0.00,57,1864,23,a,LEI (H),2
483,Bryan,Bryan,Spurs,MID,50,0,0,2025-01-26T14:00:00Z,0,0,0,0,0,0,0,0,0,0,0,0.0,0.0,0.0,0.0,0.00,0.00,0.00,0.00,0,1,23,u,LEI (H),2
484,Ben,Davies,Spurs,DEF,43,1,90,2025-01-26T14:00:00Z,0,0,0,2,0,0,0,0,0,0,4,20.2,1.6,4.0,2.6,0.07,0.01,0.08,1.56,940,212,23,a,LEI (H),2
485,Alfie,Devine,Spurs,MID,45,0,0,2025-01-26T14:00:00Z,0,0,0,0,0,0,0,0,0,0,0,0.0,0.0,0.0,0.0,0.00,0.00,0.00,0.00,0,58,23,u,LEI (H),2
486,Radu,Dragusin,Spurs,DEF,43,1,90,2025-01-26T14:00:00Z,0,0,0,2,0,0,0,0,0,0,6,26.8,25.3,8.0,6.0,0.03,0.07,0.10,1.56,2497,2631,23,a,LEI (H),2
487,Emerson,E.Royal,Spurs,DEF,45,0,0,2025-01-26T14:00:00Z,0,0,0,0,0,0,0,0,0,0,0,0.0,0.0,0.0,0.0,0.00,0.00,0.00,0.00,0,9,23,u,LEI (H),2
488,Fraser,Forster,Spurs,GK,43,0,0,2025-01-26T14:00:00Z,0,0,0,0,0,0,0,0,0,0,0,0.0,0.0,0.0,0.0,0.00,0.00,0.00,0.00,835,7085,23,a,LEI (H),2
489,Archie,Gray,Spurs,MID,46,2,90,2025-01-26T14:00:00Z,0,0,0,2,0,0,0,0,0,0,10,4.0,3.8,4.0,1.2,0.00,0.02,0.02,1.56,2494,2477,23,a,LEI (H),2
490,Pierre-Emile,Højbjerg,Spurs,MID,50,0,0,2025-01-26T14:00:00Z,0,0,0,0,0,0,0,0,0,0,0,0.0,0.0,0.0,0.0,0.00,0.00,0.00,0.00,0,0,23,u,LEI (H),2
491,Brennan,Johnson,Spurs,MID,63,0,0,2025-01-26T14:00:00Z,0,0,0,0,0,0,0,0,0,0,0,0.0,0.0,0.0,0.0,0.00,0.00,0.00,0.00,399,154572,23,i,LEI (H),2
492,Dejan,Kulusevski,Spurs,MID,64,2,90,2025-01-26T14:00:00Z,0,0,0,2,0,0,0,0,0,0,8,13.6,32.5,23.0,6.9,0.07,0.05,0.12,1.56,104493,48399,23,a,LEI (H),2
493,Giovani,Lo Celso,Spurs,MID,49,0,0,2025-01-26T14:00:00Z,0,0,0,0,0,0,0,0,0,0,0,0.0,0.0,0.0,0.0,0.00,0.00,0.00,0.00,0,7,23,u,LEI (H),2
494,James,Maddison,Spurs,MID,75,0,0,2025-01-26T14:00:00Z,0,0,0,0,0,0,0,0,0,0,0,0.0,0.0,0.0,0.0,0.00,0.00,0.00,0.00,29905,82862,23,i,LEI (H),2
495,Pedro,Pedro Porro,Spurs,DEF,54,6,90,2025-01-26T14:00:00Z,0,1,0,2,0,0,0,0,0,2,32,46.8,40.3,24.0,11.1,0.17,0.52,0.69,1.56,47911,139269,23,a,LEI (H),2
496,Sergio,Reguilón,Spurs,DEF,42,0,36,2025-01-26T14:00:00Z,0,0,0,0,0,0,1,0,0,0,0,4.6,1.5,2.0,0.8,0.00,0.01,0.01,0.00,477,509,23,a,LEI (H),2
497,Richarlison,Richarlison,Spurs,FWD,68,5,53,2025-01-26T14:00:00Z,1,0,0,2,0,0,0,0,0,0,28,36.2,1.3,35.0,7.3,0.47,0.00,0.47,1.56,15167,1529,23,d,LEI (H),2
498,Cristian,Romero,Spurs,DEF,49,0,0,2025-01-26T14:00:00Z,0,0,0,0,0,0,0,0,0,0,0,0.0,0.0,0.0,0.0,0.00,0.00,0.00,0.00,185,7352,23,i,LEI (H),2
499,Pape Matar,P.M.Sarr,Spurs,MID,48,1,53,2025-01-26T14:00:00Z,0,0,0,2,0,0,0,0,0,0,7,11.8,1.4,7.0,2.0,0.04,0.00,0.04,1.56,846,3495,23,a,LEI (H),2
500,Dane,Scarlett,Spurs,FWD,45,0,0,2025-01-26T14:00:00Z,0,0,0,0,0,0,0,0,0,0,0,0.0,0.0,0.0,0.0,0.00,0.00,0.00,0.00,0,80,23,u,LEI (H),2
502,Manor,Solomon,Spurs,MID,54,0,0,2025-01-26T14:00:00Z,0,0,0,0,0,0,0,0,0,0,0,0.0,0.0,0.0,0.0,0.00,0.00,0.00,0.00,0,17,23,u,LEI (H),2
503,Son,Son,Spurs,MID,98,2,90,2025-01-26T14:00:00Z,0,0,0,2,0,0,0,0,0,0,16,14.4,25.1,11.0,5.1,0.05,0.03,0.08,1.56,54613,34847,23,a,LEI (H),2
504,Djed,Spence,Spurs,DEF,44,0,0,2025-01-26T14:00:00Z,0,0,0,0,0,0,0,0,0,0,0,0.0,0.0,0.0,0.0,0.00,0.00,0.00,0.00,2091,1814,23,d,LEI (H),2
505,Destiny,Udogie,Spurs,DEF,48,0,0,2025-01-26T14:00:00Z,0,0,0,0,0,0,0,0,0,0,0,0.0,0.0,0.0,0.0,0.00,0.00,0.00,0.00,61,11768,23,i,LEI (H),2
506,Micky,Van de Ven,Spurs,DEF,45,0,0,2025-01-26T14:00:00Z,0,0,0,0,0,0,0,0,0,0,0,0.0,0.0,0.0,0.0,0.00,0.00,0.00,0.00,423,7622,23,a,LEI (H),2
507,Alejo,Veliz,Spurs,FWD,50,0,0,2025-01-26T14:00:00Z,0,0,0,0,0,0,0,0,0,0,0,0.0,0.0,0.0,0.0,0.00,0.00,0.00,0.00,0,4,23,u,LEI (H),2
508,Guglielmo,Vicario,Spurs,GK,48,0,0,2025-01-26T14:00:00Z,0,0,0,0,0,0,0,0,0,0,0,0.0,0.0,0.0,0.0,0.00,0.00,0.00,0.00,112,3642,23,i,LEI (H),2
509,Timo,Werner,Spurs,MID,62,0,0,2025-01-26T14:00:00Z,0,0,0,0,0,0,0,0,0,0,0,0.0,0.0,0.0,0.0,0.00,0.00,0.00,0.00,34,539,23,i,LEI (H),2
510,Alfie,Whiteman,Spurs,GK,40,0,0,2025-01-26T14:00:00Z,0,0,0,0,0,0,0,0,0,0,0,0.0,0.0,0.0,0.0,0.00,0.00,0.00,0.00,182,1751,23,a,LEI (H),2
609,Will,Lankshear,Spurs,FWD,45,1,1,2025-01-26T14:00:00Z,0,0,0,0,0,0,0,0,0,0,1,0.0,0.0,0.0,0.0,0.00,0.00,0.00,0.00,3459,10140,23,a,LEI (H),2
610,Mikey,Moore,Spurs,MID,45,1,36,2025-01-26T14:00:00Z,0,0,0,0,0,0,0,0,0,0,-2,1.2,2.0,6.0,0.9,0.04,0.01,0.05,0.00,2986,524,23,a,LEI (H),2
612,Wilson,Odobert,Spurs,MID,53,0,0,2025-01-26T14:00:00Z,0,0,0,0,0,0,0,0,0,0,0,0.0,0.0,0.0,0.0,0.00,0.00,0.00,0.00,10,29,23,i,LEI (H),2
683,Callum,Olusesi,Spurs,MID,45,0,0,2025-01-26T14:00:00Z,0,0,0,0,0,0,0,0,0,0,0,0.0,0.0,0.0,0.0,0.00,0.00,0.00,0.00,61,60,23,a,LEI (H),2
684,Malachi,Hardy,Spurs,DEF,40,0,0,2025-01-26T14:00:00Z,0,0,0,0,0,0,0,0,0,0,0,0.0,0.0,0.0,0.0,0.00,0.00,0.00,0.00,145,139,23,a,LEI (H),2
689,Luca,Williams-Barnett,Spurs,MID,45,0,0,2025-01-26T14:00:00Z,0,0,0,0,0,0,0,0,0,0,0,0.0,0.0,0.0,0.0,0.00,0.00,0.00,0.00,0,84,23,u,LEI (H),2
388,Aaron,Wan-Bissaka,West Ham,DEF,45,2,90,2025-01-26T16:30:00Z,0,0,0,1,0,0,0,0,0,0,14,31.2,40.3,2.0,7.4,0.00,0.11,0.11,0.85,6963,54141,23,a,AVL (A),4
511,Edson,Álvarez,West Ham,MID,50,4,88,2025-01-26T16:30:00Z,0,1,0,1,0,0,1,0,0,0,14,33.2,16.4,5.0,5.5,0.10,0.18,0.28,0.83,274,415,23,a,AVL (A),4
512,Michail,Antonio,West Ham,FWD,53,0,0,2025-01-26T16:30:00Z,0,0,0,0,0,0,0,0,0,0,0,0.0,0.0,0.0,0.0,0.00,0.00,0.00,0.00,83,2814,23,i,AVL (A),4
513,Alphonse,Areola,West Ham,GK,42,3,90,2025-01-26T16:30:00Z,0,0,0,1,0,0,0,0,3,0,10,24.6,0.0,0.0,2.5,0.00,0.00,0.00,0.85,2018,13629,23,a,AVL (A),4
514,Jarrod,Bowen,West Ham,MID,73,0,0,2025-01-26T16:30:00Z,0,0,0,0,0,0,0,0,0,0,0,0.0,0.0,0.0,0.0,0.00,0.00,0.00,0.00,292,19647,23,d,AVL (A),4
516,Vladimír,Coufal,West Ham,DEF,42,3,90,2025-01-26T16:30:00Z,0,0,0,1,0,0,0,0,0,1,17,32.0,16.2,2.0,5.0,0.00,0.29,0.29,0.85,318,1420,23,a,AVL (A),4
517,Aaron,Cresswell,West Ham,DEF,39,1,90,2025-01-26T16:30:00Z,0,0,0,1,0,0,1,0,0,0,6,13.2,20.2,0.0,3.3,0.00,0.28,0.28,0.85,6634,5630,23,a,AVL (A),4
519,George,Earthy,West Ham,MID,45,0,0,2025-01-26T16:30:00Z,0,0,0,0,0,0,0,0,0,0,0,0.0,0.0,0.0,0.0,0.00,0.00,0.00,0.00,0,40,23,u,AVL (A),4
520,Emerson,Emerson,West Ham,DEF,44,10,74,2025-01-26T16:30:00Z,1,0,0,1,0,0,0,0,0,2,20,40.8,12.2,54.0,10.7,0.35,0.19,0.54,0.78,472,5059,23,a,AVL (A),4
521,Łukasz,Fabianski,West Ham,GK,41,0,0,2025-01-26T16:30:00Z,0,0,0,0,0,0,0,0,0,0,0,0.0,0.0,0.0,0.0,0.00,0.00,0.00,0.00,28582,37979,23,a,AVL (A),4
522,Wes,Foderingham,West Ham,GK,43,0,0,2025-01-26T16:30:00Z,0,0,0,0,0,0,0,0,0,0,0,0.0,0.0,0.0,0.0,0.00,0.00,0.00,0.00,139,433,23,a,AVL (A),4
523,Danny,Ings,West Ham,FWD,50,1,15,2025-01-26T16:30:00Z,0,0,0,0,0,0,0,0,0,0,5,1.4,10.2,5.0,1.7,0.12,0.00,0.12,0.07,4822,9549,23,a,AVL (A),4
524,Max,Kilman,West Ham,DEF,43,2,90,2025-01-26T16:30:00Z,0,0,0,1,0,0,0,0,0,0,15,28.4,0.5,6.0,3.5,0.00,0.02,0.02,0.85,592,6567,23,a,AVL (A),4
525,Mohammed,Kudus,West Ham,MID,62,2,90,2025-01-26T16:30:00Z,0,0,0,1,0,0,0,0,0,0,8,11.4,14.3,20.0,4.6,0.08,0.03,0.11,0.85,3887,22675,23,a,AVL (A),4
526,Luis Guilherme,L.Guilherme,West Ham,MID,46,0,0,2025-01-26T16:30:00Z,0,0,0,0,0,0,0,0,0,0,0,0.0,0.0,0.0,0.0,0.00,0.00,0.00,0.00,55,74,23,a,AVL (A),4
527,Lucas,L.Paquetá,West Ham,MID,57,2,90,2025-01-26T16:30:00Z,0,0,0,1,0,0,0,0,0,0,-2,6.6,9.4,21.0,3.7,0.44,0.03,0.47,0.85,1623,9661,23,a,AVL (A),4
528,Konstantinos,Mavropanos,West Ham,DEF,43,0,0,2025-01-26T16:30:00Z,0,0,0,0,0,0,0,0,0,0,0,0.0,0.0,0.0,0.0,0.00,0.00,0.00,0.00,44,1627,23,a,AVL (A),4
529,Nayef,N.Aguerd,West Ham,DEF,44,0,0,2025-01-26T16:30:00Z,0,0,0,0,0,0,0,0,0,0,0,0.0,0.0,0.0,0.0,0.00,0.00,0.00,0.00,0,43,23,u,AVL (A),4
530,Tomáš,Souček,West Ham,MID,49,1,90,2025-01-26T16:30:00Z,0,0,0,1,0,0,1,0,0,0,10,18.0,4.6,23.0,4.6,0.08,0.12,0.20,0.85,9871,14204,23,a,AVL (A),4
532,Kurt,Zouma,West Ham,DEF,44,0,0,2025-01-26T16:30:00Z,0,0,0,0,0,0,0,0,0,0,0,0.0,0.0,0.0,0.0,0.00,0.00,0.00,0.00,0,130,23,u,AVL (A),4
576,Andy,Irving,West Ham,MID,48,1,1,2025-01-26T16:30:00Z,0,0,0,0,0,0,0,0,0,0,8,5.2,0.3,9.0,1.5,0.07,0.00,0.07,0.02,38,50,23,a,AVL (A),4
587,Crysencio,Summerville,West Ham,MID,56,0,0,2025-01-26T16:30:00Z,0,0,0,0,0,0,0,0,0,0,0,0.0,0.0,0.0,0.0,0.00,0.00,0.00,0.00,54,1598,23,d,AVL (A),4
588,Guido,G.Rodríguez,West Ham,MID,48,1,1,2025-01-26T16:30:00Z,0,0,0,0,0,0,0,0,0,0,3,0.0,0.0,0.0,0.0,0.00,0.00,0.00,0.00,144,165,23,a,AVL (A),4
589,Niclas,Füllkrug,West Ham,FWD,67,0,0,2025-01-26T16:30:00Z,0,0,0,0,0,0,0,0,0,0,0,0.0,0.0,0.0,0.0,0.00,0.00,0.00,0.00,48,1600,23,i,AVL (A),4
591,Jean-Clair,Todibo,West Ham,DEF,42,0,0,2025-01-26T16:30:00Z,0,0,0,0,0,0,0,0,0,0,0,0.0,0.0,0.0,0.0,0.00,0.00,0.00,0.00,35,1171,23,i,AVL (A),4
643,Kaelan,Casey,West Ham,DEF,40,0,0,2025-01-26T16:30:00Z,0,0,0,0,0,0,0,0,0,0,0,0.0,0.0,0.0,0.0,0.00,0.00,0.00,0.00,143,498,23,a,AVL (A),4
654,Carlos,C.Soler,West Ham,MID,50,2,74,2025-01-26T16:30:00Z,0,0,0,1,0,0,0,0,0,0,3,0.8,7.2,7.0,1.5,0.08,0.03,0.11,0.78,262,912,23,a,AVL (A),4
677,Ollie,Scarles,West Ham,DEF,40,1,15,2025-01-26T16:30:00Z,0,0,0,0,0,0,0,0,0,0,9,7.2,0.6,0.0,0.8,0.00,0.00,0.00,0.07,330,220,23,a,AVL (A),4
686,Ezra,Mayers,West Ham,DEF,40,0,0,2025-01-26T16:30:00Z,0,0,0,0,0,0,0,0,0,0,0,0.0,0.0,0.0,0.0,0.00,0.00,0.00,0.00,91,309,23,a,AVL (A),4
204,Sam,Johnstone,Wolves,GK,42,0,0,2025-01-25T15:00:00Z,0,0,0,0,0,0,0,0,0,0,0,0.0,0.0,0.0,0.0,0.00,0.00,0.00,0.00,189,1102,23,a,ARS (H),5
533,Rayan,Aït-Nouri,Wolves,DEF,47,2,86,2025-01-25T15:00:00Z,0,0,0,1,0,0,0,0,0,0,8,14.8,3.5,17.0,3.5,0.08,0.01,0.09,1.00,8640,61117,23,a,ARS (H),5
534,Boubacar,B.Traore,Wolves,MID,48,0,0,2025-01-25T15:00:00Z,0,0,0,0,0,0,0,0,0,0,0,0.0,0.0,0.0,0.0,0.00,0.00,0.00,0.00,13,45,23,d,ARS (H),5
535,Jean-Ricner,Bellegarde,Wolves,MID,49,1,15,2025-01-25T15:00:00Z,0,0,0,0,0,0,0,0,0,0,3,2.6,1.3,2.0,0.6,0.00,0.02,0.02,0.00,44,190,23,a,ARS (H),5
536,Daniel,Bentley,Wolves,GK,39,0,0,2025-01-25T15:00:00Z,0,0,0,0,0,0,0,0,0,0,0,0.0,0.0,0.0,0.0,0.00,0.00,0.00,0.00,7744,3558,23,a,ARS (H),5
537,Francisco Jorge,Chiquinho,Wolves,MID,45,0,0,2025-01-25T15:00:00Z,0,0,0,0,0,0,0,0,0,0,0,0.0,0.0,0.0,0.0,0.00,0.00,0.00,0.00,0,130,23,u,ARS (H),5
538,Tawanda,Chirewa,Wolves,MID,45,0,0,2025-01-25T15:00:00Z,0,0,0,0,0,0,0,0,0,0,0,0.0,0.0,0.0,0.0,0.00,0.00,0.00,0.00,0,35,23,u,ARS (H),5
539,Leon,Chiwome,Wolves,FWD,45,0,0,2025-01-25T15:00:00Z,0,0,0,0,0,0,0,0,0,0,0,0.0,0.0,0.0,0.0,0.00,0.00,0.00,0.00,5891,13487,23,a,ARS (H),5
540,Luke,Cundle,Wolves,MID,45,0,0,2025-01-25T15:00:00Z,0,0,0,0,0,0,0,0,0,0,0,0.0,0.0,0.0,0.0,0.00,0.00,0.00,0.00,150,485,23,a,ARS (H),5
541,Matheus,Cunha,Wolves,FWD,69,2,90,2025-01-25T15:00:00Z,0,0,0,1,0,0,0,0,0,0,11,9.8,15.8,24.0,5.0,0.13,0.03,0.16,1.00,36131,226592,23,a,ARS (H),5
542,Craig,Dawson,Wolves,DEF,43,0,0,2025-01-25T15:00:00Z,0,0,0,0,0,0,0,0,0,0,0,0.0,0.0,0.0,0.0,0.00,0.00,0.00,0.00,116,457,23,a,ARS (H),5
543,Matt,Doherty,Wolves,DEF,43,2,86,2025-01-25T15:00:00Z,0,0,0,1,0,0,0,0,0,0,12,25.6,22.2,0.0,4.8,0.00,0.01,0.01,1.00,3244,1704,23,a,ARS (H),5
544,Tommy,Doyle,Wolves,MID,48,1,3,2025-01-25T15:00:00Z,0,0,0,0,0,0,0,0,0,0,3,0.4,0.0,0.0,0.0,0.00,0.00,0.00,0.00,68,146,23,a,ARS (H),5
545,Fábio,Fábio Silva,Wolves,FWD,50,0,0,2025-01-25T15:00:00Z,0,0,0,0,0,0,0,0,0,0,0,0.0,0.0,0.0,0.0,0.00,0.00,0.00,0.00,0,80,23,u,ARS (H),5
546,Nathan,Fraser,Wolves,FWD,45,0,0,2025-01-25T15:00:00Z,0,0,0,0,0,0,0,0,0,0,0,0.0,0.0,0.0,0.0,0.00,0.00,0.00,0.00,0,2682,23,u,ARS (H),5
547,Enso,Gonzalez,Wolves,MID,44,0,0,2025-01-25T15:00:00Z,0,0,0,0,0,0,0,0,0,0,0,0.0,0.0,0.0,0.0,0.00,0.00,0.00,0.00,176,367,23,i,ARS (H),5
548,Gonçalo Manuel,Guedes,Wolves,MID,53,1,3,2025-01-25T15:00:00Z,0,0,0,0,0,0,0,0,0,0,1,0.0,0.3,0.0,0.0,0.00,0.00,0.00,0.00,330,1810,23,a,ARS (H),5
549,Hugo,H.Bueno,Wolves,DEF,45,0,0,2025-01-25T15:00:00Z,0,0,0,0,0,0,0,0,0,0,0,0.0,0.0,0.0,0.0,0.00,0.00,0.00,0.00,0,9,23,u,ARS (H),5
550,Hwang,Hee Chan,Wolves,MID,61,1,58,2025-01-25T15:00:00Z,0,0,0,1,0,0,0,0,0,0,12,17.4,12.3,13.0,4.3,0.02,0.02,0.04,0.72,537,2574,23,a,ARS (H),5
551,Joe,Hodge,Wolves,MID,45,0,0,2025-01-25T15:00:00Z,0,0,0,0,0,0,0,0,0,0,0,0.0,0.0,0.0,0.0,0.00,0.00,0.00,0.00,0,269,23,u,ARS (H),5
552,Ki-Jana,Hoever,Wolves,DEF,40,0,0,2025-01-25T15:00:00Z,0,0,0,0,0,0,0,0,0,0,0,0.0,0.0,0.0,0.0,0.00,0.00,0.00,0.00,0,188,23,u,ARS (H),5
553,João Victor,J.Gomes,Wolves,MID,49,-1,69,2025-01-25T15:00:00Z,0,0,0,1,0,0,0,1,0,0,-2,0.0,3.9,0.0,0.3,0.00,0.01,0.01,0.90,727,3525,23,s,ARS (H),5
554,José,José Sá,Wolves,GK,43,2,90,2025-01-25T15:00:00Z,0,0,0,1,0,0,0,0,2,0,9,20.4,10.0,0.0,3.0,0.00,0.00,0.00,1.00,6135,8336,23,a,ARS (H),5
555,Saša,Kalajdžić,Wolves,FWD,48,0,0,2025-01-25T15:00:00Z,0,0,0,0,0,0,0,0,0,0,0,0.0,0.0,0.0,0.0,0.00,0.00,0.00,0.00,113,224,23,i,ARS (H),5
556,Tom,King,Wolves,GK,40,0,0,2025-01-25T15:00:00Z,0,0,0,0,0,0,0,0,0,0,0,0.0,0.0,0.0,0.0,0.00,0.00,0.00,0.00,323,2484,23,a,ARS (H),5
557,Mario,Mario Jr.,Wolves,MID,49,0,0,2025-01-25T15:00:00Z,0,0,0,0,0,0,0,0,0,0,0,0.0,0.0,0.0,0.0,0.00,0.00,0.00,0.00,68,1071,23,a,ARS (H),5
558,Yerson,Mosquera,Wolves,DEF,39,0,0,2025-01-25T15:00:00Z,0,0,0,0,0,0,0,0,0,0,0,0.0,0.0,0.0,0.0,0.00,0.00,0.00,0.00,296,1369,23,i,ARS (H),5
559,Nélson,N.Semedo,Wolves,DEF,45,2,90,2025-01-25T15:00:00Z,0,0,0,1,0,0,0,0,0,0,10,21.8,35.4,2.0,5.9,0.00,0.04,0.04,1.00,863,2064,23,a,ARS (H),5
561,Pedro,Pedro Lima,Wolves,DEF,39,0,0,2025-01-25T15:00:00Z,0,0,0,0,0,0,0,0,0,0,0,0.0,0.0,0.0,0.0,0.00,0.00,0.00,0.00,3663,4191,23,a,ARS (H),5
562,Daniel,Podence,Wolves,MID,55,0,0,2025-01-25T15:00:00Z,0,0,0,0,0,0,0,0,0,0,0,0.0,0.0,0.0,0.0,0.00,0.00,0.00,0.00,0,8,23,u,ARS (H),5
563,Rodrigo,R.Gomes,Wolves,MID,51,1,3,2025-01-25T15:00:00Z,0,0,0,0,0,0,0,0,0,0,2,0.0,0.0,2.0,0.1,0.00,0.00,0.00,0.00,99,242,23,a,ARS (H),5
564,Santiago,S.Bueno,Wolves,DEF,43,2,90,2025-01-25T15:00:00Z,0,0,0,1,0,0,0,0,0,0,9,14.4,1.0,0.0,1.5,0.00,0.00,0.00,1.00,187,284,23,a,ARS (H),5
565,Pablo,Sarabia,Wolves,MID,50,2,74,2025-01-25T15:00:00Z,0,0,0,1,0,0,0,0,0,0,3,0.0,2.8,8.0,1.1,0.50,0.01,0.51,1.00,122,113,23,a,ARS (H),5
566,Jørgen,Strand Larsen,Wolves,FWD,53,1,31,2025-01-25T15:00:00Z,0,0,0,0,0,0,0,0,0,0,2,0.0,0.3,0.0,0.0,0.00,0.00,0.00,0.28,10304,43142,23,d,ARS (H),5
567,Toti António,Toti,Wolves,DEF,43,0,0,2025-01-25T15:00:00Z,0,0,0,0,0,0,0,0,0,0,0,0.0,0.0,0.0,0.0,0.00,0.00,0.00,0.00,23,1426,23,a,ARS (H),5
637,Bastien,Meupiyou,Wolves,DEF,39,0,0,2025-01-25T15:00:00Z,0,0,0,0,0,0,0,0,0,0,0,0.0,0.0,0.0,0.0,0.00,0.00,0.00,0.00,3182,1171,23,a,ARS (H),5
642,André,André,Wolves,MID,50,2,86,2025-01-25T15:00:00Z,0,0,0,1,0,0,0,0,0,0,17,18.2,2.2,0.0,2.0,0.00,0.01,0.01,1.00,80,137,23,a,ARS (H),5
655,Carlos Roberto,Forbs,Wolves,MID,55,0,0,2025-01-25T15:00:00Z,0,0,0,0,0,0,0,0,0,0,0,0.0,0.0,0.0,0.0,0.00,0.00,0.00,0.00,65,130,23,d,ARS (H),5
664,Alfie,Pond,Wolves,DEF,39,0,0,2025-01-25T15:00:00Z,0,0,0,0,0,0,0,0,0,0,0,0.0,0.0,0.0,0.0,0.00,0.00,0.00,0.00,7560,5104,23,a,ARS (H),5
682,Tom,Edozie,Wolves,MID,45,0,0,2025-01-25T15:00:00Z,0,0,0,0,0,0,0,0,0,0,0,0.0,0.0,0.0,0.0,0.00,0.00,0.00,0.00,142,136,23,a,ARS (H),5
